0x0009547d
00000000000000000000000000000000000000000000000000000000000000000000000000000000000000000000000000000000000000000000000000000000
00000000111110011111111111100111110011111000000000000000000000000000000000000000000000000000000000000000000000000000000000000000
00000000333330033333333333300111110011111000000000000000000000000000000000000000000000000000000000000000000000000000000000000000
00000000333330033333221111100111110011111000000000000000000000000000000000000000000000000000000000000000000000000000000000000000
00000000222220022222222222200222220011111000000000000000000000000000000000000000000000000000000000000000000000000000000000000000
00000000111110011111111111100111110011111000000000000000000000000000000000000000000000000000000000000000000000000000000000000000
00000000111110011111111111100111110011111000000000000000000000000000330000003333003333300333003300303300003333303333000000000000
00000000333110011111111111100111110011111000000000000000000003030003330000003300303300003300303300303300003300303300300000000000
00000000222330033333000000000111110011111000000000000000000033333000330000003300303300003300003300303300003300303300300000000000
00000000222220022222000000000111110011111000000000000000000003030000330000003333303333003303303300303300003333303333300000000000
00000000111110011111000000000111110011111000000000000000000033333000330000003303003300003300303300303300003300303303000000000000
00000000113330033333000000000333330333333000000000000000000003030000330000003300303300003300303300303300003300303300300000000000
00000000333330033333333330000333333333333000000000000000000000000003333000003300303333300333300333003333303300303300300000000000
03333300333330022223333220000222222222222000000000000000000000000000000000000000000000000000000000000000000000000000000000000000
02222200222220022222222220000222222222220000000000000000000000000000000000000000000000000000000000000000000000000000000000000000
01111100111110011111111110000111111111100000000000000000000000000000000000000000000000000000000000000000000000000000000000000000
03333300333330033333333110000111111111110000000000000000000000000000000000000000000000000000000000000000000000000000000000000000
03333300333320011111111110000111111111111000000000000000000000000000000000000000000000000000000000000000000000000000000000000000
02222200222220022211111110000111111111111000000000000000033300003000000333000333000003330003330003330000033300033300033300000000
01111100111110011111000000000111110111111000000000000000300330003000003300303300300033003033003033003000330030330030330030000000
01111100111110011111000000000333330033333000000000000000000330003003303300303300300033003033003033003000330030330030330030000000
01111100111110011111000000000333330033333000000000000000003300003003303300303300300033003033003033003000330030330030330030000000
01111100111110011122000000000333330033333000000000000000033000003333303300303300300033003033003033003000330030330030330030000000
01111111112220022222222222200222220022222000000000000000330000300003303300303300303033003033003033003030330030330030330030000000
01111111111110011111111111100111110011111000000000000000333330300003300333000333003003330003330003330030033300033300033300000000
01111111111110033333333333300333330033333000000000000000000000000000000000000000000000000000000000000000000000000000000000000000
03333333333330033333333333300333330033333000000000000000000000000000000000000000000000000000000000000000000000000000000000000000
02222233333330033333222233300222220022222000000000000000000000000000000000000000000000000000000000000000000000000000000000000000
00222222222200022222222222200222220022222000000000000000000000000000000000000000000000000000000000000000000000000000000000000000
00011111111000011111111111100111110011111000000000000000000000000000000000000000000000000000000000000000000000000000000000000000
00000000000000000000000000000000000000000000000000000000000000000000000000000000000000000000000000000000000000000000000000000000
00000000000000000000000000000000000000000000000000000000000000000000000000000000000000000000000000000000000000000000000000000000

0x00095538
00000000000000000000000000000000000000000000000000000000000000000000000000000000000000000000000000000000000000000000000000000000
00000000111110011111111111100111110011111000000000000000000000000000000000000000000000000000000000000000000000000000000000000000
00000000111110011133333333300333330033333000000000000000000000000000000000000000000000000000000000000000000000000000000000000000
00000000111110011111122223300333330033333000000000000000000000000000000000000000000000000000000000000000000000000000000000000000
00000000112220022222222222200222220022222000000000000000000000000000000000000000000000000000000000000000000000000000000000000000
00000000111110011111111111100111110011111000000000000000000000000000000000000000000000000000000000000000000000000000000000000000
00000000111110011111111111100111110011111000000000000000000000000000330000003333003333300333003300303300003333303333000000000000
00000000333330033333333333300333330011111000000000000000000003030003330000003300303300003300303300303300003300303300300000000000
00000000333330022222000000000222220033333000000000000000000033333000330000003300303300003300003300303300003300303300300000000000
00000000222220022222000000000222220022222000000000000000000003030000330000003333303333003303303300303300003333303333300000000000
00000000111110011111000000000111110011111000000000000000000033333000330000003303003300003300303300303300003300303303000000000000
00000000111110011111000000000111330333333000000000000000000003030000330000003300303300003300303300303300003300303300300000000000
00000000113330033333333330000333333333333000000000000000000000000003333000003300303333300333300333003333303300303300300000000000
01111100111110022222222330000333333332222000000000000000000000000000000000000000000000000000000000000000000000000000000000000000
01111200222220022222222220000222222222220000000000000000000000000000000000000000000000000000000000000000000000000000000000000000
01111100111110011111111110000111111111100000000000000000000000000000000000000000000000000000000000000000000000000000000000000000
03333300333330033333333330000333333333330000000000000000000000000000000000000000000000000000000000000000000000000000000000000000
03333300333330033333333330000333333221111000000000000000000000000000000000000000000000000000000000000000000000000000000000000000
03333300222220022222222220000222222222222000000000000000033300003000000333000333000003330003330003330000033300033300033300000000
02222200222220022221000000000111110111111000000000000000300330003000003300303300300033003033003033003000330030330030330030000000
01111100111110011111000000000111110011113000000000000000000330003003303300303300300033003033003033003000330030330030330030000000
03333300311110011111000000000111110011111000000000000000003300003003303300303300300033003033003033003000330030330030330030000000
02222200111110011111000000000111110011223000000000000000033000003333303300303300300033003033003033003000330030330030330030000000
02222222222220011111111111100122220022222000000000000000330000300003303300303300303033003033003033003030330030330030330030000000
01111111111110011111111111100111110011111000000000000000333330300003300333000333003003330003330003330030033300033300033300000000
01111111111110011111111111100111110011111000000000000000000000000000000000000000000000000000000000000000000000000000000000000000
01111111111110011111111333300333330033333000000000000000000000000000000000000000000000000000000000000000000000000000000000000000
03331111111110011111111111100222220033333000000000000000000000000000000000000000000000000000000000000000000000000000000000000000
00111111111100011122222222200222220022222000000000000000000000000000000000000000000000000000000000000000000000000000000000000000
00011111111000011111111111100111110011111000000000000000000000000000000000000000000000000000000000000000000000000000000000000000
00000000000000000000000000000000000000000000000000000000000000000000000000000000000000000000000000000000000000000000000000000000
00000000000000000000000000000000000000000000000000000000000000000000000000000000000000000000000000000000000000000000000000000000

0x00095613
00000000000000000000000000000000000000000000000000000000000000000000000000000000000000000000000000000000000000000000000000000000
00000000111110011111111111100111110011111000000000000000000000000000000000000000000000000000000000000000000000000000000000000000
00000000333330033333333333300333330031111000000000000000000000000000000000000000000000000000000000000000000000000000000000000000
00000000333330033333333332200111110011111000000000000000000000000000000000000000000000000000000000000000000000000000000000000000
00000000222220022222222222200221110011122000000000000000000000000000000000000000000000000000000000000000000000000000000000000000
00000000111110011111111111100111110011111000000000000000000000000000000000000000000000000000000000000000000000000000000000000000
00000000111110013333333333300333110011111000000000000000000000000000330000003333003333300333003300303300003333303333000000000000
00000000333330033333333333300333330033333000000000000000000003030003330000003300303300003300303300303300003300303300300000000000
00000000333330033333000000000333330033222000000000000000000033333000330000003300303300003300003300303300003300303300300000000000
00000000222220022222000000000222220022222000000000000000000003030000330000003333303333003303303300303300003333303333300000000000
00000000111110011111000000000111110011111000000000000000000033333000330000003303003300003300303300303300003300303303000000000000
00000000111110011111000000000111110111111000000000000000000003030000330000003300303300003300303300303300003300303300300000000000
00000000111110011111111110000113333333333000000000000000000000000003333000003300303333300333300333003333303300303300300000000000
01111100111110011111111110000111111222222000000000000000000000000000000000000000000000000000000000000000000000000000000000000000
01111100111110011111111110000222222222220000000000000000000000000000000000000000000000000000000000000000000000000000000000000000
01111100111110011111111110000111111111100000000000000000000000000000000000000000000000000000000000000000000000000000000000000000
03333300333330033333333330000333333333330000000000000000000000000000000000000000000000000000000000000000000000000000000000000000
03333300333330033333333330000333333333333000000000000000000000000000000000000000000000000000000000000000000000000000000000000000
01111100222220033333333330000222222222222000000000000000033300003000000333000333000003330003330003330000033300033300033300000000
01222200222220022222000000000222220222222000000000000000300330003000003300303300300033003033003033003000330030330030330030000000
01111100111110011111000000000111110011111000000000000000000330003003303300303300300033003033003033003000330030330030330030000000
03333300333330033333000000000111110011111000000000000000003300003003303300303300300033003033003033003000330030330030330030000000
03222200222220022222000000000111110011111000000000000000033000003333303300303300300033003033003033003000330030330030330030000000
02222222222220022222222222200222220011111000000000000000330000300003303300303300303033003033003033003030330030330030330030000000
01111111111110011111111111100111110011111000000000000000333330300003300333000333003003330003330003330030033300033300033300000000
01111111111110011111111111100111110011111000000000000000000000000000000000000000000000000000000000000000000000000000000000000000
01111111111110011111111111100111110011111000000000000000000000000000000000000000000000000000000000000000000000000000000000000000
03333333333330033333333333300333330031111000000000000000000000000000000000000000000000000000000000000000000000000000000000000000
00333333333300033332222211100111110011111000000000000000000000000000000000000000000000000000000000000000000000000000000000000000
00022222222000022222222222200111110011111000000000000000000000000000000000000000000000000000000000000000000000000000000000000000
00000000000000000000000000000000000000000000000000000000000000000000000000000000000000000000000000000000000000000000000000000000
00000000000000000000000000000000000000000000000000000000000000000000000000000000000000000000000000000000000000000000000000000000

0x000956de
00000000000000000000000000000000000000000000000000000000000000000000000000000000000000000000000000000000000000000000000000000000
00000000111110011111111111100111110011111000000000000000000000000000000000000000000000000000000000000000000000000000000000000000
00000000333330033333333333300333330033333000000000000000000000000000000000000000000000000000000000000000000000000000000000000000
00000000333330033333333333300333330033333000000000000000000000000000000000000000000000000000000000000000000000000000000000000000
00000000333220022222222222200222220022222000000000000000000000000000000000000000000000000000000000000000000000000000000000000000
00000000222220022222222211100111110011111000000000000000000000000000000000000000000000000000000000000000000000000000000000000000
00000000111110011111111111100111110011111000000000000000000000000000330000003333003333300333003300303300003333303333000000000000
00000000111110011111111113300333330033333000000000000000000003030003330000003300303300003300303300303300003300303300300000000000
00000000111110011111000000000233330033333000000000000000000033333000330000003300303300003300003300303300003300303300300000000000
00000000111110011222000000000222220022222000000000000000000003030000330000003333303333003303303300303300003333303333300000000000
00000000111110011111000000000111110011111000000000000000000033333000330000003303003300003300303300303300003300303303000000000000
00000000111110011111000000000111110111111000000000000000000003030000330000003300303300003300303300303300003300303300300000000000
00000000111110011111111110000111111111111000000000000000000000000003333000003300303333300333300333003333303300303300300000000000
02222200222220022111111110000111111111111000000000000000000000000000000000000000000000000000000000000000000000000000000000000000
02222200222220022222111110000111111111110000000000000000000000000000000000000000000000000000000000000000000000000000000000000000
01111100111110011111111110000111111111100000000000000000000000000000000000000000000000000000000000000000000000000000000000000000
01111100111110033333333330000333333333330000000000000000000000000000000000000000000000000000000000000000000000000000000000000000
01111100111110012222222230000333333333333000000000000000000000000000000000000000000000000000000000000000000000000000000000000000
01111100111110011111111110000222222233333000000000000000033300003000000333000333000003330003330003330000033300033300033300000000
01111100111110011111000000000222220222222000000000000000300330003000003300303300300033003033003033003000330030330030330030000000
03333300333310011111000000000111110011111000000000000000000330003003303300303300300033003033003033003000330030330030330030000000
03333300333330033333000000000333330033333000000000000000003300003003303300303300300033003033003033003000330030330030330030000000
03333300333330033333000000000222220022222000000000000000033000003333303300303300300033003033003033003000330030330030330030000000
02222222222220022222222222200222220022222000000000000000330000300003303300303300303033003033003033003030330030330030330030000000
01111111111110011111111111100111110011111000000000000000333330300003300333000333003003330003330003330030033300033300033300000000
01111111111110011111111111100111110011111000000000000000000000000000000000000000000000000000000000000000000000000000000000000000
01111111111110011111111111100111110011111000000000000000000000000000000000000000000000000000000000000000000000000000000000000000
02221111111110033333333333300333330033333000000000000000000000000000000000000000000000000000000000000000000000000000000000000000
00222221111100011111111112200333330033333000000000000000000000000000000000000000000000000000000000000000000000000000000000000000
00011111111000011111112222200222220022222000000000000000000000000000000000000000000000000000000000000000000000000000000000000000
00000000000000000000000000000000000000000000000000000000000000000000000000000000000000000000000000000000000000000000000000000000
00000000000000000000000000000000000000000000000000000000000000000000000000000000000000000000000000000000000000000000000000000000

0x000957a9
00000000000000000000000000000000000000000000000000000000000000000000000000000000000000000000000000000000000000000000000000000000
00000000111110011111111111100111110011111000000000000000000000000000000000000000000000000000000000000000000000000000000000000000
00000000111130033333333333300333330033333000000000000000000000000000000000000000000000000000000000000000000000000000000000000000
00000000111110011111222223300333330033333000000000000000000000000000000000000000000000000000000000000000000000000000000000000000
00000000111110011111111112200233330033333000000000000000000000000000000000000000000000000000000000000000000000000000000000000000
00000000111110011111112222200222220022222000000000000000000000000000000000000000000000000000000000000000000000000000000000000000
00000000111110011111111111100111110011111000000000000000000000000000330000003333003333300333003300303300003333303333000000000000
00000000111110011111111111100111110011111000000000000000000003030003330000003300303300003300303300303300003300303300300000000000
00000000111110011111000000000111110011111000000000000000000033333000330000003300303300003300003300303300003300303300300000000000
00000000111110011111000000000111110011111000000000000000000003030000330000003333303333003303303300303300003333303333300000000000
00000000111110011111000000000111110011111000000000000000000033333000330000003303003300003300303300303300003300303303000000000000
00000000333330033333000000000111110111111000000000000000000003030000330000003300303300003300303300303300003300303300300000000000
00000000333330033333332220000111111111111000000000000000000000000003333000003300303333300333300333003333303300303300300000000000
03222200222220022222222220000222222222111000000000000000000000000000000000000000000000000000000000000000000000000000000000000000
02222200222220022222222220000222222222220000000000000000000000000000000000000000000000000000000000000000000000000000000000000000
01111100111110011111111110000111111111100000000000000000000000000000000000000000000000000000000000000000000000000000000000000000
01111100111110011111111110000111111133330000000000000000000000000000000000000000000000000000000000000000000000000000000000000000
01111100111110011111111110000111111111122000000000000000000000000000000000000000000000000000000000000000000000000000000000000000
01111100111110011111111110000111111111111000000000000000033300003000000333000333000003330003330003330000033300033300033300000000
01111100111110011111000000000111110111111000000000000000300330003000003300303300300033003033003033003000330030330030330030000000
03333300333330033333000000000333110011111000000000000000000330003003303300303300300033003033003033003000330030330030330030000000
01122200333330033333000000000333330033333000000000000000003300003003303300303300300033003033003033003000330030330030330030000000
03333300333330033333000000000333330033333000000000000000033000003333303300303300300033003033003033003000330030330030330030000000
02222222222220022222222222200222220022222000000000000000330000300003303300303300303033003033003033003030330030330030330030000000
01111111111110011111111111100111110011111000000000000000333330300003300333000333003003330003330003330030033300033300033300000000
03333333333330033333333331100111110011111000000000000000000000000000000000000000000000000000000000000000000000000000000000000000
03333333333330033322211111100111110011111000000000000000000000000000000000000000000000000000000000000000000000000000000000000000
02222222222220022222222222200222220011111000000000000000000000000000000000000000000000000000000000000000000000000000000000000000
00222222222200022222222222200222220021111000000000000000000000000000000000000000000000000000000000000000000000000000000000000000
00011111111000011111111111100111110011111000000000000000000000000000000000000000000000000000000000000000000000000000000000000000
00000000000000000000000000000000000000000000000000000000000000000000000000000000000000000000000000000000000000000000000000000000
00000000000000000000000000000000000000000000000000000000000000000000000000000000000000000000000000000000000000000000000000000000

0x00095884
00000000000000000000000000000000000000000000000000000000000000000000000000000000000000000000000000000000000000000000000000000000
00000000111110011111111111100111110011111000000000000000000000000000000000000000000000000000000000000000000000000000000000000000
00000000333330033333333333300111110011111000000000000000000000000000000000000000000000000000000000000000000000000000000000000000
00000000333330033333221111100111110011111000000000000000000000000000000000000000000000000000000000000000000000000000000000000000
00000000222220022222222222200222220011111000000000000000000000000000000000000000000000000000000000000000000000000000000000000000
00000000111110011111111111100111110011111000000000000000000000000000000000000000000000000000000000000000000000000000000000000000
00000000111110011111111111100111110011111000000000000000000000000000330000003333003333300333003300303300003333303333000000000000
00000000333110011111111111100111110011111000000000000000000003030003330000003300303300003300303300303300003300303300300000000000
00000000222330033333000000000111110011111000000000000000000033333000330000003300303300003300003300303300003300303300300000000000
00000000222220022222000000000111110011111000000000000000000003030000330000003333303333003303303300303300003333303333300000000000
00000000111110011111000000000111110011111000000000000000000033333000330000003303003300003300303300303300003300303303000000000000
00000000113330033333000000000333330333333000000000000000000003030000330000003300303300003300303300303300003300303300300000000000
00000000333330033333333330000333333333333000000000000000000000000003333000003300303333300333300333003333303300303300300000000000
03333300333330022223333220000222222222222000000000000000000000000000000000000000000000000000000000000000000000000000000000000000
02222200222220022222222220000222222222220000000000000000000000000000000000000000000000000000000000000000000000000000000000000000
01111100111110011111111110000111111111100000000000000000000000000000000000000000000000000000000000000000000000000000000000000000
03333300333330033333333110000111111111110000000000000000000000000000000000000000000000000000000000000000000000000000000000000000
03333300333320011111111110000111111111111000000000000000000000000000000000000000000000000000000000000000000000000000000000000000
02222200222220022211111110000111111111111000000000000000033300003000000333000333000003330003330003330000033300033300033300000000
01111100111110011111000000000111110111111000000000000000300330003000003300303300300033003033003033003000330030330030330030000000
01111100111110011111000000000333330033333000000000000000000330003003303300303300300033003033003033003000330030330030330030000000
01111100111110011111000000000333330033333000000000000000003300003003303300303300300033003033003033003000330030330030330030000000
01111100111110011122000000000333330033333000000000000000033000003333303300303300300033003033003033003000330030330030330030000000
01111111112220022222222222200222220022222000000000000000330000300003303300303300303033003033003033003030330030330030330030000000
01111111111110011111111111100111110011111000000000000000333330300003300333000333003003330003330003330030033300033300033300000000
01111111111110033333333333300333330033333000000000000000000000000000000000000000000000000000000000000000000000000000000000000000
03333333333330033333333333300333330033333000000000000000000000000000000000000000000000000000000000000000000000000000000000000000
02222233333330033333222233300222220022222000000000000000000000000000000000000000000000000000000000000000000000000000000000000000
00222222222200022222222222200222220022222000000000000000000000000000000000000000000000000000000000000000000000000000000000000000
00011111111000011111111111100111110011111000000000000000000000000000000000000000000000000000000000000000000000000000000000000000
00000000000000000000000000000000000000000000000000000000000000000000000000000000000000000000000000000000000000000000000000000000
00000000000000000000000000000000000000000000000000000000000000000000000000000000000000000000000000000000000000000000000000000000

0x0009594f
00000000000000000000000000000000000000000000000000000000000000000000000000000000000000000000000000000000000000000000000000000000
00000000111110011111111111100111110011111000000000000000000000000000000000000000000000000000000000000000000000000000000000000000
00000000111110011133333333300333330033333000000000000000000000000000000000000000000000000000000000000000000000000000000000000000
00000000111110011111122223300333330033333000000000000000000000000000000000000000000000000000000000000000000000000000000000000000
00000000112220022222222222200222220022222000000000000000000000000000000000000000000000000000000000000000000000000000000000000000
00000000111110011111111111100111110011111000000000000000000000000000000000000000000000000000000000000000000000000000000000000000
00000000111110011111111111100111110011111000000000000000000000000000330000003333003333300333003300303300003333303333000000000000
00000000333330033333333333300333330011111000000000000000000003030003330000003300303300003300303300303300003300303300300000000000
00000000333330022222000000000222220033333000000000000000000033333000330000003300303300003300003300303300003300303300300000000000
00000000222220022222000000000222220022222000000000000000000003030000330000003333303333003303303300303300003333303333300000000000
00000000111110011111000000000111110011111000000000000000000033333000330000003303003300003300303300303300003300303303000000000000
00000000111110011111000000000111330333333000000000000000000003030000330000003300303300003300303300303300003300303300300000000000
00000000113330033333333330000333333333333000000000000000000000000003333000003300303333300333300333003333303300303300300000000000
01111100111110022222222330000333333332222000000000000000000000000000000000000000000000000000000000000000000000000000000000000000
01111200222220022222222220000222222222220000000000000000000000000000000000000000000000000000000000000000000000000000000000000000
01111100111110011111111110000111111111100000000000000000000000000000000000000000000000000000000000000000000000000000000000000000
03333300333330033333333330000333333333330000000000000000000000000000000000000000000000000000000000000000000000000000000000000000
03333300333330033333333330000333333221111000000000000000000000000000000000000000000000000000000000000000000000000000000000000000
03333300222220022222222220000222222222222000000000000000033300003000000333000333000003330003330003330000033300033300033300000000
02222200222220022221000000000111110111111000000000000000300330003000003300303300300033003033003033003000330030330030330030000000
01111100111110011111000000000111110011113000000000000000000330003003303300303300300033003033003033003000330030330030330030000000
03333300311110011111000000000111110011111000000000000000003300003003303300303300300033003033003033003000330030330030330030000000
02222200111110011111000000000111110011223000000000000000033000003333303300303300300033003033003033003000330030330030330030000000
02222222222220011111111111100122220022222000000000000000330000300003303300303300303033003033003033003030330030330030330030000000
01111111111110011111111111100111110011111000000000000000333330300003300333000333003003330003330003330030033300033300033300000000
01111111111110011111111111100111110011111000000000000000000000000000000000000000000000000000000000000000000000000000000000000000
01111111111110011111111333300333330033333000000000000000000000000000000000000000000000000000000000000000000000000000000000000000
03331111111110011111111111100222220033333000000000000000000000000000000000000000000000000000000000000000000000000000000000000000
00111111111100011122222222200222220022222000000000000000000000000000000000000000000000000000000000000000000000000000000000000000
00011111111000011111111111100111110011111000000000000000000000000000000000000000000000000000000000000000000000000000000000000000
00000000000000000000000000000000000000000000000000000000000000000000000000000000000000000000000000000000000000000000000000000000
00000000000000000000000000000000000000000000000000000000000000000000000000000000000000000000000000000000000000000000000000000000

0x00095a0b
00000000000000000000000000000000000000000000000000000000000000000000000000000000000000000000000000000000000000000000000000000000
00000000111110011111111111100111110011111000000000000000000000000000000000000000000000000000000000000000000000000000000000000000
00000000333330033333333333300333330031111000000000000000000000000000000000000000000000000000000000000000000000000000000000000000
00000000333330033333333332200111110011111000000000000000000000000000000000000000000000000000000000000000000000000000000000000000
00000000222220022222222222200221110011122000000000000000000000000000000000000000000000000000000000000000000000000000000000000000
00000000111110011111111111100111110011111000000000000000000000000000000000000000000000000000000000000000000000000000000000000000
00000000111110013333333333300333110011111000000000000000000000000000330000003333003333300333003300303300003333303333000000000000
00000000333330033333333333300333330033333000000000000000000003030003330000003300303300003300303300303300003300303300300000000000
00000000333330033333000000000333330033222000000000000000000033333000330000003300303300003300003300303300003300303300300000000000
00000000222220022222000000000222220022222000000000000000000003030000330000003333303333003303303300303300003333303333300000000000
00000000111110011111000000000111110011111000000000000000000033333000330000003303003300003300303300303300003300303303000000000000
00000000111110011111000000000111110111111000000000000000000003030000330000003300303300003300303300303300003300303300300000000000
00000000111110011111111110000113333333333000000000000000000000000003333000003300303333300333300333003333303300303300300000000000
01111100111110011111111110000111111222222000000000000000000000000000000000000000000000000000000000000000000000000000000000000000
01111100111110011111111110000222222222220000000000000000000000000000000000000000000000000000000000000000000000000000000000000000
01111100111110011111111110000111111111100000000000000000000000000000000000000000000000000000000000000000000000000000000000000000
03333300333330033333333330000333333333330000000000000000000000000000000000000000000000000000000000000000000000000000000000000000
03333300333330033333333330000333333333333000000000000000000000000000000000000000000000000000000000000000000000000000000000000000
01111100222220033333333330000222222222222000000000000000033300003000000333000333000003330003330003330000033300033300033300000000
01222200222220022222000000000222220222222000000000000000300330003000003300303300300033003033003033003000330030330030330030000000
01111100111110011111000000000111110011111000000000000000000330003003303300303300300033003033003033003000330030330030330030000000
03333300333330033333000000000111110011111000000000000000003300003003303300303300300033003033003033003000330030330030330030000000
03222200222220022222000000000111110011111000000000000000033000003333303300303300300033003033003033003000330030330030330030000000
02222222222220022222222222200222220011111000000000000000330000300003303300303300303033003033003033003030330030330030330030000000
01111111111110011111111111100111110011111000000000000000333330300003300333000333003003330003330003330030033300033300033300000000
01111111111110011111111111100111110011111000000000000000000000000000000000000000000000000000000000000000000000000000000000000000
01111111111110011111111111100111110011111000000000000000000000000000000000000000000000000000000000000000000000000000000000000000
03333333333330033333333333300333330031111000000000000000000000000000000000000000000000000000000000000000000000000000000000000000
00333333333300033332222211100111110011111000000000000000000000000000000000000000000000000000000000000000000000000000000000000000
00022222222000022222222222200111110011111000000000000000000000000000000000000000000000000000000000000000000000000000000000000000
00000000000000000000000000000000000000000000000000000000000000000000000000000000000000000000000000000000000000000000000000000000
00000000000000000000000000000000000000000000000000000000000000000000000000000000000000000000000000000000000000000000000000000000

0x00095ae5
00000000000000000000000000000000000000000000000000000000000000000000000000000000000000000000000000000000000000000000000000000000
00000000111110011111111111100111110011111000000000000000000000000000000000000000000000000000000000000000000000000000000000000000
00000000333330033333333333300333330033333000000000000000000000000000000000000000000000000000000000000000000000000000000000000000
00000000333330033333333333300333330033333000000000000000000000000000000000000000000000000000000000000000000000000000000000000000
00000000333220022222222222200222220022222000000000000000000000000000000000000000000000000000000000000000000000000000000000000000
00000000222220022222222211100111110011111000000000000000000000000000000000000000000000000000000000000000000000000000000000000000
00000000111110011111111111100111110011111000000000000000000000000000330000003333003333300333003300303300003333303333000000000000
00000000111110011111111113300333330033333000000000000000000003030003330000003300303300003300303300303300003300303300300000000000
00000000111110011111000000000233330033333000000000000000000033333000330000003300303300003300003300303300003300303300300000000000
00000000111110011222000000000222220022222000000000000000000003030000330000003333303333003303303300303300003333303333300000000000
00000000111110011111000000000111110011111000000000000000000033333000330000003303003300003300303300303300003300303303000000000000
00000000111110011111000000000111110111111000000000000000000003030000330000003300303300003300303300303300003300303300300000000000
00000000111110011111111110000111111111111000000000000000000000000003333000003300303333300333300333003333303300303300300000000000
02222200222220022111111110000111111111111000000000000000000000000000000000000000000000000000000000000000000000000000000000000000
02222200222220022222111110000111111111110000000000000000000000000000000000000000000000000000000000000000000000000000000000000000
01111100111110011111111110000111111111100000000000000000000000000000000000000000000000000000000000000000000000000000000000000000
01111100111110033333333330000333333333330000000000000000000000000000000000000000000000000000000000000000000000000000000000000000
01111100111110012222222230000333333333333000000000000000000000000000000000000000000000000000000000000000000000000000000000000000
01111100111110011111111110000222222233333000000000000000033300003000000333000333000003330003330003330000033300033300033300000000
01111100111110011111000000000222220222222000000000000000300330003000003300303300300033003033003033003000330030330030330030000000
03333300333310011111000000000111110011111000000000000000000330003003303300303300300033003033003033003000330030330030330030000000
03333300333330033333000000000333330033333000000000000000003300003003303300303300300033003033003033003000330030330030330030000000
03333300333330033333000000000222220022222000000000000000033000003333303300303300300033003033003033003000330030330030330030000000
02222222222220022222222222200222220022222000000000000000330000300003303300303300303033003033003033003030330030330030330030000000
01111111111110011111111111100111110011111000000000000000333330300003300333000333003003330003330003330030033300033300033300000000
01111111111110011111111111100111110011111000000000000000000000000000000000000000000000000000000000000000000000000000000000000000
01111111111110011111111111100111110011111000000000000000000000000000000000000000000000000000000000000000000000000000000000000000
02221111111110033333333333300333330033333000000000000000000000000000000000000000000000000000000000000000000000000000000000000000
00222221111100011111111112200333330033333000000000000000000000000000000000000000000000000000000000000000000000000000000000000000
00011111111000011111112222200222220022222000000000000000000000000000000000000000000000000000000000000000000000000000000000000000
00000000000000000000000000000000000000000000000000000000000000000000000000000000000000000000000000000000000000000000000000000000
00000000000000000000000000000000000000000000000000000000000000000000000000000000000000000000000000000000000000000000000000000000

0x00095bb0
00000000000000000000000000000000000000000000000000000000000000000000000000000000000000000000000000000000000000000000000000000000
00000000111110011111111111100111110011111000000000000000000000000000000000000000000000000000000000000000000000000000000000000000
00000000111130033333333333300333330033333000000000000000000000000000000000000000000000000000000000000000000000000000000000000000
00000000111110011111222223300333330033333000000000000000000000000000000000000000000000000000000000000000000000000000000000000000
00000000111110011111111112200233330033333000000000000000000000000000000000000000000000000000000000000000000000000000000000000000
00000000111110011111112222200222220022222000000000000000000000000000000000000000000000000000000000000000000000000000000000000000
00000000111110011111111111100111110011111000000000000000000000000000330000003333003333300333003300303300003333303333000000000000
00000000111110011111111111100111110011111000000000000000000003030003330000003300303300003300303300303300003300303300300000000000
00000000111110011111000000000111110011111000000000000000000033333000330000003300303300003300003300303300003300303300300000000000
00000000111110011111000000000111110011111000000000000000000003030000330000003333303333003303303300303300003333303333300000000000
00000000111110011111000000000111110011111000000000000000000033333000330000003303003300003300303300303300003300303303000000000000
00000000333330033333000000000111110111111000000000000000000003030000330000003300303300003300303300303300003300303300300000000000
00000000333330033333332220000111111111111000000000000000000000000003333000003300303333300333300333003333303300303300300000000000
03222200222220022222222220000222222222111000000000000000000000000000000000000000000000000000000000000000000000000000000000000000
02222200222220022222222220000222222222220000000000000000000000000000000000000000000000000000000000000000000000000000000000000000
01111100111110011111111110000111111111100000000000000000000000000000000000000000000000000000000000000000000000000000000000000000
01111100111110011111111110000111111133330000000000000000000000000000000000000000000000000000000000000000000000000000000000000000
01111100111110011111111110000111111111122000000000000000000000000000000000000000000000000000000000000000000000000000000000000000
01111100111110011111111110000111111111111000000000000000033300003000000333000333000003330003330003330000033300033300033300000000
01111100111110011111000000000111110111111000000000000000300330003000003300303300300033003033003033003000330030330030330030000000
03333300333330033333000000000333110011111000000000000000000330003003303300303300300033003033003033003000330030330030330030000000
01122200333330033333000000000333330033333000000000000000003300003003303300303300300033003033003033003000330030330030330030000000
03333300333330033333000000000333330033333000000000000000033000003333303300303300300033003033003033003000330030330030330030000000
02222222222220022222222222200222220022222000000000000000330000300003303300303300303033003033003033003030330030330030330030000000
01111111111110011111111111100111110011111000000000000000333330300003300333000333003003330003330003330030033300033300033300000000
03333333333330033333333331100111110011111000000000000000000000000000000000000000000000000000000000000000000000000000000000000000
03333333333330033322211111100111110011111000000000000000000000000000000000000000000000000000000000000000000000000000000000000000
02222222222220022222222222200222220011111000000000000000000000000000000000000000000000000000000000000000000000000000000000000000
00222222222200022222222222200222220021111000000000000000000000000000000000000000000000000000000000000000000000000000000000000000
00011111111000011111111111100111110011111000000000000000000000000000000000000000000000000000000000000000000000000000000000000000
00000000000000000000000000000000000000000000000000000000000000000000000000000000000000000000000000000000000000000000000000000000
00000000000000000000000000000000000000000000000000000000000000000000000000000000000000000000000000000000000000000000000000000000

0x00095c7c
00000000000000000000000000000000000000000000000000000000000000000000000000000000000000000000000000000000000000000000000000000000
00000000111110011111111111100111110011111000000000000000000000000000000000000000000000000000000000000000000000000000000000000000
00000000333330033333333333300111110011111000000000000000000000000000000000000000000000000000000000000000000000000000000000000000
00000000333330033333221111100111110011111000000000000000000000000000000000000000000000000000000000000000000000000000000000000000
00000000222220022222222222200222220011111000000000000000000000000000000000000000000000000000000000000000000000000000000000000000
00000000111110011111111111100111110011111000000000000000000000000000000000000000000000000000000000000000000000000000000000000000
00000000111110011111111111100111110011111000000000000000000000000000330000003333003333300333003300303300003333303333000000000000
00000000333110011111111111100111110011111000000000000000000003030003330000003300303300003300303300303300003300303300300000000000
00000000222330033333000000000111110011111000000000000000000033333000330000003300303300003300003300303300003300303300300000000000
00000000222220022222000000000111110011111000000000000000000003030000330000003333303333003303303300303300003333303333300000000000
00000000111110011111000000000111110011111000000000000000000033333000330000003303003300003300303300303300003300303303000000000000
00000000113330033333000000000333330333333000000000000000000003030000330000003300303300003300303300303300003300303300300000000000
00000000333330033333333330000333333333333000000000000000000000000003333000003300303333300333300333003333303300303300300000000000
03333300333330022223333220000222222222222000000000000000000000000000000000000000000000000000000000000000000000000000000000000000
02222200222220022222222220000222222222220000000000000000000000000000000000000000000000000000000000000000000000000000000000000000
01111100111110011111111110000111111111100000000000000000000000000000000000000000000000000000000000000000000000000000000000000000
03333300333330033333333110000111111111110000000000000000000000000000000000000000000000000000000000000000000000000000000000000000
03333300333320011111111110000111111111111000000000000000000000000000000000000000000000000000000000000000000000000000000000000000
02222200222220022211111110000111111111111000000000000000033300003000000333000333000003330003330003330000033300033300033300000000
01111100111110011111000000000111110111111000000000000000300330003000003300303300300033003033003033003000330030330030330030000000
01111100111110011111000000000333330033333000000000000000000330003003303300303300300033003033003033003000330030330030330030000000
01111100111110011111000000000333330033333000000000000000003300003003303300303300300033003033003033003000330030330030330030000000
01111100111110011122000000000333330033333000000000000000033000003333303300303300300033003033003033003000330030330030330030000000
01111111112220022222222222200222220022222000000000000000330000300003303300303300303033003033003033003030330030330030330030000000
01111111111110011111111111100111110011111000000000000000333330300003300333000333003003330003330003330030033300033300033300000000
01111111111110033333333333300333330033333000000000000000000000000000000000000000000000000000000000000000000000000000000000000000
03333333333330033333333333300333330033333000000000000000000000000000000000000000000000000000000000000000000000000000000000000000
02222233333330033333222233300222220022222000000000000000000000000000000000000000000000000000000000000000000000000000000000000000
00222222222200022222222222200222220022222000000000000000000000000000000000000000000000000000000000000000000000000000000000000000
00011111111000011111111111100111110011111000000000000000000000000000000000000000000000000000000000000000000000000000000000000000
00000000000000000000000000000000000000000000000000000000000000000000000000000000000000000000000000000000000000000000000000000000
00000000000000000000000000000000000000000000000000000000000000000000000000000000000000000000000000000000000000000000000000000000

0x00095d56
00000000000000000000000000000000000000000000000000000000000000000000000000000000000000000000000000000000000000000000000000000000
00000000111110011111111111100111110011111000000000000000000000000000000000000000000000000000000000000000000000000000000000000000
00000000111110011133333333300333330033333000000000000000000000000000000000000000000000000000000000000000000000000000000000000000
00000000111110011111122223300333330033333000000000000000000000000000000000000000000000000000000000000000000000000000000000000000
00000000112220022222222222200222220022222000000000000000000000000000000000000000000000000000000000000000000000000000000000000000
00000000111110011111111111100111110011111000000000000000000000000000000000000000000000000000000000000000000000000000000000000000
00000000111110011111111111100111110011111000000000000000000000000000330000003333003333300333003300303300003333303333000000000000
00000000333330033333333333300333330011111000000000000000000003030003330000003300303300003300303300303300003300303300300000000000
00000000333330022222000000000222220033333000000000000000000033333000330000003300303300003300003300303300003300303300300000000000
00000000222220022222000000000222220022222000000000000000000003030000330000003333303333003303303300303300003333303333300000000000
00000000111110011111000000000111110011111000000000000000000033333000330000003303003300003300303300303300003300303303000000000000
00000000111110011111000000000111330333333000000000000000000003030000330000003300303300003300303300303300003300303300300000000000
00000000113330033333333330000333333333333000000000000000000000000003333000003300303333300333300333003333303300303300300000000000
01111100111110022222222330000333333332222000000000000000000000000000000000000000000000000000000000000000000000000000000000000000
01111200222220022222222220000222222222220000000000000000000000000000000000000000000000000000000000000000000000000000000000000000
01111100111110011111111110000111111111100000000000000000000000000000000000000000000000000000000000000000000000000000000000000000
03333300333330033333333330000333333333330000000000000000000000000000000000000000000000000000000000000000000000000000000000000000
03333300333330033333333330000333333221111000000000000000000000000000000000000000000000000000000000000000000000000000000000000000
03333300222220022222222220000222222222222000000000000000033300003000000333000333000003330003330003330000033300033300033300000000
02222200222220022221000000000111110111111000000000000000300330003000003300303300300033003033003033003000330030330030330030000000
01111100111110011111000000000111110011113000000000000000000330003003303300303300300033003033003033003000330030330030330030000000
03333300311110011111000000000111110011111000000000000000003300003003303300303300300033003033003033003000330030330030330030000000
02222200111110011111000000000111110011223000000000000000033000003333303300303300300033003033003033003000330030330030330030000000
02222222222220011111111111100122220022222000000000000000330000300003303300303300303033003033003033003030330030330030330030000000
01111111111110011111111111100111110011111000000000000000333330300003300333000333003003330003330003330030033300033300033300000000
01111111111110011111111111100111110011111000000000000000000000000000000000000000000000000000000000000000000000000000000000000000
01111111111110011111111333300333330033333000000000000000000000000000000000000000000000000000000000000000000000000000000000000000
03331111111110011111111111100222220033333000000000000000000000000000000000000000000000000000000000000000000000000000000000000000
00111111111100011122222222200222220022222000000000000000000000000000000000000000000000000000000000000000000000000000000000000000
00011111111000011111111111100111110011111000000000000000000000000000000000000000000000000000000000000000000000000000000000000000
00000000000000000000000000000000000000000000000000000000000000000000000000000000000000000000000000000000000000000000000000000000
00000000000000000000000000000000000000000000000000000000000000000000000000000000000000000000000000000000000000000000000000000000

0x00095e21
00000000000000000000000000000000000000000000000000000000000000000000000000000000000000000000000000000000000000000000000000000000
00000000111110011111111111100111110011111000000000000000000000000000000000000000000000000000000000000000000000000000000000000000
00000000333330033333333333300333330031111000000000000000000000000000000000000000000000000000000000000000000000000000000000000000
00000000333330033333333332200111110011111000000000000000000000000000000000000000000000000000000000000000000000000000000000000000
00000000222220022222222222200221110011122000000000000000000000000000000000000000000000000000000000000000000000000000000000000000
00000000111110011111111111100111110011111000000000000000000000000000000000000000000000000000000000000000000000000000000000000000
00000000111110013333333333300333110011111000000000000000000000000000330000003333003333300333003300303300003333303333000000000000
00000000333330033333333333300333330033333000000000000000000003030003330000003300303300003300303300303300003300303300300000000000
00000000333330033333000000000333330033222000000000000000000033333000330000003300303300003300003300303300003300303300300000000000
00000000222220022222000000000222220022222000000000000000000003030000330000003333303333003303303300303300003333303333300000000000
00000000111110011111000000000111110011111000000000000000000033333000330000003303003300003300303300303300003300303303000000000000
00000000111110011111000000000111110111111000000000000000000003030000330000003300303300003300303300303300003300303300300000000000
00000000111110011111111110000113333333333000000000000000000000000003333000003300303333300333300333003333303300303300300000000000
01111100111110011111111110000111111222222000000000000000000000000000000000000000000000000000000000000000000000000000000000000000
01111100111110011111111110000222222222220000000000000000000000000000000000000000000000000000000000000000000000000000000000000000
01111100111110011111111110000111111111100000000000000000000000000000000000000000000000000000000000000000000000000000000000000000
03333300333330033333333330000333333333330000000000000000000000000000000000000000000000000000000000000000000000000000000000000000
03333300333330033333333330000333333333333000000000000000000000000000000000000000000000000000000000000000000000000000000000000000
01111100222220033333333330000222222222222000000000000000033300003000000333000333000003330003330003330000033300033300033300000000
01222200222220022222000000000222220222222000000000000000300330003000003300303300300033003033003033003000330030330030330030000000
01111100111110011111000000000111110011111000000000000000000330003003303300303300300033003033003033003000330030330030330030000000
03333300333330033333000000000111110011111000000000000000003300003003303300303300300033003033003033003000330030330030330030000000
03222200222220022222000000000111110011111000000000000000033000003333303300303300300033003033003033003000330030330030330030000000
02222222222220022222222222200222220011111000000000000000330000300003303300303300303033003033003033003030330030330030330030000000
01111111111110011111111111100111110011111000000000000000333330300003300333000333003003330003330003330030033300033300033300000000
01111111111110011111111111100111110011111000000000000000000000000000000000000000000000000000000000000000000000000000000000000000
01111111111110011111111111100111110011111000000000000000000000000000000000000000000000000000000000000000000000000000000000000000
03333333333330033333333333300333330031111000000000000000000000000000000000000000000000000000000000000000000000000000000000000000
00333333333300033332222211100111110011111000000000000000000000000000000000000000000000000000000000000000000000000000000000000000
00022222222000022222222222200111110011111000000000000000000000000000000000000000000000000000000000000000000000000000000000000000
00000000000000000000000000000000000000000000000000000000000000000000000000000000000000000000000000000000000000000000000000000000
00000000000000000000000000000000000000000000000000000000000000000000000000000000000000000000000000000000000000000000000000000000

0x00095eed
00000000000000000000000000000000000000000000000000000000000000000000000000000000000000000000000000000000000000000000000000000000
00000000111110011111111111100111110011111000000000000000000000000000000000000000000000000000000000000000000000000000000000000000
00000000333330033333333333300333330033333000000000000000000000000000000000000000000000000000000000000000000000000000000000000000
00000000333330033333333333300333330033333000000000000000000000000000000000000000000000000000000000000000000000000000000000000000
00000000333220022222222222200222220022222000000000000000000000000000000000000000000000000000000000000000000000000000000000000000
00000000222220022222222211100111110011111000000000000000000000000000000000000000000000000000000000000000000000000000000000000000
00000000111110011111111111100111110011111000000000000000000000000000330000003333003333300333003300303300003333303333000000000000
00000000111110011111111113300333330033333000000000000000000003030003330000003300303300003300303300303300003300303300300000000000
00000000111110011111000000000233330033333000000000000000000033333000330000003300303300003300003300303300003300303300300000000000
00000000111110011222000000000222220022222000000000000000000003030000330000003333303333003303303300303300003333303333300000000000
00000000111110011111000000000111110011111000000000000000000033333000330000003303003300003300303300303300003300303303000000000000
00000000111110011111000000000111110111111000000000000000000003030000330000003300303300003300303300303300003300303300300000000000
00000000111110011111111110000111111111111000000000000000000000000003333000003300303333300333300333003333303300303300300000000000
02222200222220022111111110000111111111111000000000000000000000000000000000000000000000000000000000000000000000000000000000000000
02222200222220022222111110000111111111110000000000000000000000000000000000000000000000000000000000000000000000000000000000000000
01111100111110011111111110000111111111100000000000000000000000000000000000000000000000000000000000000000000000000000000000000000
01111100111110033333333330000333333333330000000000000000000000000000000000000000000000000000000000000000000000000000000000000000
01111100111110012222222230000333333333333000000000000000000000000000000000000000000000000000000000000000000000000000000000000000
01111100111110011111111110000222222233333000000000000000033300003000000333000333000003330003330003330000033300033300033300000000
01111100111110011111000000000222220222222000000000000000300330003000003300303300300033003033003033003000330030330030330030000000
03333300333310011111000000000111110011111000000000000000000330003003303300303300300033003033003033003000330030330030330030000000
03333300333330033333000000000333330033333000000000000000003300003003303300303300300033003033003033003000330030330030330030000000
03333300333330033333000000000222220022222000000000000000033000003333303300303300300033003033003033003000330030330030330030000000
02222222222220022222222222200222220022222000000000000000330000300003303300303300303033003033003033003030330030330030330030000000
01111111111110011111111111100111110011111000000000000000333330300003300333000333003003330003330003330030033300033300033300000000
01111111111110011111111111100111110011111000000000000000000000000000000000000000000000000000000000000000000000000000000000000000
01111111111110011111111111100111110011111000000000000000000000000000000000000000000000000000000000000000000000000000000000000000
02221111111110033333333333300333330033333000000000000000000000000000000000000000000000000000000000000000000000000000000000000000
00222221111100011111111112200333330033333000000000000000000000000000000000000000000000000000000000000000000000000000000000000000
00011111111000011111112222200222220022222000000000000000000000000000000000000000000000000000000000000000000000000000000000000000
00000000000000000000000000000000000000000000000000000000000000000000000000000000000000000000000000000000000000000000000000000000
00000000000000000000000000000000000000000000000000000000000000000000000000000000000000000000000000000000000000000000000000000000

0x00095fb8
00000000000000000000000000000000000000000000000000000000000000000000000000000000000000000000000000000000000000000000000000000000
00000000111110011111111111100111110011111000000000000000000000000000000000000000000000000000000000000000000000000000000000000000
00000000111130033333333333300333330033333000000000000000000000000000000000000000000000000000000000000000000000000000000000000000
00000000111110011111222223300333330033333000000000000000000000000000000000000000000000000000000000000000000000000000000000000000
00000000111110011111111112200233330033333000000000000000000000000000000000000000000000000000000000000000000000000000000000000000
00000000111110011111112222200222220022222000000000000000000000000000000000000000000000000000000000000000000000000000000000000000
00000000111110011111111111100111110011111000000000000000000000000000330000003333003333300333003300303300003333303333000000000000
00000000111110011111111111100111110011111000000000000000000003030003330000003300303300003300303300303300003300303300300000000000
00000000111110011111000000000111110011111000000000000000000033333000330000003300303300003300003300303300003300303300300000000000
00000000111110011111000000000111110011111000000000000000000003030000330000003333303333003303303300303300003333303333300000000000
00000000111110011111000000000111110011111000000000000000000033333000330000003303003300003300303300303300003300303303000000000000
00000000333330033333000000000111110111111000000000000000000003030000330000003300303300003300303300303300003300303300300000000000
00000000333330033333332220000111111111111000000000000000000000000003333000003300303333300333300333003333303300303300300000000000
03222200222220022222222220000222222222111000000000000000000000000000000000000000000000000000000000000000000000000000000000000000
02222200222220022222222220000222222222220000000000000000000000000000000000000000000000000000000000000000000000000000000000000000
01111100111110011111111110000111111111100000000000000000000000000000000000000000000000000000000000000000000000000000000000000000
01111100111110011111111110000111111133330000000000000000000000000000000000000000000000000000000000000000000000000000000000000000
01111100111110011111111110000111111111122000000000000000000000000000000000000000000000000000000000000000000000000000000000000000
01111100111110011111111110000111111111111000000000000000033300003000000333000333000003330003330003330000033300033300033300000000
01111100111110011111000000000111110111111000000000000000300330003000003300303300300033003033003033003000330030330030330030000000
03333300333330033333000000000333110011111000000000000000000330003003303300303300300033003033003033003000330030330030330030000000
01122200333330033333000000000333330033333000000000000000003300003003303300303300300033003033003033003000330030330030330030000000
03333300333330033333000000000333330033333000000000000000033000003333303300303300300033003033003033003000330030330030330030000000
02222222222220022222222222200222220022222000000000000000330000300003303300303300303033003033003033003030330030330030330030000000
01111111111110011111111111100111110011111000000000000000333330300003300333000333003003330003330003330030033300033300033300000000
03333333333330033333333331100111110011111000000000000000000000000000000000000000000000000000000000000000000000000000000000000000
03333333333330033322211111100111110011111000000000000000000000000000000000000000000000000000000000000000000000000000000000000000
02222222222220022222222222200222220011111000000000000000000000000000000000000000000000000000000000000000000000000000000000000000
00222222222200022222222222200222220021111000000000000000000000000000000000000000000000000000000000000000000000000000000000000000
00011111111000011111111111100111110011111000000000000000000000000000000000000000000000000000000000000000000000000000000000000000
00000000000000000000000000000000000000000000000000000000000000000000000000000000000000000000000000000000000000000000000000000000
00000000000000000000000000000000000000000000000000000000000000000000000000000000000000000000000000000000000000000000000000000000

0x00096083
00000000000000000000000000000000000000000000000000000000000000000000000000000000000000000000000000000000000000000000000000000000
00000000111110011111111111100111110011111000000000000000000000000000000000000000000000000000000000000000000000000000000000000000
00000000333330033333333333300111110011111000000000000000000000000000000000000000000000000000000000000000000000000000000000000000
00000000333330033333221111100111110011111000000000000000000000000000000000000000000000000000000000000000000000000000000000000000
00000000222220022222222222200222220011111000000000000000000000000000000000000000000000000000000000000000000000000000000000000000
00000000111110011111111111100111110011111000000000000000000000000000000000000000000000000000000000000000000000000000000000000000
00000000111110011111111111100111110011111000000000000000000000000000330000003333003333300333003300303300003333303333000000000000
00000000333110011111111111100111110011111000000000000000000003030003330000003300303300003300303300303300003300303300300000000000
00000000222330033333000000000111110011111000000000000000000033333000330000003300303300003300003300303300003300303300300000000000
00000000222220022222000000000111110011111000000000000000000003030000330000003333303333003303303300303300003333303333300000000000
00000000111110011111000000000111110011111000000000000000000033333000330000003303003300003300303300303300003300303303000000000000
00000000113330033333000000000333330333333000000000000000000003030000330000003300303300003300303300303300003300303300300000000000
00000000333330033333333330000333333333333000000000000000000000000003333000003300303333300333300333003333303300303300300000000000
03333300333330022223333220000222222222222000000000000000000000000000000000000000000000000000000000000000000000000000000000000000
02222200222220022222222220000222222222220000000000000000000000000000000000000000000000000000000000000000000000000000000000000000
01111100111110011111111110000111111111100000000000000000000000000000000000000000000000000000000000000000000000000000000000000000
03333300333330033333333110000111111111110000000000000000000000000000000000000000000000000000000000000000000000000000000000000000
03333300333320011111111110000111111111111000000000000000000000000000000000000000000000000000000000000000000000000000000000000000
02222200222220022211111110000111111111111000000000000000033300003000000333000333000003330003330003330000033300033300033300000000
01111100111110011111000000000111110111111000000000000000300330003000003300303300300033003033003033003000330030330030330030000000
01111100111110011111000000000333330033333000000000000000000330003003303300303300300033003033003033003000330030330030330030000000
01111100111110011111000000000333330033333000000000000000003300003003303300303300300033003033003033003000330030330030330030000000
01111100111110011122000000000333330033333000000000000000033000003333303300303300300033003033003033003000330030330030330030000000
01111111112220022222222222200222220022222000000000000000330000300003303300303300303033003033003033003030330030330030330030000000
01111111111110011111111111100111110011111000000000000000333330300003300333000333003003330003330003330030033300033300033300000000
01111111111110033333333333300333330033333000000000000000000000000000000000000000000000000000000000000000000000000000000000000000
03333333333330033333333333300333330033333000000000000000000000000000000000000000000000000000000000000000000000000000000000000000
02222233333330033333222233300222220022222000000000000000000000000000000000000000000000000000000000000000000000000000000000000000
00222222222200022222222222200222220022222000000000000000000000000000000000000000000000000000000000000000000000000000000000000000
00011111111000011111111111100111110011111000000000000000000000000000000000000000000000000000000000000000000000000000000000000000
00000000000000000000000000000000000000000000000000000000000000000000000000000000000000000000000000000000000000000000000000000000
00000000000000000000000000000000000000000000000000000000000000000000000000000000000000000000000000000000000000000000000000000000

0x0009614e
00000000000000000000000000000000000000000000000000000000000000000000000000000000000000000000000000000000000000000000000000000000
00000000111110011111111111100111110011111000000000000000000000000000000000000000000000000000000000000000000000000000000000000000
00000000111110011133333333300333330033333000000000000000000000000000000000000000000000000000000000000000000000000000000000000000
00000000111110011111122223300333330033333000000000000000000000000000000000000000000000000000000000000000000000000000000000000000
00000000112220022222222222200222220022222000000000000000000000000000000000000000000000000000000000000000000000000000000000000000
00000000111110011111111111100111110011111000000000000000000000000000000000000000000000000000000000000000000000000000000000000000
00000000111110011111111111100111110011111000000000000000000000000000330000003333003333300333003300303300003333303333000000000000
00000000333330033333333333300333330011111000000000000000000003030003330000003300303300003300303300303300003300303300300000000000
00000000333330022222000000000222220033333000000000000000000033333000330000003300303300003300003300303300003300303300300000000000
00000000222220022222000000000222220022222000000000000000000003030000330000003333303333003303303300303300003333303333300000000000
00000000111110011111000000000111110011111000000000000000000033333000330000003303003300003300303300303300003300303303000000000000
00000000111110011111000000000111330333333000000000000000000003030000330000003300303300003300303300303300003300303300300000000000
00000000113330033333333330000333333333333000000000000000000000000003333000003300303333300333300333003333303300303300300000000000
01111100111110022222222330000333333332222000000000000000000000000000000000000000000000000000000000000000000000000000000000000000
01111200222220022222222220000222222222220000000000000000000000000000000000000000000000000000000000000000000000000000000000000000
01111100111110011111111110000111111111100000000000000000000000000000000000000000000000000000000000000000000000000000000000000000
03333300333330033333333330000333333333330000000000000000000000000000000000000000000000000000000000000000000000000000000000000000
03333300333330033333333330000333333221111000000000000000000000000000000000000000000000000000000000000000000000000000000000000000
03333300222220022222222220000222222222222000000000000000033300003000000333000333000003330003330003330000033300033300033300000000
02222200222220022221000000000111110111111000000000000000300330003000003300303300300033003033003033003000330030330030330030000000
01111100111110011111000000000111110011113000000000000000000330003003303300303300300033003033003033003000330030330030330030000000
03333300311110011111000000000111110011111000000000000000003300003003303300303300300033003033003033003000330030330030330030000000
02222200111110011111000000000111110011223000000000000000033000003333303300303300300033003033003033003000330030330030330030000000
02222222222220011111111111100122220022222000000000000000330000300003303300303300303033003033003033003030330030330030330030000000
01111111111110011111111111100111110011111000000000000000333330300003300333000333003003330003330003330030033300033300033300000000
01111111111110011111111111100111110011111000000000000000000000000000000000000000000000000000000000000000000000000000000000000000
01111111111110011111111333300333330033333000000000000000000000000000000000000000000000000000000000000000000000000000000000000000
03331111111110011111111111100222220033333000000000000000000000000000000000000000000000000000000000000000000000000000000000000000
00111111111100011122222222200222220022222000000000000000000000000000000000000000000000000000000000000000000000000000000000000000
00011111111000011111111111100111110011111000000000000000000000000000000000000000000000000000000000000000000000000000000000000000
00000000000000000000000000000000000000000000000000000000000000000000000000000000000000000000000000000000000000000000000000000000
00000000000000000000000000000000000000000000000000000000000000000000000000000000000000000000000000000000000000000000000000000000

0x00096248
00000000000000000000000000000000000000000000000000000000000000000000000000000000000000000000000000000000000000000000000000000000
11111001111111111110011111001111100000000000000000000000000000000000000000000000000000000000000000000000000000000000000000000000
11111001113333333330033333003333300000000000000000000000000000000000000000000000000000000000000000000000000000000000000000000000
11111001111112222330033333003333300000000000000000000000000000000000000000000000000000000000000000000000000000000000000000000000
11222002222222222220022222002222200000000000000000000000000000000000000000000000000000000000000000000000000000000000000000000000
11111001111111111110011111001111100000000000000000000000000000000000000000000000000000000000000000000000000000000000000000000000
11111001111111111110011111001111100000000000000000000000000033000000333300333330033300330030330000333330333300000000000000000000
33333003333333333330033333001111100000000000000000000303000333000000330030330000330030330030330000330030330030000000000000000000
33333002222200000000022222003333300000000000000000003333300033000000330030330000330000330030330000330030330030000000000000000000
22222002222200000000022222002222200000000000000000000303000033000000333330333300330330330030330000333330333330000000000000000000
11111001111100000000011111001111100000000000000000003333300033000000330300330000330030330030330000330030330300000000000000000000
11111001111100000000011133033333300000000000000000000303000033000000330030330000330030330030330000330030330030000000000000000000
11333003333333333000033333333333300000000000000000000000000333300000330030333330033330033300333330330030330030000000000000000000
11111002222222233000033333333222200000000000000000000000000000000000000000000000000000000000000000000000000000000000000003333300
22222002222222222000022222222222000000000000000000000000000000000000000000000000000000000000000000000000000000000000000002222200
11111001111111111000011111111110000000000000000000000000000000000000000000000000000000000000000000000000000000000000000001111100
33333003333333333000033333333333000000000000000000000000000000000000000000000000000000000000000000000000000000000000000003333300
33333003333333333000033333322111100000000000000000000000000000000000000000000000000000000000000000000000000000000000000003333300
22222002222222222000022222222222200000000000000003330000300000033300033300000333000333000333000003330003330003330000000002222200
22222002222100000000011111011111100000000000000030033000300000330030330030003300303300303300300033003033003033003000000001111100
11111001111100000000011111001111300000000000000000033000300330330030330030003300303300303300300033003033003033003000000001111100
31111001111100000000011111001111100000000000000000330000300330330030330030003300303300303300300033003033003033003000000001111100
11111001111100000000011111001122300000000000000003300000333330330030330030003300303300303300300033003033003033003000000001111100
22222001111111111110012222002222200000000000000033000030000330330030330030303300303300303300303033003033003033003000000001111111
11111001111111111110011111001111100000000000000033333030000330033300033300300333000333000333003003330003330003330000000001111111
11111001111111111110011111001111100000000000000000000000000000000000000000000000000000000000000000000000000000000000000001111111
11111001111111133330033333003333300000000000000000000000000000000000000000000000000000000000000000000000000000000000000003333333
11111001111111111110022222003333300000000000000000000000000000000000000000000000000000000000000000000000000000000000000002222233
11110001112222222220022222002222200000000000000000000000000000000000000000000000000000000000000000000000000000000000000000222222
11100001111111111110011111001111100000000000000000000000000000000000000000000000000000000000000000000000000000000000000000011111
00000000000000000000000000000000000000000000000000000000000000000000000000000000000000000000000000000000000000000000000000000000
00000000000000000000000000000000000000000000000000000000000000000000000000000000000000000000000000000000000000000000000000000000

0x00096267
00000000000000000000000000000000000000000000000000000000000000000000000000000000000000000000000000000000000000000000000000000000
11111111111001111100111110000000000000000000000000000000000000000000000000000000000000000000000000000000000000000000000011111001
11333333333003333300333330000000000000000000000000000000000000000000000000000000000000000000000000000000000000000000000033333003
11111222233003333300333330000000000000000000000000000000000000000000000000000000000000000000000000000000000000000000000033333003
22222222222002222200222220000000000000000000000000000000000000000000000000000000000000000000000000000000000000000000000022222002
11111111111001111100111110000000000000000000000000000000000000000000000000000000000000000000000000000000000000000000000011111001
11111111111001111100111110000000000000000000000000003300000033330033333003330033003033000033333033330000000000000000000011111001
33333333333003333300111110000000000000000000030300033300000033003033000033003033003033000033003033003000000000000000000033311001
22220000000002222200333330000000000000000000333330003300000033003033000033000033003033000033003033003000000000000000000022233003
22220000000002222200222220000000000000000000030300003300000033333033330033033033003033000033333033333000000000000000000022222002
11110000000001111100111110000000000000000000333330003300000033030033000033003033003033000033003033030000000000000000000011111001
11110000000001113303333330000000000000000000030300003300000033003033000033003033003033000033003033003000000000000000000011333003
33333333300003333333333330000000000000000000000000033330000033003033333003333003330033333033003033003000000000000000000033333003
22222223300003333333322220000000000000000000000000000000000000000000000000000000000000000000000000000000000000000333330033333002
22222222200002222222222200000000000000000000000000000000000000000000000000000000000000000000000000000000000000000222220022222002
11111111100001111111111000000000000000000000000000000000000000000000000000000000000000000000000000000000000000000111110011111001
33333333300003333333333300000000000000000000000000000000000000000000000000000000000000000000000000000000000000000333330033333003
33333333300003333332211110000000000000000000000000000000000000000000000000000000000000000000000000000000000000000333330033332001
22222222200002222222222220000000000000000333000030000003330003330000033300033300033300000333000333000333000000000222220022222002
22210000000001111101111110000000000000003003300030000033003033003000330030330030330030003300303300303300300000000111110011111001
11110000000001111100111130000000000000000003300030033033003033003000330030330030330030003300303300303300300000000111110011111001
11110000000001111100111110000000000000000033000030033033003033003000330030330030330030003300303300303300300000000111110011111001
11110000000001111100112230000000000000000330000033333033003033003000330030330030330030003300303300303300300000000111110011111001
11111111111001222200222220000000000000003300003000033033003033003030330030330030330030303300303300303300300000000111111111222002
11111111111001111100111110000000000000003333303000033003330003330030033300033300033300300333000333000333000000000111111111111001
11111111111001111100111110000000000000000000000000000000000000000000000000000000000000000000000000000000000000000111111111111003
11111113333003333300333330000000000000000000000000000000000000000000000000000000000000000000000000000000000000000333333333333003
11111111111002222200333330000000000000000000000000000000000000000000000000000000000000000000000000000000000000000222223333333003
11222222222002222200222220000000000000000000000000000000000000000000000000000000000000000000000000000000000000000022222222220002
11111111111001111100111110000000000000000000000000000000000000000000000000000000000000000000000000000000000000000001111111100001
00000000000000000000000000000000000000000000000000000000000000000000000000000000000000000000000000000000000000000000000000000000
00000000000000000000000000000000000000000000000000000000000000000000000000000000000000000000000000000000000000000000000000000000

0x000962a6
00000000000000000000000000000000000000000000000000000000000000000000000000000000000000000000000000000000000000000000000000000000
11100111110011111000000000000000000000000000000000000000000000000000000000000000000000000000000000000000000000001111100111111111
33300333330033333000000000000000000000000000000000000000000000000000000000000000000000000000000000000000000000003333300333333333
23300333330033333000000000000000000000000000000000000000000000000000000000000000000000000000000000000000000000003333300333332211
22200222220022222000000000000000000000000000000000000000000000000000000000000000000000000000000000000000000000002222200222222222
11100111110011111000000000000000000000000000000000000000000000000000000000000000000000000000000000000000000000001111100111111111
11100111110011111000000000000000000000000000330000003333003333300333003300303300003333303333000000000000000000001111100111111111
33300333330011111000000000000000000003030003330000003300303300003300303300303300003300303300300000000000000000003331100111111111
00000222220033333000000000000000000033333000330000003300303300003300003300303300003300303300300000000000000000002223300333330011
00000222220022222000000000000000000003030000330000003333303333003303303300303300003333303333300000000000000000002222200222220022
00000111110011111000000000000000000033333000330000003303003300003300303300303300003300303303000000000000000000001111100111110011
00000111330333333000000000000000000003030000330000003300303300003300303300303300003300303300300000000000000000001133300333330033
30000333333333333000000000000000000000000003333000003300303333300333300333003333303300303300300000000000000000003333300333333333
30000333333332222000000000000000000000000000000000000000000000000000000000000000000000000000000000000000033333003333300222233332
20000222222222220000000000000000000000000000000000000000000000000000000000000000000000000000000000000000022222002222200222222222
10000111111111100000000000000000000000000000000000000000000000000000000000000000000000000000000000000000011111001111100111111111
30000333333333330000000000000000000000000000000000000000000000000000000000000000000000000000000000000000033333003333300333333331
30000333333221111000000000000000000000000000000000000000000000000000000000000000000000000000000000000000033333003333200111111111
20000222222222222000000000000000033300003000000333000333000003330003330003330000033300033300033300000000022222002222200222111111
00000111110111111000000000000000300330003000003300303300300033003033003033003000330030330030330030000000011111001111100111110011
00000111110011113000000000000000000330003003303300303300300033003033003033003000330030330030330030000000011111001111100111110033
00000111110011111000000000000000003300003003303300303300300033003033003033003000330030330030330030000000011111001111100111110012
00000111110011223000000000000000033000003333303300303300300033003033003033003000330030330030330030000000011111001111100111220033
11100122220022222000000000000000330000300003303300303300303033003033003033003030330030330030330030000000011111111122200222222222
11100111110011111000000000000000333330300003300333000333003003330003330003330030033300033300033300000000011111111111100111111111
11100111110011111000000000000000000000000000000000000000000000000000000000000000000000000000000000000000011111111111100333333333
33300333330033333000000000000000000000000000000000000000000000000000000000000000000000000000000000000000033333333333300333333333
11100222220033333000000000000000000000000000000000000000000000000000000000000000000000000000000000000000022222333333300333332222
22200222220022222000000000000000000000000000000000000000000000000000000000000000000000000000000000000000002222222222000222222222
11100111110011111000000000000000000000000000000000000000000000000000000000000000000000000000000000000000000111111110000111111111
00000000000000000000000000000000000000000000000000000000000000000000000000000000000000000000000000000000000000000000000000000000
00000000000000000000000000000000000000000000000000000000000000000000000000000000000000000000000000000000000000000000000000000000

0x000962c5
00000000000000000000000000000000000000000000000000000000000000000000000000000000000000000000000000000000000000000000000000000000
11001111100000000000000000000000000000000000000000000000000000000000000000000000000000000000000000000000111110011111111110000000
33003333300000000000000000000000000000000000000000000000000000000000000000000000000000000000000000000000333330033333333333000000
33003333300000000000000000000000000000000000000000000000000000000000000000000000000000000000000000000000333330033333221111100000
22002222200000000000000000000000000000000000000000000000000000000000000000000000000000000000000000000000222220022222222222200000
11001111100000000000000000000000000000000000000000000000000000000000000000000000000000000000000000000000111110011111111111100000
11001111100000000000000000000000000033000000333300333330033300330030330000333330333300000000000000000000111110011111111111100000
33001111100000000000000000000303000333000000330030330000330030330030330000330030330030000000000000000000333110011111111111100000
22003333300000000000000000003333300033000000330030330000330000330030330000330030330030000000000000000000222330033333001111100000
22002222200000000000000000000303000033000000333330333300330330330030330000333330333330000000000000000000222220022222002222200000
11001111100000000000000000003333300033000000330300330000330030330030330000330030330300000000000000000000111110011111001111100000
33033333300000000000000000000303000033000000330030330000330030330030330000330030330030000000000000000000113330033333003333300000
33333333300000000000000000000000000333300000330030333330033330033300333330330030330030000000000000000000333330033333333333300000
33333222200000000000000000000000000000000000000000000000000000000000000000000000000000000000000003333300333330022223333222200000
22222222000000000000000000000000000000000000000000000000000000000000000000000000000000000000000002222200222220022222222222000000
11111110000000000000000000000000000000000000000000000000000000000000000000000000000000000000000001111100111110011111111110000000
33333333000000000000000000000000000000000000000000000000000000000000000000000000000000000000000003333300333330033333333111000000
33322111100000000000000000000000000000000000000000000000000000000000000000000000000000000000000003333300333320011111111111100000
22222222200000000000000003330000300000033300033300000333000333000333000003330003330003330000000002222200222220022211111111100000
11011111100000000000000030033000300000330030330030003300303300303300300033003033003033003000000001111100111110011111001111100000
11001111300000000000000000033000300330330030330030003300303300303300300033003033003033003000000001111100111110011111003333300000
11001111100000000000000000330000300330330030330030003300303300303300300033003033003033003000000001111100111110011111001222300000
11001122300000000000000003300000333330330030330030003300303300303300300033003033003033003000000001111100111110011122003333300000
22002222200000000000000033000030000330330030330030303300303300303300303033003033003033003000000001111111112220022222222222200000
11001111100000000000000033333030000330033300033300300333000333000333003003330003330003330000000001111111111110011111111111100000
11001111100000000000000000000000000000000000000000000000000000000000000000000000000000000000000001111111111110033333333333300000
33003333300000000000000000000000000000000000000000000000000000000000000000000000000000000000000003333333333330033333333333300000
22003333300000000000000000000000000000000000000000000000000000000000000000000000000000000000000002222233333330033333222233300000
22002222200000000000000000000000000000000000000000000000000000000000000000000000000000000000000000222222222200022222222222000000
11001111100000000000000000000000000000000000000000000000000000000000000000000000000000000000000000011111111000011111111110000000
00000000000000000000000000000000000000000000000000000000000000000000000000000000000000000000000000000000000000000000000000000000
00000000000000000000000000000000000000000000000000000000000000000000000000000000000000000000000000000000000000000000000000000000

0x000962e4
00000000000000000000000000000000000000000000000000000000000000000000000000000000000000000000000000000000000000000000000000000000
10000000000000000000000000000000000000000000000000000000000000000000000000000000000000000000000011111001111111111000000000000000
30000000000000000000000000000000000000000000000000000000000000000000000000000000000000000000000033333003333333333300000000000000
30000000000000000000000000000000000000000000000000000000000000000000000000000000000000000000000033333003333322111110000000000000
20000000000000000000000000000000000000000000000000000000000000000000000000000000000000000000000022222002222222222220000000000000
10000000000000000000000000000000000000000000000000000000000000000000000000000000000000000000000011111001111111111110000000000000
10000000000000000000000000003300000033330033333003330033003033000033333033330000000000000000000011111001111111111110000000000000
10000000000000000000030300033300000033003033000033003033003033000033003033003000000000000000000033311001111111111110000000000000
30000000000000000000333330003300000033003033000033000033003033000033003033003000000000000000000022233003333300111110000000000000
20000000000000000000030300003300000033333033330033033033003033000033333033333000000000000000000022222002222200222220000000000000
10000000000000000000333330003300000033030033000033003033003033000033003033030000000000000000000011111001111100111110000000000000
30000000000000000000030300003300000033003033000033003033003033000033003033003000000000000000000011333003333300333330000000000000
30000000000000000000000000033330000033003033333003333003330033333033003033003000000000000000000033333003333333333330000000000000
20000000000000000000000000000000000000000000000000000000000000000000000000000000000000000333330033333002222333322220000000000000
00000000000000000000000000000000000000000000000000000000000000000000000000000000000000000222220022222002222222222200000000000000
00000000000000000000000000000000000000000000000000000000000000000000000000000000000000000111110011111001111111111000000000000000
00000000000000000000000000000000000000000000000000000000000000000000000000000000000000000333330033333003333333311100000000000000
10000000000000000000000000000000000000000000000000000000000000000000000000000000000000000333330033332001111111111110000000000000
20000000000000000333000030000003330003330000033300033300033300000333000333000333000000000222220022222002221111111110000000000000
10000000000000003003300030000033003033003000330030330030330030003300303300303300300000000111110011111001111100111110000000000000
30000000000000000003300030033033003033003000330030330030330030003300303300303300300000000111110011111001111100333330000000000000
10000000000000000033000030033033003033003000330030330030330030003300303300303300300000000111110011111001111100122230000000000000
30000000000000000330000033333033003033003000330030330030330030003300303300303300300000000111110011111001112200333330000000000000
20000000000000003300003000033033003033003030330030330030330030303300303300303300300000000111111111222002222222222220000000000000
10000000000000003333303000033003330003330030033300033300033300300333000333000333000000000111111111111001111111111110000000000000
10000000000000000000000000000000000000000000000000000000000000000000000000000000000000000111111111111003333333333330000000000000
30000000000000000000000000000000000000000000000000000000000000000000000000000000000000000333333333333003333333333330000000000000
30000000000000000000000000000000000000000000000000000000000000000000000000000000000000000222223333333003333322223330000000000000
20000000000000000000000000000000000000000000000000000000000000000000000000000000000000000022222222220002222222222200000000000000
10000000000000000000000000000000000000000000000000000000000000000000000000000000000000000001111111100001111111111000000000000000
00000000000000000000000000000000000000000000000000000000000000000000000000000000000000000000000000000000000000000000000000000000
00000000000000000000000000000000000000000000000000000000000000000000000000000000000000000000000000000000000000000000000000000000

0x00096313
00000000000000000000000000000000000000000000000000000000000000000000000000000000000000000000000000000000000000000000000000000000
00000000000000000000000000000000000000000000000000000000000000000000000000000000000000001111100111111111100000000000000000000000
00000000000000000000000000000000000000000000000000000000000000000000000000000000000000003333300333333333330000000000000000000000
00000000000000000000000000000000000000000000000000000000000000000000000000000000000000003333300333332211111000000000000000000000
00000000000000000000000000000000000000000000000000000000000000000000000000000000000000002222200222222222222000000000000000000000
00000000000000000000000000000000000000000000000000000000000000000000000000000000000000001111100111111111111000000000000000000000
00000000000000000000330000003333003333300333003300303300003333303333000000000000000000001111100111111111111000000000000000000000
00000000000003030003330000003300303300003300303300303300003300303300300000000000000000003331100111111111111000000000000000000000
00000000000033333000330000003300303300003300003300303300003300303300300000000000000000002223300333330011111000000000000000000000
00000000000003030000330000003333303333003303303300303300003333303333300000000000000000002222200222220022222000000000000000000000
00000000000033333000330000003303003300003300303300303300003300303303000000000000000000001111100111110011111000000000000000000000
00000000000003030000330000003300303300003300303300303300003300303300300000000000000000001133300333330033333000000000000000000000
00000000000000000003333000003300303333300333300333003333303300303300300000000000000000003333300333333333333000000000000000000000
00000000000000000000000000000000000000000000000000000000000000000000000000000000033333003333300222233332222000000000000000000000
00000000000000000000000000000000000000000000000000000000000000000000000000000000022222002222200222222222220000000000000000000000
00000000000000000000000000000000000000000000000000000000000000000000000000000000011111001111100111111111100000000000000000000000
00000000000000000000000000000000000000000000000000000000000000000000000000000000033333003333300333333331110000000000000000000000
00000000000000000000000000000000000000000000000000000000000000000000000000000000033333003333200111111111111000000000000000000000
00000000033300003000000333000333000003330003330003330000033300033300033300000000022222002222200222111111111000000000000000000000
00000000300330003000003300303300300033003033003033003000330030330030330030000000011111001111100111110011111000000000000000000000
00000000000330003003303300303300300033003033003033003000330030330030330030000000011111001111100111110033333000000000000000000000
00000000003300003003303300303300300033003033003033003000330030330030330030000000011111001111100111110012223000000000000000000000
00000000033000003333303300303300300033003033003033003000330030330030330030000000011111001111100111220033333000000000000000000000
00000000330000300003303300303300303033003033003033003030330030330030330030000000011111111122200222222222222000000000000000000000
00000000333330300003300333000333003003330003330003330030033300033300033300000000011111111111100111111111111000000000000000000000
00000000000000000000000000000000000000000000000000000000000000000000000000000000011111111111100333333333333000000000000000000000
00000000000000000000000000000000000000000000000000000000000000000000000000000000033333333333300333333333333000000000000000000000
00000000000000000000000000000000000000000000000000000000000000000000000000000000022222333333300333332222333000000000000000000000
00000000000000000000000000000000000000000000000000000000000000000000000000000000002222222222000222222222220000000000000000000000
00000000000000000000000000000000000000000000000000000000000000000000000000000000000111111110000111111111100000000000000000000000
00000000000000000000000000000000000000000000000000000000000000000000000000000000000000000000000000000000000000000000000000000000
00000000000000000000000000000000000000000000000000000000000000000000000000000000000000000000000000000000000000000000000000000000

0x00096332
00000000000000000000000000000000000000000000000000000000000000000000000000000000000000000000000000000000000000000000000000000000
00000000000000000000000000000000000000000000000000000000000000000000000000000000111110011111111110000000000000000000000000000000
00000000000000000000000000000000000000000000000000000000000000000000000000000000333330033333333333000000000000000000000000000000
00000000000000000000000000000000000000000000000000000000000000000000000000000000333330033333221111100000000000000000000000000000
00000000000000000000000000000000000000000000000000000000000000000000000000000000222220022222222222200000000000000000000000000000
00000000000000000000000000000000000000000000000000000000000000000000000000000000111110011111111111100000000000000000000000000000
00000000000033000000333300333330033300330030330000333330333300000000000000000000111110011111111111100000000000000000000000000000
00000303000333000000330030330000330030330030330000330030330030000000000000000000333110011111111111100000000000000000000000000000
00003333300033000000330030330000330000330030330000330030330030000000000000000000222330033333001111100000000000000000000000000000
00000303000033000000333330333300330330330030330000333330333330000000000000000000222220022222002222200000000000000000000000000000
00003333300033000000330300330000330030330030330000330030330300000000000000000000111110011111001111100000000000000000000000000000
00000303000033000000330030330000330030330030330000330030330030000000000000000000113330033333003333300000000000000000000000000000
00000000000333300000330030333330033330033300333330330030330030000000000000000000333330033333333333300000000000000000000000000000
00000000000000000000000000000000000000000000000000000000000000000000000003333300333330022223333222200000000000000000000000000000
00000000000000000000000000000000000000000000000000000000000000000000000002222200222220022222222222000000000000000000000000000000
00000000000000000000000000000000000000000000000000000000000000000000000001111100111110011111111110000000000000000000000000000000
00000000000000000000000000000000000000000000000000000000000000000000000003333300333330033333333111000000000000000000000000000000
00000000000000000000000000000000000000000000000000000000000000000000000003333300333320011111111111100000000000000000000000000000
03330000300000033300033300000333000333000333000003330003330003330000000002222200222220022211111111100000000000000000000000000000
30033000300000330030330030003300303300303300300033003033003033003000000001111100111110011111001111100000000000000000000000000000
00033000300330330030330030003300303300303300300033003033003033003000000001111100111110011111003333300000000000000000000000000000
00330000300330330030330030003300303300303300300033003033003033003000000001111100111110011111001222300000000000000000000000000000
03300000333330330030330030003300303300303300300033003033003033003000000001111100111110011122003333300000000000000000000000000000
33000030000330330030330030303300303300303300303033003033003033003000000001111111112220022222222222200000000000000000000000000000
33333030000330033300033300300333000333000333003003330003330003330000000001111111111110011111111111100000000000000000000000000000
00000000000000000000000000000000000000000000000000000000000000000000000001111111111110033333333333300000000000000000000000000000
00000000000000000000000000000000000000000000000000000000000000000000000003333333333330033333333333300000000000000000000000000000
00000000000000000000000000000000000000000000000000000000000000000000000002222233333330033333222233300000000000000000000000000000
00000000000000000000000000000000000000000000000000000000000000000000000000222222222200022222222222000000000000000000000000000000
00000000000000000000000000000000000000000000000000000000000000000000000000011111111000011111111110000000000000000000000000000000
00000000000000000000000000000000000000000000000000000000000000000000000000000000000000000000000000000000000000000000000000000000
00000000000000000000000000000000000000000000000000000000000000000000000000000000000000000000000000000000000000000000000000000000

0x00096352
00000000000000000000000000000000000000000000000000000000000000000000000000000000000000000000000000000000000000000000000000000000
00000000000000000000000000000000000000000000000000000000000000000000000011111001111111111000000000000000000000000000000000000000
00000000000000000000000000000000000000000000000000000000000000000000000033333003333333333300000000000000000000000000000000000000
00000000000000000000000000000000000000000000000000000000000000000000000033333003333322111110000000000000000000000000000000000000
00000000000000000000000000000000000000000000000000000000000000000000000022222002222222222220000000000000000000000000000000000000
00000000000000000000000000000000000000000000000000000000000000000000000011111001111111111110000000000000000000000000000000000000
00003300000033330033333003330033003033000033333033330000000000000000000011111001111111111110000000000000000000000000000000000000
00033300000033003033000033003033003033000033003033003000000000000000000033311001111111111110000000000000000000000000000000000303
30003300000033003033000033000033003033000033003033003000000000000000000022233003333300111110000000000000000000000000000000003333
00003300000033333033330033033033003033000033333033333000000000000000000022222002222200222220000000000000000000000000000000000303
30003300000033030033000033003033003033000033003033030000000000000000000011111001111100111110000000000000000000000000000000003333
00003300000033003033000033003033003033000033003033003000000000000000000011333003333300333330000000000000000000000000000000000303
00033330000033003033333003333003330033333033003033003000000000000000000033333003333333333330000000000000000000000000000000000000
00000000000000000000000000000000000000000000000000000000000000000333330033333002222333322220000000000000000000000000000000000000
00000000000000000000000000000000000000000000000000000000000000000222220022222002222222222200000000000000000000000000000000000000
00000000000000000000000000000000000000000000000000000000000000000111110011111001111111111000000000000000000000000000000000000000
00000000000000000000000000000000000000000000000000000000000000000333330033333003333333311100000000000000000000000000000000000000
00000000000000000000000000000000000000000000000000000000000000000333330033332001111111111110000000000000000000000000000000000000
30000003330003330000033300033300033300000333000333000333000000000222220022222002221111111110000000000000000000000000000003330000
30000033003033003000330030330030330030003300303300303300300000000111110011111001111100111110000000000000000000000000000030033000
30033033003033003000330030330030330030003300303300303300300000000111110011111001111100333330000000000000000000000000000000033000
30033033003033003000330030330030330030003300303300303300300000000111110011111001111100122230000000000000000000000000000000330000
33333033003033003000330030330030330030003300303300303300300000000111110011111001112200333330000000000000000000000000000003300000
00033033003033003030330030330030330030303300303300303300300000000111111111222002222222222220000000000000000000000000000033000030
00033003330003330030033300033300033300300333000333000333000000000111111111111001111111111110000000000000000000000000000033333030
00000000000000000000000000000000000000000000000000000000000000000111111111111003333333333330000000000000000000000000000000000000
00000000000000000000000000000000000000000000000000000000000000000333333333333003333333333330000000000000000000000000000000000000
00000000000000000000000000000000000000000000000000000000000000000222223333333003333322223330000000000000000000000000000000000000
00000000000000000000000000000000000000000000000000000000000000000022222222220002222222222200000000000000000000000000000000000000
00000000000000000000000000000000000000000000000000000000000000000001111111100001111111111000000000000000000000000000000000000000
00000000000000000000000000000000000000000000000000000000000000000000000000000000000000000000000000000000000000000000000000000000
00000000000000000000000000000000000000000000000000000000000000000000000000000000000000000000000000000000000000000000000000000000

0x00096380
00000000000000000000000000000000000000000000000000000000000000000000000000000000000000000000000000000000000000000000000000000000
00000000000000000000000000000000000000000000000000000000000000001111100111111111100000000000000000000000000000000000000000000000
00000000000000000000000000000000000000000000000000000000000000003333300333333333330000000000000000000000000000000000000000000000
00000000000000000000000000000000000000000000000000000000000000003333300333332211111000000000000000000000000000000000000000000000
00000000000000000000000000000000000000000000000000000000000000002222200222222222222000000000000000000000000000000000000000000000
00000000000000000000000000000000000000000000000000000000000000001111100111111111111000000000000000000000000000000000000000000000
00003333003333300333003300303300003333303333000000000000000000001111100111111111111000000000000000000000000000000000000000033300
00003300303300003300303300303300003300303300300000000000000000003331100111111111111000000000000000000000000000000000030300300330
00003300303300003300003300303300003300303300300000000000000000002223300333330011111000000000000000000000000000000000333330000330
00003333303333003303303300303300003333303333300000000000000000002222200222220022222000000000000000000000000000000000030300003300
00003303003300003300303300303300003300303303000000000000000000001111100111110011111000000000000000000000000000000000333330033000
00003300303300003300303300303300003300303300300000000000000000001133300333330033333000000000000000000000000000000000030300330000
00003300303333300333300333003333303300303300300000000000000000003333300333333333333000000000000000000000000000000000000000333330
00000000000000000000000000000000000000000000000000000000033333003333300222233332222000000000000000000000000000000000000000000000
00000000000000000000000000000000000000000000000000000000022222002222200222222222220000000000000000000000000000000000000000000000
00000000000000000000000000000000000000000000000000000000011111001111100111111111100000000000000000000000000000000000000000000000
00000000000000000000000000000000000000000000000000000000033333003333300333333331110000000000000000000000000000000000000000000000
00000000000000000000000000000000000000000000000000000000033333003333200111111111111000000000000000000000000000000000000000000000
33000333000003330003330003330000033300033300033300000000022222002222200222111111111000000000000000000000000000000333000000330003
00303300300033003033003033003000330030330030330030000000011111001111100111110011111000000000000000000000000000003003300003330033
00303300300033003033003033003000330030330030330030000000011111001111100111110033333000000000000000000000000000000003300000330033
00303300300033003033003033003000330030330030330030000000011111001111100111110012223000000000000000000000000000000033000000330033
00303300300033003033003033003000330030330030330030000000011111001111100111220033333000000000000000000000000000000330000000330033
00303300303033003033003033003030330030330030330030000000011111111122200222222222222000000000000000000000000000003300003000330033
33000333003003330003330003330030033300033300033300000000011111111111100111111111111000000000000000000000000000003333303003333003
00000000000000000000000000000000000000000000000000000000011111111111100333333333333000000000000000000000000000000000000000000000
00000000000000000000000000000000000000000000000000000000033333333333300333333333333000000000000000000000000000000000000000000000
00000000000000000000000000000000000000000000000000000000022222333333300333332222333000000000000000000000000000000000000000000000
00000000000000000000000000000000000000000000000000000000002222222222000222222222220000000000000000000000000000000000000000000000
00000000000000000000000000000000000000000000000000000000000111111110000111111111100000000000000000000000000000000000000000000000
00000000000000000000000000000000000000000000000000000000000000000000000000000000000000000000000000000000000000000000000000000000
00000000000000000000000000000000000000000000000000000000000000000000000000000000000000000000000000000000000000000000000000000000

0x000963af
00000000000000000000000000000000000000000000000000000000000000000000000000000000000000000000000000000000000000000000000000000000
00000000000000000000000000000000000000000000000000000000111110011111111110000000000000000000000000000000000000000000000000000000
00000000000000000000000000000000000000000000000000000000333330033333333333000000000000000000000000000000000000000000000000000000
00000000000000000000000000000000000000000000000000000000333330033333221111100000000000000000000000000000000000000000000000000000
00000000000000000000000000000000000000000000000000000000222220022222222222200000000000000000000000000000000000000000000000000000
00000000000000000000000000000000000000000000000000000000111110011111111111100000000000000000000000000000000000000000000000000000
00333330033300330030330000333330333300000000000000000000111110011111111111100000000000000000000000000000000000000003330000003333
30330000330030330030330000330030330030000000000000000000333110011111111111100000000000000000000000000000000003030030033000003300
30330000330000330030330000330030330030000000000000000000222330033333001111100000000000000000000000000000000033333000033000003300
30333300330330330030330000333330333330000000000000000000222220022222002222200000000000000000000000000000000003030000330000003333
00330000330030330030330000330030330300000000000000000000111110011111001111100000000000000000000000000000000033333003300000003303
30330000330030330030330000330030330030000000000000000000113330033333003333300000000000000000000000000000000003030033000000003300
30333330033330033300333330330030330030000000000000000000333330033333333333300000000000000000000000000000000000000033333000003300
00000000000000000000000000000000000000000000000003333300333330022223333222200000000000000000000000000000000000000000000000000000
00000000000000000000000000000000000000000000000002222200222220022222222222000000000000000000000000000000000000000000000000000000
00000000000000000000000000000000000000000000000001111100111110011111111110000000000000000000000000000000000000000000000000000000
00000000000000000000000000000000000000000000000003333300333330033333333111000000000000000000000000000000000000000000000000000000
00000000000000000000000000000000000000000000000003333300333320011111111111100000000000000000000000000000000000000000000000000000
00000333000333000333000003330003330003330000000002222200222220022211111111100000000000000000000000000000033300000033000333000333
30003300303300303300300033003033003033003000000001111100111110011111001111100000000000000000000000000000300330000333003300303300
30003300303300303300300033003033003033003000000001111100111110011111003333300000000000000000000000000000000330000033003300303300
30003300303300303300300033003033003033003000000001111100111110011111001222300000000000000000000000000000003300000033003300303300
30003300303300303300300033003033003033003000000001111100111110011122003333300000000000000000000000000000033000000033003300303300
30303300303300303300303033003033003033003000000001111111112220022222222222200000000000000000000000000000330000300033003300303300
00300333000333000333003003330003330003330000000001111111111110011111111111100000000000000000000000000000333330300333300333000333
00000000000000000000000000000000000000000000000001111111111110033333333333300000000000000000000000000000000000000000000000000000
00000000000000000000000000000000000000000000000003333333333330033333333333300000000000000000000000000000000000000000000000000000
00000000000000000000000000000000000000000000000002222233333330033333222233300000000000000000000000000000000000000000000000000000
00000000000000000000000000000000000000000000000000222222222200022222222222000000000000000000000000000000000000000000000000000000
00000000000000000000000000000000000000000000000000011111111000011111111110000000000000000000000000000000000000000000000000000000
00000000000000000000000000000000000000000000000000000000000000000000000000000000000000000000000000000000000000000000000000000000
00000000000000000000000000000000000000000000000000000000000000000000000000000000000000000000000000000000000000000000000000000000

0x000963cf
00000000000000000000000000000000000000000000000000000000000000000000000000000000000000000000000000000000000000000000000000000000
00000000000000000000000000000000000000000000000011111001111111111000000000000000000000000000000000000000000000000000000000000000
00000000000000000000000000000000000000000000000033333003333333333300000000000000000000000000000000000000000000000000000000000000
00000000000000000000000000000000000000000000000033333003333322111110000000000000000000000000000000000000000000000000000000000000
00000000000000000000000000000000000000000000000022222002222222222220000000000000000000000000000000000000000000000000000000000000
00000000000000000000000000000000000000000000000011111001111111111110000000000000000000000000000000000000000000000000000000000000
03330033003033000033333033330000000000000000000011111001111111111110000000000000000000000000000000000000000333000000333300333330
33003033003033000033003033003000000000000000000033311001111111111110000000000000000000000000000000000303003003300000330030330000
33000033003033000033003033003000000000000000000022233003333300111110000000000000000000000000000000003333300003300000330030330000
33033033003033000033333033333000000000000000000022222002222200222220000000000000000000000000000000000303000033000000333330333300
33003033003033000033003033030000000000000000000011111001111100111110000000000000000000000000000000003333300330000000330300330000
33003033003033000033003033003000000000000000000011333003333300333330000000000000000000000000000000000303003300000000330030330000
03333003330033333033003033003000000000000000000033333003333333333330000000000000000000000000000000000000003333300000330030333330
00000000000000000000000000000000000000000333330033333002222333322220000000000000000000000000000000000000000000000000000000000000
00000000000000000000000000000000000000000222220022222002222222222200000000000000000000000000000000000000000000000000000000000000
00000000000000000000000000000000000000000111110011111001111111111000000000000000000000000000000000000000000000000000000000000000
00000000000000000000000000000000000000000333330033333003333333311100000000000000000000000000000000000000000000000000000000000000
00000000000000000000000000000000000000000333330033332001111111111110000000000000000000000000000000000000000000000000000000000000
00033300033300000333000333000333000000000222220022222002221111111110000000000000000000000000000003330000003300033300033300000333
30330030330030003300303300303300300000000111110011111001111100111110000000000000000000000000000030033000033300330030330030003300
30330030330030003300303300303300300000000111110011111001111100333330000000000000000000000000000000033000003300330030330030003300
30330030330030003300303300303300300000000111110011111001111100122230000000000000000000000000000000330000003300330030330030003300
30330030330030003300303300303300300000000111110011111001112200333330000000000000000000000000000003300000003300330030330030003300
30330030330030303300303300303300300000000111111111222002222222222220000000000000000000000000000033000030003300330030330030303300
00033300033300300333000333000333000000000111111111111001111111111110000000000000000000000000000033333030033330033300033300300333
00000000000000000000000000000000000000000111111111111003333333333330000000000000000000000000000000000000000000000000000000000000
00000000000000000000000000000000000000000333333333333003333333333330000000000000000000000000000000000000000000000000000000000000
00000000000000000000000000000000000000000222223333333003333322223330000000000000000000000000000000000000000000000000000000000000
00000000000000000000000000000000000000000022222222220002222222222200000000000000000000000000000000000000000000000000000000000000
00000000000000000000000000000000000000000001111111100001111111111000000000000000000000000000000000000000000000000000000000000000
00000000000000000000000000000000000000000000000000000000000000000000000000000000000000000000000000000000000000000000000000000000
00000000000000000000000000000000000000000000000000000000000000000000000000000000000000000000000000000000000000000000000000000000

0x000963ee
00000000000000000000000000000000000000000000000000000000000000000000000000000000000000000000000000000000000000000000000000000000
00000000000000000000000000000000000000001111100111111111100000000000000000000000000000000000000000000000000000000000000000000000
00000000000000000000000000000000000000003333300333333333330000000000000000000000000000000000000000000000000000000000000000000000
00000000000000000000000000000000000000003333300333332211111000000000000000000000000000000000000000000000000000000000000000000000
00000000000000000000000000000000000000002222200222222222222000000000000000000000000000000000000000000000000000000000000000000000
00000000000000000000000000000000000000001111100111111111111000000000000000000000000000000000000000000000000000000000000000000000
00303300003333303333000000000000000000001111100111111111111000000000000000000000000000000000000000033300000033330033333003330033
00303300003300303300300000000000000000003331100111111111111000000000000000000000000000000000030300300330000033003033000033003033
00303300003300303300300000000000000000002223300333330011111000000000000000000000000000000000333330000330000033003033000033000033
00303300003333303333300000000000000000002222200222220022222000000000000000000000000000000000030300003300000033333033330033033033
00303300003300303303000000000000000000001111100111110011111000000000000000000000000000000000333330033000000033030033000033003033
00303300003300303300300000000000000000001133300333330033333000000000000000000000000000000000030300330000000033003033000033003033
33003333303300303300300000000000000000003333300333333333333000000000000000000000000000000000000000333330000033003033333003333003
00000000000000000000000000000000033333003333300222233332222000000000000000000000000000000000000000000000000000000000000000000000
00000000000000000000000000000000022222002222200222222222220000000000000000000000000000000000000000000000000000000000000000000000
00000000000000000000000000000000011111001111100111111111100000000000000000000000000000000000000000000000000000000000000000000000
00000000000000000000000000000000033333003333300333333331110000000000000000000000000000000000000000000000000000000000000000000000
00000000000000000000000000000000033333003333200111111111111000000000000000000000000000000000000000000000000000000000000000000000
03330000033300033300033300000000022222002222200222111111111000000000000000000000000000000333000000330003330003330000033300033300
33003000330030330030330030000000011111001111100111110011111000000000000000000000000000003003300003330033003033003000330030330030
33003000330030330030330030000000011111001111100111110033333000000000000000000000000000000003300000330033003033003000330030330030
33003000330030330030330030000000011111001111100111110012223000000000000000000000000000000033000000330033003033003000330030330030
33003000330030330030330030000000011111001111100111220033333000000000000000000000000000000330000000330033003033003000330030330030
33003030330030330030330030000000011111111122200222222222222000000000000000000000000000003300003000330033003033003030330030330030
03330030033300033300033300000000011111111111100111111111111000000000000000000000000000003333303003333003330003330030033300033300
00000000000000000000000000000000011111111111100333333333333000000000000000000000000000000000000000000000000000000000000000000000
00000000000000000000000000000000033333333333300333333333333000000000000000000000000000000000000000000000000000000000000000000000
00000000000000000000000000000000022222333333300333332222333000000000000000000000000000000000000000000000000000000000000000000000
00000000000000000000000000000000002222222222000222222222220000000000000000000000000000000000000000000000000000000000000000000000
00000000000000000000000000000000000111111110000111111111100000000000000000000000000000000000000000000000000000000000000000000000
00000000000000000000000000000000000000000000000000000000000000000000000000000000000000000000000000000000000000000000000000000000
00000000000000000000000000000000000000000000000000000000000000000000000000000000000000000000000000000000000000000000000000000000

0x0009641d
00000000000000000000000000000000000000000000000000000000000000000000000000000000000000000000000000000000000000000000000000000000
00000000000000000000000000000000111110011111111110000000000000000000000000000000000000000000000000000000000000000000000000000000
00000000000000000000000000000000333330033333333333000000000000000000000000000000000000000000000000000000000000000000000000000000
00000000000000000000000000000000333330033333221111100000000000000000000000000000000000000000000000000000000000000000000000000000
00000000000000000000000000000000222220022222222222200000000000000000000000000000000000000000000000000000000000000000000000000000
00000000000000000000000000000000111110011111111111100000000000000000000000000000000000000000000000000000000000000000000000000000
00333330333300000000000000000000111110011111111111100000000000000000000000000000000000000003330000003333003333300333003300303300
00330030330030000000000000000000333110011111111111100000000000000000000000000000000003030030033000003300303300003300303300303300
00330030330030000000000000000000222330033333001111100000000000000000000000000000000033333000033000003300303300003300003300303300
00333330333330000000000000000000222220022222002222200000000000000000000000000000000003030000330000003333303333003303303300303300
00330030330300000000000000000000111110011111001111100000000000000000000000000000000033333003300000003303003300003300303300303300
00330030330030000000000000000000113330033333003333300000000000000000000000000000000003030033000000003300303300003300303300303300
30330030330030000000000000000000333330033333333333300000000000000000000000000000000000000033333000003300303333300333300333003333
00000000000000000000000003333300333330022223333222200000000000000000000000000000000000000000000000000000000000000000000000000000
00000000000000000000000002222200222220022222222222000000000000000000000000000000000000000000000000000000000000000000000000000000
00000000000000000000000001111100111110011111111110000000000000000000000000000000000000000000000000000000000000000000000000000000
00000000000000000000000003333300333330033333333111000000000000000000000000000000000000000000000000000000000000000000000000000000
00000000000000000000000003333300333320011111111111100000000000000000000000000000000000000000000000000000000000000000000000000000
03330003330003330000000002222200222220022211111111100000000000000000000000000000033300000033000333000333000003330003330003330000
33003033003033003000000001111100111110011111001111100000000000000000000000000000300330000333003300303300300033003033003033003000
33003033003033003000000001111100111110011111003333300000000000000000000000000000000330000033003300303300300033003033003033003000
33003033003033003000000001111100111110011111001222300000000000000000000000000000003300000033003300303300300033003033003033003000
33003033003033003000000001111100111110011122003333300000000000000000000000000000033000000033003300303300300033003033003033003000
33003033003033003000000001111111112220022222222222200000000000000000000000000000330000300033003300303300303033003033003033003030
03330003330003330000000001111111111110011111111111100000000000000000000000000000333330300333300333000333003003330003330003330030
00000000000000000000000001111111111110033333333333300000000000000000000000000000000000000000000000000000000000000000000000000000
00000000000000000000000003333333333330033333333333300000000000000000000000000000000000000000000000000000000000000000000000000000
00000000000000000000000002222233333330033333222233300000000000000000000000000000000000000000000000000000000000000000000000000000
00000000000000000000000000222222222200022222222222000000000000000000000000000000000000000000000000000000000000000000000000000000
00000000000000000000000000011111111000011111111110000000000000000000000000000000000000000000000000000000000000000000000000000000
00000000000000000000000000000000000000000000000000000000000000000000000000000000000000000000000000000000000000000000000000000000
00000000000000000000000000000000000000000000000000000000000000000000000000000000000000000000000000000000000000000000000000000000

0x0009643c
00000000000000000000000000000000000000000000000000000000000000000000000000000000000000000000000000000000000000000000000000000000
00000000000000000000000011111001111111111000000000000000000000000000000000000000000000000000000000000000000000000000000000000000
00000000000000000000000033333003333333333300000000000000000000000000000000000000000000000000000000000000000000000000000000000000
00000000000000000000000033333003333322111110000000000000000000000000000000000000000000000000000000000000000000000000000000000000
00000000000000000000000022222002222222222220000000000000000000000000000000000000000000000000000000000000000000000000000000000000
00000000000000000000000011111001111111111110000000000000000000000000000000000000000000000000000000000000000000000000000000000000
33330000000000000000000011111001111111111110000000000000000000000000000000000000000333000000333300333330033300330030330000333330
33003000000000000000000033311001111111111110000000000000000000000000000000000303003003300000330030330000330030330030330000330030
33003000000000000000000022233003333300111110000000000000000000000000000000003333300003300000330030330000330000330030330000330030
33333000000000000000000022222002222200222220000000000000000000000000000000000303000033000000333330333300330330330030330000333330
33030000000000000000000011111001111100111110000000000000000000000000000000003333300330000000330300330000330030330030330000330030
33003000000000000000000011333003333300333330000000000000000000000000000000000303003300000000330030330000330030330030330000330030
33003000000000000000000033333003333333333330000000000000000000000000000000000000003333300000330030333330033330033300333330330030
00000000000000000333330033333002222333322220000000000000000000000000000000000000000000000000000000000000000000000000000000000000
00000000000000000222220022222002222222222200000000000000000000000000000000000000000000000000000000000000000000000000000000000000
00000000000000000111110011111001111111111000000000000000000000000000000000000000000000000000000000000000000000000000000000000000
00000000000000000333330033333003333333311100000000000000000000000000000000000000000000000000000000000000000000000000000000000000
00000000000000000333330033332001111111111110000000000000000000000000000000000000000000000000000000000000000000000000000000000000
33000333000000000222220022222002221111111110000000000000000000000000000003330000003300033300033300000333000333000333000003330003
00303300300000000111110011111001111100111110000000000000000000000000000030033000033300330030330030003300303300303300300033003033
00303300300000000111110011111001111100333330000000000000000000000000000000033000003300330030330030003300303300303300300033003033
00303300300000000111110011111001111100122230000000000000000000000000000000330000003300330030330030003300303300303300300033003033
00303300300000000111110011111001112200333330000000000000000000000000000003300000003300330030330030003300303300303300300033003033
00303300300000000111111111222002222222222220000000000000000000000000000033000030003300330030330030303300303300303300303033003033
33000333000000000111111111111001111111111110000000000000000000000000000033333030033330033300033300300333000333000333003003330003
00000000000000000111111111111003333333333330000000000000000000000000000000000000000000000000000000000000000000000000000000000000
00000000000000000333333333333003333333333330000000000000000000000000000000000000000000000000000000000000000000000000000000000000
00000000000000000222223333333003333322223330000000000000000000000000000000000000000000000000000000000000000000000000000000000000
00000000000000000022222222220002222222222200000000000000000000000000000000000000000000000000000000000000000000000000000000000000
00000000000000000001111111100001111111111000000000000000000000000000000000000000000000000000000000000000000000000000000000000000
00000000000000000000000000000000000000000000000000000000000000000000000000000000000000000000000000000000000000000000000000000000
00000000000000000000000000000000000000000000000000000000000000000000000000000000000000000000000000000000000000000000000000000000

0x0009645b
00000000000000000000000000000000000000000000000000000000000000000000000000000000000000000000000000000000000000000000000000000000
00000000000000001111100111111111100000000000000000000000000000000000000000000000000000000000000000000000000000000000000000000000
00000000000000003333300333333333330000000000000000000000000000000000000000000000000000000000000000000000000000000000000000000000
00000000000000003333300333332211111000000000000000000000000000000000000000000000000000000000000000000000000000000000000000000000
00000000000000002222200222222222222000000000000000000000000000000000000000000000000000000000000000000000000000000000000000000000
00000000000000001111100111111111111000000000000000000000000000000000000000000000000000000000000000000000000000000000000000000000
00000000000000001111100111111111111000000000000000000000000000000000000000033300000033330033333003330033003033000033333033330000
00000000000000003331100111111111111000000000000000000000000000000000030300300330000033003033000033003033003033000033003033003000
00000000000000002223300333330011111000000000000000000000000000000000333330000330000033003033000033000033003033000033003033003000
00000000000000002222200222220022222000000000000000000000000000000000030300003300000033333033330033033033003033000033333033333000
00000000000000001111100111110011111000000000000000000000000000000000333330033000000033030033000033003033003033000033003033030000
00000000000000001133300333330033333000000000000000000000000000000000030300330000000033003033000033003033003033000033003033003000
00000000000000003333300333333333333000000000000000000000000000000000000000333330000033003033333003333003330033333033003033003000
00000000033333003333300222233332222000000000000000000000000000000000000000000000000000000000000000000000000000000000000000000000
00000000022222002222200222222222220000000000000000000000000000000000000000000000000000000000000000000000000000000000000000000000
00000000011111001111100111111111100000000000000000000000000000000000000000000000000000000000000000000000000000000000000000000000
00000000033333003333300333333331110000000000000000000000000000000000000000000000000000000000000000000000000000000000000000000000
00000000033333003333200111111111111000000000000000000000000000000000000000000000000000000000000000000000000000000000000000000000
00000000022222002222200222111111111000000000000000000000000000000333000000330003330003330000033300033300033300000333000333000333
30000000011111001111100111110011111000000000000000000000000000003003300003330033003033003000330030330030330030003300303300303300
30000000011111001111100111110033333000000000000000000000000000000003300000330033003033003000330030330030330030003300303300303300
30000000011111001111100111110012223000000000000000000000000000000033000000330033003033003000330030330030330030003300303300303300
30000000011111001111100111220033333000000000000000000000000000000330000000330033003033003000330030330030330030003300303300303300
30000000011111111122200222222222222000000000000000000000000000003300003000330033003033003030330030330030330030303300303300303300
00000000011111111111100111111111111000000000000000000000000000003333303003333003330003330030033300033300033300300333000333000333
00000000011111111111100333333333333000000000000000000000000000000000000000000000000000000000000000000000000000000000000000000000
00000000033333333333300333333333333000000000000000000000000000000000000000000000000000000000000000000000000000000000000000000000
00000000022222333333300333332222333000000000000000000000000000000000000000000000000000000000000000000000000000000000000000000000
00000000002222222222000222222222220000000000000000000000000000000000000000000000000000000000000000000000000000000000000000000000
00000000000111111110000111111111100000000000000000000000000000000000000000000000000000000000000000000000000000000000000000000000
00000000000000000000000000000000000000000000000000000000000000000000000000000000000000000000000000000000000000000000000000000000
00000000000000000000000000000000000000000000000000000000000000000000000000000000000000000000000000000000000000000000000000000000

0x0009649a
00000000000000000000000000000000000000000000000000000000000000000000000000000000000000000000000000000000000000000000000000000000
00000000111110011111111110000000000000000000000000000000000000000000000000000000000000000000000000000000000000000000000000000000
00000000333330033333333333000000000000000000000000000000000000000000000000000000000000000000000000000000000000000000000000000000
00000000333330033333221111100000000000000000000000000000000000000000000000000000000000000000000000000000000000000000000000000000
00000000222220022222222222200000000000000000000000000000000000000000000000000000000000000000000000000000000000000000000000000000
00000000111110011111111111100000000000000000000000000000000000000000000000000000000000000000000000000000000000000000000000000000
00000000111110011111111111100000000000000000000000000000000000000003330000003333003333300333003300303300003333303333000000000000
00000000333110011111111111100000000000000000000000000000000003030030033000003300303300003300303300303300003300303300300000000000
00000000222330033333001111100000000000000000000000000000000033333000033000003300303300003300003300303300003300303300300000000000
00000000222220022222002222200000000000000000000000000000000003030000330000003333303333003303303300303300003333303333300000000000
00000000111110011111001111100000000000000000000000000000000033333003300000003303003300003300303300303300003300303303000000000000
00000000113330033333003333300000000000000000000000000000000003030033000000003300303300003300303300303300003300303300300000000000
00000000333330033333333333300000000000000000000000000000000000000033333000003300303333300333300333003333303300303300300000000000
03333300333330022223333222200000000000000000000000000000000000000000000000000000000000000000000000000000000000000000000000000000
02222200222220022222222222000000000000000000000000000000000000000000000000000000000000000000000000000000000000000000000000000000
01111100111110011111111110000000000000000000000000000000000000000000000000000000000000000000000000000000000000000000000000000000
03333300333330033333333111000000000000000000000000000000000000000000000000000000000000000000000000000000000000000000000000000000
03333300333320011111111111100000000000000000000000000000000000000000000000000000000000000000000000000000000000000000000000000000
02222200222220022211111111100000000000000000000000000000033300000033000333000333000003330003330003330000033300033300033300000000
01111100111110011111001111100000000000000000000000000000300330000333003300303300300033003033003033003000330030330030330030000000
01111100111110011111003333300000000000000000000000000000000330000033003300303300300033003033003033003000330030330030330030000000
01111100111110011111001222300000000000000000000000000000003300000033003300303300300033003033003033003000330030330030330030000000
01111100111110011122003333300000000000000000000000000000033000000033003300303300300033003033003033003000330030330030330030000000
01111111112220022222222222200000000000000000000000000000330000300033003300303300303033003033003033003030330030330030330030000000
01111111111110011111111111100000000000000000000000000000333330300333300333000333003003330003330003330030033300033300033300000000
01111111111110033333333333300000000000000000000000000000000000000000000000000000000000000000000000000000000000000000000000000000
03333333333330033333333333300000000000000000000000000000000000000000000000000000000000000000000000000000000000000000000000000000
02222233333330033333222233300000000000000000000000000000000000000000000000000000000000000000000000000000000000000000000000000000
00222222222200022222222222000000000000000000000000000000000000000000000000000000000000000000000000000000000000000000000000000000
00011111111000011111111110000000000000000000000000000000000000000000000000000000000000000000000000000000000000000000000000000000
00000000000000000000000000000000000000000000000000000000000000000000000000000000000000000000000000000000000000000000000000000000
00000000000000000000000000000000000000000000000000000000000000000000000000000000000000000000000000000000000000000000000000000000

0x00096507
00000000000000000000000000000000000000000000000000000000000000000000000000000000000000000000000000000000000000000000000000000000
00000000111110011111111110000000000000000000000000000000000000000000000000000000000000000000000000000000000000000000000000000000
00000000111110011133333333000000000000000000000000000000000000000000000000000000000000000000000000000000000000000000000000000000
00000000111110011111122223300000000000000000000000000000000000000000000000000000000000000000000000000000000000000000000000000000
00000000112220022222222222200000000000000000000000000000000000000000000000000000000000000000000000000000000000000000000000000000
00000000111110011111111111100000000000000000000000000000000000000000000000000000000000000000000000000000000000000000000000000000
00000000111110011111111111100000000000000000000000000000000000000003330000003333003333300333003300303300003333303333000000000000
00000000333330033333333333300000000000000000000000000000000003030030033000003300303300003300303300303300003300303300300000000000
00000000333330022222002222200000000000000000000000000000000033333000033000003300303300003300003300303300003300303300300000000000
00000000222220022222002222200000000000000000000000000000000003030000330000003333303333003303303300303300003333303333300000000000
00000000111110011111001111100000000000000000000000000000000033333003300000003303003300003300303300303300003300303303000000000000
00000000111110011111001111100000000000000000000000000000000003030033000000003300303300003300303300303300003300303300300000000000
00000000113330033333333333300000000000000000000000000000000000000033333000003300303333300333300333003333303300303300300000000000
01111100111110022222222333300000000000000000000000000000000000000000000000000000000000000000000000000000000000000000000000000000
01111200222220022222222222000000000000000000000000000000000000000000000000000000000000000000000000000000000000000000000000000000
01111100111110011111111110000000000000000000000000000000000000000000000000000000000000000000000000000000000000000000000000000000
03333300333330033333333333000000000000000000000000000000000000000000000000000000000000000000000000000000000000000000000000000000
03333300333330033333333333300000000000000000000000000000000000000000000000000000000000000000000000000000000000000000000000000000
03333300222220022222222222200000000000000000000000000000033300000033000333000333000003330003330003330000033300033300033300000000
02222200222220022221001111100000000000000000000000000000300330000333003300303300300033003033003033003000330030330030330030000000
01111100111110011111001111100000000000000000000000000000000330000033003300303300300033003033003033003000330030330030330030000000
03333300311110011111001111100000000000000000000000000000003300000033003300303300300033003033003033003000330030330030330030000000
02222200111110011111001111100000000000000000000000000000033000000033003300303300300033003033003033003000330030330030330030000000
02222222222220011111111111100000000000000000000000000000330000300033003300303300303033003033003033003030330030330030330030000000
01111111111110011111111111100000000000000000000000000000333330300333300333000333003003330003330003330030033300033300033300000000
01111111111110011111111111100000000000000000000000000000000000000000000000000000000000000000000000000000000000000000000000000000
01111111111110011111111333300000000000000000000000000000000000000000000000000000000000000000000000000000000000000000000000000000
03331111111110011111111111100000000000000000000000000000000000000000000000000000000000000000000000000000000000000000000000000000
00111111111100011122222222000000000000000000000000000000000000000000000000000000000000000000000000000000000000000000000000000000
00011111111000011111111110000000000000000000000000000000000000000000000000000000000000000000000000000000000000000000000000000000
00000000000000000000000000000000000000000000000000000000000000000000000000000000000000000000000000000000000000000000000000000000
00000000000000000000000000000000000000000000000000000000000000000000000000000000000000000000000000000000000000000000000000000000

0x00096574
00000000000000000000000000000000000000000000000000000000000000000000000000000000000000000000000000000000000000000000000000000000
00000000111110011111111110000000000000000000000000000000000000000000000000000000000000000000000000000000000000000000000000000000
00000000333330033333333333000000000000000000000000000000000000000000000000000000000000000000000000000000000000000000000000000000
00000000333330033333333332200000000000000000000000000000000000000000000000000000000000000000000000000000000000000000000000000000
00000000222220022222222222200000000000000000000000000000000000000000000000000000000000000000000000000000000000000000000000000000
00000000111110011111111111100000000000000000000000000000000000000000000000000000000000000000000000000000000000000000000000000000
00000000111110013333333333300000000000000000000000000000000000000003330000003333003333300333003300303300003333303333000000000000
00000000333330033333333333300000000000000000000000000000000003030030033000003300303300003300303300303300003300303300300000000000
00000000333330033333003333300000000000000000000000000000000033333000033000003300303300003300003300303300003300303300300000000000
00000000222220022222002222200000000000000000000000000000000003030000330000003333303333003303303300303300003333303333300000000000
00000000111110011111001111100000000000000000000000000000000033333003300000003303003300003300303300303300003300303303000000000000
00000000111110011111001111100000000000000000000000000000000003030033000000003300303300003300303300303300003300303300300000000000
00000000111110011111111111100000000000000000000000000000000000000033333000003300303333300333300333003333303300303300300000000000
01111100111110011111111111100000000000000000000000000000000000000000000000000000000000000000000000000000000000000000000000000000
01111100111110011111111111000000000000000000000000000000000000000000000000000000000000000000000000000000000000000000000000000000
01111100111110011111111110000000000000000000000000000000000000000000000000000000000000000000000000000000000000000000000000000000
03333300333330033333333333000000000000000000000000000000000000000000000000000000000000000000000000000000000000000000000000000000
03333300333330033333333333300000000000000000000000000000000000000000000000000000000000000000000000000000000000000000000000000000
01111100222220033333333333300000000000000000000000000000033300000033000333000333000003330003330003330000033300033300033300000000
01222200222220022222002222200000000000000000000000000000300330000333003300303300300033003033003033003000330030330030330030000000
01111100111110011111001111100000000000000000000000000000000330000033003300303300300033003033003033003000330030330030330030000000
03333300333330033333003333300000000000000000000000000000003300000033003300303300300033003033003033003000330030330030330030000000
03222200222220022222002222100000000000000000000000000000033000000033003300303300300033003033003033003000330030330030330030000000
02222222222220022222222222200000000000000000000000000000330000300033003300303300303033003033003033003030330030330030330030000000
01111111111110011111111111100000000000000000000000000000333330300333300333000333003003330003330003330030033300033300033300000000
01111111111110011111111111100000000000000000000000000000000000000000000000000000000000000000000000000000000000000000000000000000
01111111111110011111111111100000000000000000000000000000000000000000000000000000000000000000000000000000000000000000000000000000
03333333333330033333333333300000000000000000000000000000000000000000000000000000000000000000000000000000000000000000000000000000
00333333333300033332222211000000000000000000000000000000000000000000000000000000000000000000000000000000000000000000000000000000
00022222222000022222222220000000000000000000000000000000000000000000000000000000000000000000000000000000000000000000000000000000
00000000000000000000000000000000000000000000000000000000000000000000000000000000000000000000000000000000000000000000000000000000
00000000000000000000000000000000000000000000000000000000000000000000000000000000000000000000000000000000000000000000000000000000

0x00096630
00000000000000000000000000000000000000000000000000000000000000000000000000000000000000000000000000000000000000000000000000000000
00000000111110011111111110000000000000000000000000000000000000000000000000000000000000000000000000000000000000000000000000000000
00000000333330033333333333000000000000000000000000000000000000000000000000000000000000000000000000000000000000000000000000000000
00000000333330033333333333300000000000000000000000000000000000000000000000000000000000000000000000000000000000000000000000000000
00000000333220022222222222200000000000000000000000000000000000000000000000000000000000000000000000000000000000000000000000000000
00000000222220022222222211100000000000000000000000000000000000000000000000000000000000000000000000000000000000000000000000000000
00000000111110011111111111100000000000000000000000000000000000000003330000003333003333300333003300303300003333303333000000000000
00000000111110011111111113300000000000000000000000000000000003030030033000003300303300003300303300303300003300303300300000000000
00000000111110011111003332200000000000000000000000000000000033333000033000003300303300003300003300303300003300303300300000000000
00000000111110011222002222200000000000000000000000000000000003030000330000003333303333003303303300303300003333303333300000000000
00000000111110011111001111100000000000000000000000000000000033333003300000003303003300003300303300303300003300303303000000000000
00000000111110011111001111100000000000000000000000000000000003030033000000003300303300003300303300303300003300303300300000000000
00000000111110011111111111100000000000000000000000000000000000000033333000003300303333300333300333003333303300303300300000000000
02222200222220022111111111100000000000000000000000000000000000000000000000000000000000000000000000000000000000000000000000000000
02222200222220022222111111000000000000000000000000000000000000000000000000000000000000000000000000000000000000000000000000000000
01111100111110011111111110000000000000000000000000000000000000000000000000000000000000000000000000000000000000000000000000000000
01111100111110033333333333000000000000000000000000000000000000000000000000000000000000000000000000000000000000000000000000000000
01111100111110012222222233300000000000000000000000000000000000000000000000000000000000000000000000000000000000000000000000000000
01111100111110011111111111100000000000000000000000000000033300000033000333000333000003330003330003330000033300033300033300000000
01111100111110011111001112200000000000000000000000000000300330000333003300303300300033003033003033003000330030330030330030000000
03333300333310011111001111100000000000000000000000000000000330000033003300303300300033003033003033003000330030330030330030000000
03333300333330033333003333300000000000000000000000000000003300000033003300303300300033003033003033003000330030330030330030000000
03333300333330033333002222200000000000000000000000000000033000000033003300303300300033003033003033003000330030330030330030000000
02222222222220022222222222200000000000000000000000000000330000300033003300303300303033003033003033003030330030330030330030000000
01111111111110011111111111100000000000000000000000000000333330300333300333000333003003330003330003330030033300033300033300000000
01111111111110011111111111100000000000000000000000000000000000000000000000000000000000000000000000000000000000000000000000000000
01111111111110011111111111100000000000000000000000000000000000000000000000000000000000000000000000000000000000000000000000000000
02221111111110033333333333300000000000000000000000000000000000000000000000000000000000000000000000000000000000000000000000000000
00222221111100011111111112000000000000000000000000000000000000000000000000000000000000000000000000000000000000000000000000000000
00011111111000011111112220000000000000000000000000000000000000000000000000000000000000000000000000000000000000000000000000000000
00000000000000000000000000000000000000000000000000000000000000000000000000000000000000000000000000000000000000000000000000000000
00000000000000000000000000000000000000000000000000000000000000000000000000000000000000000000000000000000000000000000000000000000

0x0009670b
00000000000000000000000000000000000000000000000000000000000000000000000000000000000000000000000000000000000000000000000000000000
00000000111110011111111110000000000000000000000000000000000000000000000000000000000000000000000000000000000000000000000000000000
00000000111130033333333333000000000000000000000000000000000000000000000000000000000000000000000000000000000000000000000000000000
00000000111110011111222223300000000000000000000000000000000000000000000000000000000000000000000000000000000000000000000000000000
00000000111110011111111112200000000000000000000000000000000000000000000000000000000000000000000000000000000000000000000000000000
00000000111110011111112222200000000000000000000000000000000000000000000000000000000000000000000000000000000000000000000000000000
00000000111110011111111111100000000000000000000000000000000000000003330000003333003333300333003300303300003333303333000000000000
00000000111110011111111111100000000000000000000000000000000003030030033000003300303300003300303300303300003300303300300000000000
00000000111110011111001111100000000000000000000000000000000033333000033000003300303300003300003300303300003300303300300000000000
00000000111110011111001111100000000000000000000000000000000003030000330000003333303333003303303300303300003333303333300000000000
00000000111110011111001111100000000000000000000000000000000033333003300000003303003300003300303300303300003300303303000000000000
00000000333330033333003333300000000000000000000000000000000003030033000000003300303300003300303300303300003300303300300000000000
00000000333330033333332221100000000000000000000000000000000000000033333000003300303333300333300333003333303300303300300000000000
03222200222220022222222222200000000000000000000000000000000000000000000000000000000000000000000000000000000000000000000000000000
02222200222220022222222222000000000000000000000000000000000000000000000000000000000000000000000000000000000000000000000000000000
01111100111110011111111110000000000000000000000000000000000000000000000000000000000000000000000000000000000000000000000000000000
01111100111110011111111111000000000000000000000000000000000000000000000000000000000000000000000000000000000000000000000000000000
01111100111110011111111111100000000000000000000000000000000000000000000000000000000000000000000000000000000000000000000000000000
01111100111110011111111111100000000000000000000000000000033300000033000333000333000003330003330003330000033300033300033300000000
01111100111110011111001111100000000000000000000000000000300330000333003300303300300033003033003033003000330030330030330030000000
03333300333330033333003333300000000000000000000000000000000330000033003300303300300033003033003033003000330030330030330030000000
01122200333330033333003333300000000000000000000000000000003300000033003300303300300033003033003033003000330030330030330030000000
03333300333330033333003333300000000000000000000000000000033000000033003300303300300033003033003033003000330030330030330030000000
02222222222220022222222222200000000000000000000000000000330000300033003300303300303033003033003033003030330030330030330030000000
01111111111110011111111111100000000000000000000000000000333330300333300333000333003003330003330003330030033300033300033300000000
03333333333330033333333331100000000000000000000000000000000000000000000000000000000000000000000000000000000000000000000000000000
03333333333330033322211111100000000000000000000000000000000000000000000000000000000000000000000000000000000000000000000000000000
02222222222220022222222222200000000000000000000000000000000000000000000000000000000000000000000000000000000000000000000000000000
00222222222200022222222222000000000000000000000000000000000000000000000000000000000000000000000000000000000000000000000000000000
00011111111000011111111110000000000000000000000000000000000000000000000000000000000000000000000000000000000000000000000000000000
00000000000000000000000000000000000000000000000000000000000000000000000000000000000000000000000000000000000000000000000000000000
00000000000000000000000000000000000000000000000000000000000000000000000000000000000000000000000000000000000000000000000000000000

0x000967d6
00000000000000000000000000000000000000000000000000000000000000000000000000000000000000000000000000000000000000000000000000000000
00000000111110011111111110000000000000000000000000000000000000000000000000000000000000000000000000000000000000000000000000000000
00000000333330033333333333000000000000000000000000000000000000000000000000000000000000000000000000000000000000000000000000000000
00000000333330033333221111100000000000000000000000000000000000000000000000000000000000000000000000000000000000000000000000000000
00000000222220022222222222200000000000000000000000000000000000000000000000000000000000000000000000000000000000000000000000000000
00000000111110011111111111100000000000000000000000000000000000000000000000000000000000000000000000000000000000000000000000000000
00000000111110011111111111100000000000000000000000000000000000000003330000003333003333300333003300303300003333303333000000000000
00000000333110011111111111100000000000000000000000000000000003030030033000003300303300003300303300303300003300303300300000000000
00000000222330033333001111100000000000000000000000000000000033333000033000003300303300003300003300303300003300303300300000000000
00000000222220022222002222200000000000000000000000000000000003030000330000003333303333003303303300303300003333303333300000000000
00000000111110011111001111100000000000000000000000000000000033333003300000003303003300003300303300303300003300303303000000000000
00000000113330033333003333300000000000000000000000000000000003030033000000003300303300003300303300303300003300303300300000000000
00000000333330033333333333300000000000000000000000000000000000000033333000003300303333300333300333003333303300303300300000000000
03333300333330022223333222200000000000000000000000000000000000000000000000000000000000000000000000000000000000000000000000000000
02222200222220022222222222000000000000000000000000000000000000000000000000000000000000000000000000000000000000000000000000000000
01111100111110011111111110000000000000000000000000000000000000000000000000000000000000000000000000000000000000000000000000000000
03333300333330033333333111000000000000000000000000000000000000000000000000000000000000000000000000000000000000000000000000000000
03333300333320011111111111100000000000000000000000000000000000000000000000000000000000000000000000000000000000000000000000000000
02222200222220022211111111100000000000000000000000000000033300000033000333000333000003330003330003330000033300033300033300000000
01111100111110011111001111100000000000000000000000000000300330000333003300303300300033003033003033003000330030330030330030000000
01111100111110011111003333300000000000000000000000000000000330000033003300303300300033003033003033003000330030330030330030000000
01111100111110011111001222300000000000000000000000000000003300000033003300303300300033003033003033003000330030330030330030000000
01111100111110011122003333300000000000000000000000000000033000000033003300303300300033003033003033003000330030330030330030000000
01111111112220022222222222200000000000000000000000000000330000300033003300303300303033003033003033003030330030330030330030000000
01111111111110011111111111100000000000000000000000000000333330300333300333000333003003330003330003330030033300033300033300000000
01111111111110033333333333300000000000000000000000000000000000000000000000000000000000000000000000000000000000000000000000000000
03333333333330033333333333300000000000000000000000000000000000000000000000000000000000000000000000000000000000000000000000000000
02222233333330033333222233300000000000000000000000000000000000000000000000000000000000000000000000000000000000000000000000000000
00222222222200022222222222000000000000000000000000000000000000000000000000000000000000000000000000000000000000000000000000000000
00011111111000011111111110000000000000000000000000000000000000000000000000000000000000000000000000000000000000000000000000000000
00000000000000000000000000000000000000000000000000000000000000000000000000000000000000000000000000000000000000000000000000000000
00000000000000000000000000000000000000000000000000000000000000000000000000000000000000000000000000000000000000000000000000000000

0x000968a1
00000000000000000000000000000000000000000000000000000000000000000000000000000000000000000000000000000000000000000000000000000000
00000000111110011111111110000000000000000000000000000000000000000000000000000000000000000000000000000000000000000000000000000000
00000000111110011133333333000000000000000000000000000000000000000000000000000000000000000000000000000000000000000000000000000000
00000000111110011111122223300000000000000000000000000000000000000000000000000000000000000000000000000000000000000000000000000000
00000000112220022222222222200000000000000000000000000000000000000000000000000000000000000000000000000000000000000000000000000000
00000000111110011111111111100000000000000000000000000000000000000000000000000000000000000000000000000000000000000000000000000000
00000000111110011111111111100000000000000000000000000000000000000003330000003333003333300333003300303300003333303333000000000000
00000000333330033333333333300000000000000000000000000000000003030030033000003300303300003300303300303300003300303300300000000000
00000000333330022222002222200000000000000000000000000000000033333000033000003300303300003300003300303300003300303300300000000000
00000000222220022222002222200000000000000000000000000000000003030000330000003333303333003303303300303300003333303333300000000000
00000000111110011111001111100000000000000000000000000000000033333003300000003303003300003300303300303300003300303303000000000000
00000000111110011111001111100000000000000000000000000000000003030033000000003300303300003300303300303300003300303300300000000000
00000000113330033333333333300000000000000000000000000000000000000033333000003300303333300333300333003333303300303300300000000000
01111100111110022222222333300000000000000000000000000000000000000000000000000000000000000000000000000000000000000000000000000000
01111200222220022222222222000000000000000000000000000000000000000000000000000000000000000000000000000000000000000000000000000000
01111100111110011111111110000000000000000000000000000000000000000000000000000000000000000000000000000000000000000000000000000000
03333300333330033333333333000000000000000000000000000000000000000000000000000000000000000000000000000000000000000000000000000000
03333300333330033333333333300000000000000000000000000000000000000000000000000000000000000000000000000000000000000000000000000000
03333300222220022222222222200000000000000000000000000000033300000033000333000333000003330003330003330000033300033300033300000000
02222200222220022221001111100000000000000000000000000000300330000333003300303300300033003033003033003000330030330030330030000000
01111100111110011111001111100000000000000000000000000000000330000033003300303300300033003033003033003000330030330030330030000000
03333300311110011111001111100000000000000000000000000000003300000033003300303300300033003033003033003000330030330030330030000000
02222200111110011111001111100000000000000000000000000000033000000033003300303300300033003033003033003000330030330030330030000000
02222222222220011111111111100000000000000000000000000000330000300033003300303300303033003033003033003030330030330030330030000000
01111111111110011111111111100000000000000000000000000000333330300333300333000333003003330003330003330030033300033300033300000000
01111111111110011111111111100000000000000000000000000000000000000000000000000000000000000000000000000000000000000000000000000000
01111111111110011111111333300000000000000000000000000000000000000000000000000000000000000000000000000000000000000000000000000000
03331111111110011111111111100000000000000000000000000000000000000000000000000000000000000000000000000000000000000000000000000000
00111111111100011122222222000000000000000000000000000000000000000000000000000000000000000000000000000000000000000000000000000000
00011111111000011111111110000000000000000000000000000000000000000000000000000000000000000000000000000000000000000000000000000000
00000000000000000000000000000000000000000000000000000000000000000000000000000000000000000000000000000000000000000000000000000000
00000000000000000000000000000000000000000000000000000000000000000000000000000000000000000000000000000000000000000000000000000000

0x0009697c
00000000000000000000000000000000000000000000000000000000000000000000000000000000000000000000000000000000000000000000000000000000
00000000111110011111111110000000000000000000000000000000000000000000000000000000000000000000000000000000000000000000000000000000
00000000333330033333333333000000000000000000000000000000000000000000000000000000000000000000000000000000000000000000000000000000
00000000333330033333333332200000000000000000000000000000000000000000000000000000000000000000000000000000000000000000000000000000
00000000222220022222222222200000000000000000000000000000000000000000000000000000000000000000000000000000000000000000000000000000
00000000111110011111111111100000000000000000000000000000000000000000000000000000000000000000000000000000000000000000000000000000
00000000111110013333333333300000000000000000000000000000000000000003330000003333003333300333003300303300003333303333000000000000
00000000333330033333333333300000000000000000000000000000000003030030033000003300303300003300303300303300003300303300300000000000
00000000333330033333003333300000000000000000000000000000000033333000033000003300303300003300003300303300003300303300300000000000
00000000222220022222002222200000000000000000000000000000000003030000330000003333303333003303303300303300003333303333300000000000
00000000111110011111001111100000000000000000000000000000000033333003300000003303003300003300303300303300003300303303000000000000
00000000111110011111001111100000000000000000000000000000000003030033000000003300303300003300303300303300003300303300300000000000
00000000111110011111111111100000000000000000000000000000000000000033333000003300303333300333300333003333303300303300300000000000
01111100111110011111111111100000000000000000000000000000000000000000000000000000000000000000000000000000000000000000000000000000
01111100111110011111111111000000000000000000000000000000000000000000000000000000000000000000000000000000000000000000000000000000
01111100111110011111111110000000000000000000000000000000000000000000000000000000000000000000000000000000000000000000000000000000
03333300333330033333333333000000000000000000000000000000000000000000000000000000000000000000000000000000000000000000000000000000
03333300333330033333333333300000000000000000000000000000000000000000000000000000000000000000000000000000000000000000000000000000
01111100222220033333333333300000000000000000000000000000033300000033000333000333000003330003330003330000033300033300033300000000
01222200222220022222002222200000000000000000000000000000300330000333003300303300300033003033003033003000330030330030330030000000
01111100111110011111001111100000000000000000000000000000000330000033003300303300300033003033003033003000330030330030330030000000
03333300333330033333003333300000000000000000000000000000003300000033003300303300300033003033003033003000330030330030330030000000
03222200222220022222002222100000000000000000000000000000033000000033003300303300300033003033003033003000330030330030330030000000
02222222222220022222222222200000000000000000000000000000330000300033003300303300303033003033003033003030330030330030330030000000
01111111111110011111111111100000000000000000000000000000333330300333300333000333003003330003330003330030033300033300033300000000
01111111111110011111111111100000000000000000000000000000000000000000000000000000000000000000000000000000000000000000000000000000
01111111111110011111111111100000000000000000000000000000000000000000000000000000000000000000000000000000000000000000000000000000
03333333333330033333333333300000000000000000000000000000000000000000000000000000000000000000000000000000000000000000000000000000
00333333333300033332222211000000000000000000000000000000000000000000000000000000000000000000000000000000000000000000000000000000
00022222222000022222222220000000000000000000000000000000000000000000000000000000000000000000000000000000000000000000000000000000
00000000000000000000000000000000000000000000000000000000000000000000000000000000000000000000000000000000000000000000000000000000
00000000000000000000000000000000000000000000000000000000000000000000000000000000000000000000000000000000000000000000000000000000

0x00096a47
00000000000000000000000000000000000000000000000000000000000000000000000000000000000000000000000000000000000000000000000000000000
00000000111110011111111110000000000000000000000000000000000000000000000000000000000000000000000000000000000000000000000000000000
00000000333330033333333333000000000000000000000000000000000000000000000000000000000000000000000000000000000000000000000000000000
00000000333330033333333333300000000000000000000000000000000000000000000000000000000000000000000000000000000000000000000000000000
00000000333220022222222222200000000000000000000000000000000000000000000000000000000000000000000000000000000000000000000000000000
00000000222220022222222211100000000000000000000000000000000000000000000000000000000000000000000000000000000000000000000000000000
00000000111110011111111111100000000000000000000000000000000000000003330000003333003333300333003300303300003333303333000000000000
00000000111110011111111113300000000000000000000000000000000003030030033000003300303300003300303300303300003300303300300000000000
00000000111110011111003332200000000000000000000000000000000033333000033000003300303300003300003300303300003300303300300000000000
00000000111110011222002222200000000000000000000000000000000003030000330000003333303333003303303300303300003333303333300000000000
00000000111110011111001111100000000000000000000000000000000033333003300000003303003300003300303300303300003300303303000000000000
00000000111110011111001111100000000000000000000000000000000003030033000000003300303300003300303300303300003300303300300000000000
00000000111110011111111111100000000000000000000000000000000000000033333000003300303333300333300333003333303300303300300000000000
02222200222220022111111111100000000000000000000000000000000000000000000000000000000000000000000000000000000000000000000000000000
02222200222220022222111111000000000000000000000000000000000000000000000000000000000000000000000000000000000000000000000000000000
01111100111110011111111110000000000000000000000000000000000000000000000000000000000000000000000000000000000000000000000000000000
01111100111110033333333333000000000000000000000000000000000000000000000000000000000000000000000000000000000000000000000000000000
01111100111110012222222233300000000000000000000000000000000000000000000000000000000000000000000000000000000000000000000000000000
01111100111110011111111111100000000000000000000000000000033300000033000333000333000003330003330003330000033300033300033300000000
01111100111110011111001112200000000000000000000000000000300330000333003300303300300033003033003033003000330030330030330030000000
03333300333310011111001111100000000000000000000000000000000330000033003300303300300033003033003033003000330030330030330030000000
03333300333330033333003333300000000000000000000000000000003300000033003300303300300033003033003033003000330030330030330030000000
03333300333330033333002222200000000000000000000000000000033000000033003300303300300033003033003033003000330030330030330030000000
02222222222220022222222222200000000000000000000000000000330000300033003300303300303033003033003033003030330030330030330030000000
01111111111110011111111111100000000000000000000000000000333330300333300333000333003003330003330003330030033300033300033300000000
01111111111110011111111111100000000000000000000000000000000000000000000000000000000000000000000000000000000000000000000000000000
01111111111110011111111111100000000000000000000000000000000000000000000000000000000000000000000000000000000000000000000000000000
02221111111110033333333333300000000000000000000000000000000000000000000000000000000000000000000000000000000000000000000000000000
00222221111100011111111112000000000000000000000000000000000000000000000000000000000000000000000000000000000000000000000000000000
00011111111000011111112220000000000000000000000000000000000000000000000000000000000000000000000000000000000000000000000000000000
00000000000000000000000000000000000000000000000000000000000000000000000000000000000000000000000000000000000000000000000000000000
00000000000000000000000000000000000000000000000000000000000000000000000000000000000000000000000000000000000000000000000000000000

0x00096b12
00000000000000000000000000000000000000000000000000000000000000000000000000000000000000000000000000000000000000000000000000000000
00000000111110011111111110000000000000000000000000000000000000000000000000000000000000000000000000000000000000000000000000000000
00000000111130033333333333000000000000000000000000000000000000000000000000000000000000000000000000000000000000000000000000000000
00000000111110011111222223300000000000000000000000000000000000000000000000000000000000000000000000000000000000000000000000000000
00000000111110011111111112200000000000000000000000000000000000000000000000000000000000000000000000000000000000000000000000000000
00000000111110011111112222200000000000000000000000000000000000000000000000000000000000000000000000000000000000000000000000000000
00000000111110011111111111100000000000000000000000000000000000000003330000003333003333300333003300303300003333303333000000000000
00000000111110011111111111100000000000000000000000000000000003030030033000003300303300003300303300303300003300303300300000000000
00000000111110011111001111100000000000000000000000000000000033333000033000003300303300003300003300303300003300303300300000000000
00000000111110011111001111100000000000000000000000000000000003030000330000003333303333003303303300303300003333303333300000000000
00000000111110011111001111100000000000000000000000000000000033333003300000003303003300003300303300303300003300303303000000000000
00000000333330033333003333300000000000000000000000000000000003030033000000003300303300003300303300303300003300303300300000000000
00000000333330033333332221100000000000000000000000000000000000000033333000003300303333300333300333003333303300303300300000000000
03222200222220022222222222200000000000000000000000000000000000000000000000000000000000000000000000000000000000000000000000000000
02222200222220022222222222000000000000000000000000000000000000000000000000000000000000000000000000000000000000000000000000000000
01111100111110011111111110000000000000000000000000000000000000000000000000000000000000000000000000000000000000000000000000000000
01111100111110011111111111000000000000000000000000000000000000000000000000000000000000000000000000000000000000000000000000000000
01111100111110011111111111100000000000000000000000000000000000000000000000000000000000000000000000000000000000000000000000000000
01111100111110011111111111100000000000000000000000000000033300000033000333000333000003330003330003330000033300033300033300000000
01111100111110011111001111100000000000000000000000000000300330000333003300303300300033003033003033003000330030330030330030000000
03333300333330033333003333300000000000000000000000000000000330000033003300303300300033003033003033003000330030330030330030000000
01122200333330033333003333300000000000000000000000000000003300000033003300303300300033003033003033003000330030330030330030000000
03333300333330033333003333300000000000000000000000000000033000000033003300303300300033003033003033003000330030330030330030000000
02222222222220022222222222200000000000000000000000000000330000300033003300303300303033003033003033003030330030330030330030000000
01111111111110011111111111100000000000000000000000000000333330300333300333000333003003330003330003330030033300033300033300000000
03333333333330033333333331100000000000000000000000000000000000000000000000000000000000000000000000000000000000000000000000000000
03333333333330033322211111100000000000000000000000000000000000000000000000000000000000000000000000000000000000000000000000000000
02222222222220022222222222200000000000000000000000000000000000000000000000000000000000000000000000000000000000000000000000000000
00222222222200022222222222000000000000000000000000000000000000000000000000000000000000000000000000000000000000000000000000000000
00011111111000011111111110000000000000000000000000000000000000000000000000000000000000000000000000000000000000000000000000000000
00000000000000000000000000000000000000000000000000000000000000000000000000000000000000000000000000000000000000000000000000000000
00000000000000000000000000000000000000000000000000000000000000000000000000000000000000000000000000000000000000000000000000000000

0x00096bed
00000000000000000000000000000000000000000000000000000000000000000000000000000000000000000000000000000000000000000000000000000000
00000000111110011111111110000000000000000000000000000000000000000000000000000000000000000000000000000000000000000000000000000000
00000000333330033333333333000000000000000000000000000000000000000000000000000000000000000000000000000000000000000000000000000000
00000000333330033333221111100000000000000000000000000000000000000000000000000000000000000000000000000000000000000000000000000000
00000000222220022222222222200000000000000000000000000000000000000000000000000000000000000000000000000000000000000000000000000000
00000000111110011111111111100000000000000000000000000000000000000000000000000000000000000000000000000000000000000000000000000000
00000000111110011111111111100000000000000000000000000000000000000003330000003333003333300333003300303300003333303333000000000000
00000000333110011111111111100000000000000000000000000000000003030030033000003300303300003300303300303300003300303300300000000000
00000000222330033333001111100000000000000000000000000000000033333000033000003300303300003300003300303300003300303300300000000000
00000000222220022222002222200000000000000000000000000000000003030000330000003333303333003303303300303300003333303333300000000000
00000000111110011111001111100000000000000000000000000000000033333003300000003303003300003300303300303300003300303303000000000000
00000000113330033333003333300000000000000000000000000000000003030033000000003300303300003300303300303300003300303300300000000000
00000000333330033333333333300000000000000000000000000000000000000033333000003300303333300333300333003333303300303300300000000000
03333300333330022223333222200000000000000000000000000000000000000000000000000000000000000000000000000000000000000000000000000000
02222200222220022222222222000000000000000000000000000000000000000000000000000000000000000000000000000000000000000000000000000000
01111100111110011111111110000000000000000000000000000000000000000000000000000000000000000000000000000000000000000000000000000000
03333300333330033333333111000000000000000000000000000000000000000000000000000000000000000000000000000000000000000000000000000000
03333300333320011111111111100000000000000000000000000000000000000000000000000000000000000000000000000000000000000000000000000000
02222200222220022211111111100000000000000000000000000000033300000033000333000333000003330003330003330000033300033300033300000000
01111100111110011111001111100000000000000000000000000000300330000333003300303300300033003033003033003000330030330030330030000000
01111100111110011111003333300000000000000000000000000000000330000033003300303300300033003033003033003000330030330030330030000000
01111100111110011111001222300000000000000000000000000000003300000033003300303300300033003033003033003000330030330030330030000000
01111100111110011122003333300000000000000000000000000000033000000033003300303300300033003033003033003000330030330030330030000000
01111111112220022222222222200000000000000000000000000000330000300033003300303300303033003033003033003030330030330030330030000000
01111111111110011111111111100000000000000000000000000000333330300333300333000333003003330003330003330030033300033300033300000000
01111111111110033333333333300000000000000000000000000000000000000000000000000000000000000000000000000000000000000000000000000000
03333333333330033333333333300000000000000000000000000000000000000000000000000000000000000000000000000000000000000000000000000000
02222233333330033333222233300000000000000000000000000000000000000000000000000000000000000000000000000000000000000000000000000000
00222222222200022222222222000000000000000000000000000000000000000000000000000000000000000000000000000000000000000000000000000000
00011111111000011111111110000000000000000000000000000000000000000000000000000000000000000000000000000000000000000000000000000000
00000000000000000000000000000000000000000000000000000000000000000000000000000000000000000000000000000000000000000000000000000000
00000000000000000000000000000000000000000000000000000000000000000000000000000000000000000000000000000000000000000000000000000000

0x00096cb8
00000000000000000000000000000000000000000000000000000000000000000000000000000000000000000000000000000000000000000000000000000000
00000000111110011111111110000000000000000000000000000000000000000000000000000000000000000000000000000000000000000000000000000000
00000000111110011133333333000000000000000000000000000000000000000000000000000000000000000000000000000000000000000000000000000000
00000000111110011111122223300000000000000000000000000000000000000000000000000000000000000000000000000000000000000000000000000000
00000000112220022222222222200000000000000000000000000000000000000000000000000000000000000000000000000000000000000000000000000000
00000000111110011111111111100000000000000000000000000000000000000000000000000000000000000000000000000000000000000000000000000000
00000000111110011111111111100000000000000000000000000000000000000003330000003333003333300333003300303300003333303333000000000000
00000000333330033333333333300000000000000000000000000000000003030030033000003300303300003300303300303300003300303300300000000000
00000000333330022222002222200000000000000000000000000000000033333000033000003300303300003300003300303300003300303300300000000000
00000000222220022222002222200000000000000000000000000000000003030000330000003333303333003303303300303300003333303333300000000000
00000000111110011111001111100000000000000000000000000000000033333003300000003303003300003300303300303300003300303303000000000000
00000000111110011111001111100000000000000000000000000000000003030033000000003300303300003300303300303300003300303300300000000000
00000000113330033333333333300000000000000000000000000000000000000033333000003300303333300333300333003333303300303300300000000000
01111100111110022222222333300000000000000000000000000000000000000000000000000000000000000000000000000000000000000000000000000000
01111200222220022222222222000000000000000000000000000000000000000000000000000000000000000000000000000000000000000000000000000000
01111100111110011111111110000000000000000000000000000000000000000000000000000000000000000000000000000000000000000000000000000000
03333300333330033333333333000000000000000000000000000000000000000000000000000000000000000000000000000000000000000000000000000000
03333300333330033333333333300000000000000000000000000000000000000000000000000000000000000000000000000000000000000000000000000000
03333300222220022222222222200000000000000000000000000000033300000033000333000333000003330003330003330000033300033300033300000000
02222200222220022221001111100000000000000000000000000000300330000333003300303300300033003033003033003000330030330030330030000000
01111100111110011111001111100000000000000000000000000000000330000033003300303300300033003033003033003000330030330030330030000000
03333300311110011111001111100000000000000000000000000000003300000033003300303300300033003033003033003000330030330030330030000000
02222200111110011111001111100000000000000000000000000000033000000033003300303300300033003033003033003000330030330030330030000000
02222222222220011111111111100000000000000000000000000000330000300033003300303300303033003033003033003030330030330030330030000000
01111111111110011111111111100000000000000000000000000000333330300333300333000333003003330003330003330030033300033300033300000000
01111111111110011111111111100000000000000000000000000000000000000000000000000000000000000000000000000000000000000000000000000000
01111111111110011111111333300000000000000000000000000000000000000000000000000000000000000000000000000000000000000000000000000000
03331111111110011111111111100000000000000000000000000000000000000000000000000000000000000000000000000000000000000000000000000000
00111111111100011122222222000000000000000000000000000000000000000000000000000000000000000000000000000000000000000000000000000000
00011111111000011111111110000000000000000000000000000000000000000000000000000000000000000000000000000000000000000000000000000000
00000000000000000000000000000000000000000000000000000000000000000000000000000000000000000000000000000000000000000000000000000000
00000000000000000000000000000000000000000000000000000000000000000000000000000000000000000000000000000000000000000000000000000000

0x00096d73
00000000000000000000000000000000000000000000000000000000000000000000000000000000000000000000000000000000000000000000000000000000
00000000111110011111111110000000000000000000000000000000000000000000000000000000000000000000000000000000000000000000000000000000
00000000333330033333333333000000000000000000000000000000000000000000000000000000000000000000000000000000000000000000000000000000
00000000333330033333333332200000000000000000000000000000000000000000000000000000000000000000000000000000000000000000000000000000
00000000222220022222222222200000000000000000000000000000000000000000000000000000000000000000000000000000000000000000000000000000
00000000111110011111111111100000000000000000000000000000000000000000000000000000000000000000000000000000000000000000000000000000
00000000111110013333333333300000000000000000000000000000000000000003330000003333003333300333003300303300003333303333000000000000
00000000333330033333333333300000000000000000000000000000000003030030033000003300303300003300303300303300003300303300300000000000
00000000333330033333003333300000000000000000000000000000000033333000033000003300303300003300003300303300003300303300300000000000
00000000222220022222002222200000000000000000000000000000000003030000330000003333303333003303303300303300003333303333300000000000
00000000111110011111001111100000000000000000000000000000000033333003300000003303003300003300303300303300003300303303000000000000
00000000111110011111001111100000000000000000000000000000000003030033000000003300303300003300303300303300003300303300300000000000
00000000111110011111111111100000000000000000000000000000000000000033333000003300303333300333300333003333303300303300300000000000
01111100111110011111111111100000000000000000000000000000000000000000000000000000000000000000000000000000000000000000000000000000
01111100111110011111111111000000000000000000000000000000000000000000000000000000000000000000000000000000000000000000000000000000
01111100111110011111111110000000000000000000000000000000000000000000000000000000000000000000000000000000000000000000000000000000
03333300333330033333333333000000000000000000000000000000000000000000000000000000000000000000000000000000000000000000000000000000
03333300333330033333333333300000000000000000000000000000000000000000000000000000000000000000000000000000000000000000000000000000
01111100222220033333333333300000000000000000000000000000033300000033000333000333000003330003330003330000033300033300033300000000
01222200222220022222002222200000000000000000000000000000300330000333003300303300300033003033003033003000330030330030330030000000
01111100111110011111001111100000000000000000000000000000000330000033003300303300300033003033003033003000330030330030330030000000
03333300333330033333003333300000000000000000000000000000003300000033003300303300300033003033003033003000330030330030330030000000
03222200222220022222002222100000000000000000000000000000033000000033003300303300300033003033003033003000330030330030330030000000
02222222222220022222222222200000000000000000000000000000330000300033003300303300303033003033003033003030330030330030330030000000
01111111111110011111111111100000000000000000000000000000333330300333300333000333003003330003330003330030033300033300033300000000
01111111111110011111111111100000000000000000000000000000000000000000000000000000000000000000000000000000000000000000000000000000
01111111111110011111111111100000000000000000000000000000000000000000000000000000000000000000000000000000000000000000000000000000
03333333333330033333333333300000000000000000000000000000000000000000000000000000000000000000000000000000000000000000000000000000
00333333333300033332222211000000000000000000000000000000000000000000000000000000000000000000000000000000000000000000000000000000
00022222222000022222222220000000000000000000000000000000000000000000000000000000000000000000000000000000000000000000000000000000
00000000000000000000000000000000000000000000000000000000000000000000000000000000000000000000000000000000000000000000000000000000
00000000000000000000000000000000000000000000000000000000000000000000000000000000000000000000000000000000000000000000000000000000

0x00096e4e
00000000000000000000000000000000000000000000000000000000000000000000000000000000000000000000000000000000000000000000000000000000
00000000111110011111111110000000000000000000000000000000000000000000000000000000000000000000000000000000000000000000000000000000
00000000333330033333333333000000000000000000000000000000000000000000000000000000000000000000000000000000000000000000000000000000
00000000333330033333333333300000000000000000000000000000000000000000000000000000000000000000000000000000000000000000000000000000
00000000333220022222222222200000000000000000000000000000000000000000000000000000000000000000000000000000000000000000000000000000
00000000222220022222222211100000000000000000000000000000000000000000000000000000000000000000000000000000000000000000000000000000
00000000111110011111111111100000000000000000000000000000000000000003330000003333003333300333003300303300003333303333000000000000
00000000111110011111111113300000000000000000000000000000000003030030033000003300303300003300303300303300003300303300300000000000
00000000111110011111003332200000000000000000000000000000000033333000033000003300303300003300003300303300003300303300300000000000
00000000111110011222002222200000000000000000000000000000000003030000330000003333303333003303303300303300003333303333300000000000
00000000111110011111001111100000000000000000000000000000000033333003300000003303003300003300303300303300003300303303000000000000
00000000111110011111001111100000000000000000000000000000000003030033000000003300303300003300303300303300003300303300300000000000
00000000111110011111111111100000000000000000000000000000000000000033333000003300303333300333300333003333303300303300300000000000
02222200222220022111111111100000000000000000000000000000000000000000000000000000000000000000000000000000000000000000000000000000
02222200222220022222111111000000000000000000000000000000000000000000000000000000000000000000000000000000000000000000000000000000
01111100111110011111111110000000000000000000000000000000000000000000000000000000000000000000000000000000000000000000000000000000
01111100111110033333333333000000000000000000000000000000000000000000000000000000000000000000000000000000000000000000000000000000
01111100111110012222222233300000000000000000000000000000000000000000000000000000000000000000000000000000000000000000000000000000
01111100111110011111111111100000000000000000000000000000033300000033000333000333000003330003330003330000033300033300033300000000
01111100111110011111001112200000000000000000000000000000300330000333003300303300300033003033003033003000330030330030330030000000
03333300333310011111001111100000000000000000000000000000000330000033003300303300300033003033003033003000330030330030330030000000
03333300333330033333003333300000000000000000000000000000003300000033003300303300300033003033003033003000330030330030330030000000
03333300333330033333002222200000000000000000000000000000033000000033003300303300300033003033003033003000330030330030330030000000
02222222222220022222222222200000000000000000000000000000330000300033003300303300303033003033003033003030330030330030330030000000
01111111111110011111111111100000000000000000000000000000333330300333300333000333003003330003330003330030033300033300033300000000
01111111111110011111111111100000000000000000000000000000000000000000000000000000000000000000000000000000000000000000000000000000
01111111111110011111111111100000000000000000000000000000000000000000000000000000000000000000000000000000000000000000000000000000
02221111111110033333333333300000000000000000000000000000000000000000000000000000000000000000000000000000000000000000000000000000
00222221111100011111111112000000000000000000000000000000000000000000000000000000000000000000000000000000000000000000000000000000
00011111111000011111112220000000000000000000000000000000000000000000000000000000000000000000000000000000000000000000000000000000
00000000000000000000000000000000000000000000000000000000000000000000000000000000000000000000000000000000000000000000000000000000
00000000000000000000000000000000000000000000000000000000000000000000000000000000000000000000000000000000000000000000000000000000

0x00096f19
00000000000000000000000000000000000000000000000000000000000000000000000000000000000000000000000000000000000000000000000000000000
00000000111110011111111110000000000000000000000000000000000000000000000000000000000000000000000000000000000000000000000000000000
00000000111130033333333333000000000000000000000000000000000000000000000000000000000000000000000000000000000000000000000000000000
00000000111110011111222223300000000000000000000000000000000000000000000000000000000000000000000000000000000000000000000000000000
00000000111110011111111112200000000000000000000000000000000000000000000000000000000000000000000000000000000000000000000000000000
00000000111110011111112222200000000000000000000000000000000000000000000000000000000000000000000000000000000000000000000000000000
00000000111110011111111111100000000000000000000000000000000000000003330000003333003333300333003300303300003333303333000000000000
00000000111110011111111111100000000000000000000000000000000003030030033000003300303300003300303300303300003300303300300000000000
00000000111110011111001111100000000000000000000000000000000033333000033000003300303300003300003300303300003300303300300000000000
00000000111110011111001111100000000000000000000000000000000003030000330000003333303333003303303300303300003333303333300000000000
00000000111110011111001111100000000000000000000000000000000033333003300000003303003300003300303300303300003300303303000000000000
00000000333330033333003333300000000000000000000000000000000003030033000000003300303300003300303300303300003300303300300000000000
00000000333330033333332221100000000000000000000000000000000000000033333000003300303333300333300333003333303300303300300000000000
03222200222220022222222222200000000000000000000000000000000000000000000000000000000000000000000000000000000000000000000000000000
02222200222220022222222222000000000000000000000000000000000000000000000000000000000000000000000000000000000000000000000000000000
01111100111110011111111110000000000000000000000000000000000000000000000000000000000000000000000000000000000000000000000000000000
01111100111110011111111111000000000000000000000000000000000000000000000000000000000000000000000000000000000000000000000000000000
01111100111110011111111111100000000000000000000000000000000000000000000000000000000000000000000000000000000000000000000000000000
01111100111110011111111111100000000000000000000000000000033300000033000333000333000003330003330003330000033300033300033300000000
01111100111110011111001111100000000000000000000000000000300330000333003300303300300033003033003033003000330030330030330030000000
03333300333330033333003333300000000000000000000000000000000330000033003300303300300033003033003033003000330030330030330030000000
01122200333330033333003333300000000000000000000000000000003300000033003300303300300033003033003033003000330030330030330030000000
03333300333330033333003333300000000000000000000000000000033000000033003300303300300033003033003033003000330030330030330030000000
02222222222220022222222222200000000000000000000000000000330000300033003300303300303033003033003033003030330030330030330030000000
01111111111110011111111111100000000000000000000000000000333330300333300333000333003003330003330003330030033300033300033300000000
03333333333330033333333331100000000000000000000000000000000000000000000000000000000000000000000000000000000000000000000000000000
03333333333330033322211111100000000000000000000000000000000000000000000000000000000000000000000000000000000000000000000000000000
02222222222220022222222222200000000000000000000000000000000000000000000000000000000000000000000000000000000000000000000000000000
00222222222200022222222222000000000000000000000000000000000000000000000000000000000000000000000000000000000000000000000000000000
00011111111000011111111110000000000000000000000000000000000000000000000000000000000000000000000000000000000000000000000000000000
00000000000000000000000000000000000000000000000000000000000000000000000000000000000000000000000000000000000000000000000000000000
00000000000000000000000000000000000000000000000000000000000000000000000000000000000000000000000000000000000000000000000000000000

0x00096fb5
00000000000000000000000000000000000000000000000000000000000000000000000000000000000000000000000000000000000000000000000000000000
11111001111111111000000000000000000000000000000000000000000000000000000000000000000000000000000000000000000000000000000001111100
11113003333333333300000000000000000000000000000000000000000000000000000000000000000000000000000000000000000000000000000003333300
11111001111122222330000000000000000000000000000000000000000000000000000000000000000000000000000000000000000000000000000003333300
11111001111111111220000000000000000000000000000000000000000000000000000000000000000000000000000000000000000000000000000002222200
11111001111111222220000000000000000000000000000000000000000000000000000000000000000000000000000000000000000000000000000001111100
11111001111111111110000000000000000000000000000000000000000333000000333300333330033300330030330000333330333300000000000001111100
11111001111111111110000000000000000000000000000000000303003003300000330030330000330030330030330000330030330030000000000003333300
11111001111100111110000000000000000000000000000000003333300003300000330030330000330000330030330000330030330030000000000002222200
11111001111100111110000000000000000000000000000000000303000033000000333330333300330330330030330000333330333330000000000002222200
11111001111100111110000000000000000000000000000000003333300330000000330300330000330030330030330000330030330300000000000001111100
33333003333300333330000000000000000000000000000000000303003300000000330030330000330030330030330000330030330030000000000001111100
33333003333333222110000000000000000000000000000000000000003333300000330030333330033330033300333330330030330030000000000003333300
22222002222222222220000000000000000000000000000000000000000000000000000000000000000000000000000000000000000000000000000003333300
22222002222222222200000000000000000000000000000000000000000000000000000000000000000000000000000000000000000000000000000002222200
11111001111111111000000000000000000000000000000000000000000000000000000000000000000000000000000000000000000000000000000001111100
11111001111111111100000000000000000000000000000000000000000000000000000000000000000000000000000000000000000000000000000003333300
11111001111111111110000000000000000000000000000000000000000000000000000000000000000000000000000000000000000000000000000003333300
11111001111111111110000000000000000000000000000003330000003300033300033300000333000333000333000003330003330003330000000002222200
11111001111100111110000000000000000000000000000030033000033300330030330030003300303300303300300033003033003033003000000001111100
33333003333300333330000000000000000000000000000000033000003300330030330030003300303300303300300033003033003033003000000001111100
33333003333300333330000000000000000000000000000000330000003300330030330030003300303300303300300033003033003033003000000001111100
33333003333300333330000000000000000000000000000003300000003300330030330030003300303300303300300033003033003033003000000001111100
22222002222222222220000000000000000000000000000033000030003300330030330030303300303300303300303033003033003033003000000001111111
11111001111111111110000000000000000000000000000033333030033330033300033300300333000333000333003003330003330003330000000001111111
33333003333333333110000000000000000000000000000000000000000000000000000000000000000000000000000000000000000000000000000001111111
33333003332221111110000000000000000000000000000000000000000000000000000000000000000000000000000000000000000000000000000003333333
22222002222222222220000000000000000000000000000000000000000000000000000000000000000000000000000000000000000000000000000002222233
22220002222222222200000000000000000000000000000000000000000000000000000000000000000000000000000000000000000000000000000002222222
11100001111111111000000000000000000000000000000000000000000000000000000000000000000000000000000000000000000000000000000001111111
00000000000000000000000000000000000000000000000000000000000000000000000000000000000000000000000000000000000000000000000000000000
00000000000000000000000000000000000000000000000000000000000000000000000000000000000000000000000000000000000000000000000000000000

0x00096fe4
00000000000000000000000000000000000000000000000000000000000000000000000000000000000000000000000000000000000000000000000000000000
11111111100000000000000000000000000000000000000000000000000000000000000000000000000000000000000000000000000000000111110000000000
33333333330000000000000000000000000000000000000000000000000000000000000000000000000000000000000000000000000000000333330000000000
11112222233000000000000000000000000000000000000000000000000000000000000000000000000000000000000000000000000000000333330000000003
11111111122000000000000000000000000000000000000000000000000000000000000000000000000000000000000000000000000000000222220000000002
11111122222000000000000000000000000000000000000000000000000000000000000000000000000000000000000000000000000000000111110000000001
11111111111000000000000000000000000000000000000000033300000033330033333003330033003033000033333033330000000000000111110000000001
11111111111000000000000000000000000000000000030300300330000033003033000033003033003033000033003033003000000000000333330000000001
11110011111000000000000000000000000000000000333330000330000033003033000033000033003033000033003033003000000000000222220000000003
11110011111000000000000000000000000000000000030300003300000033333033330033033033003033000033333033333000000000000222220000000002
11110011111000000000000000000000000000000000333330033000000033030033000033003033003033000033003033030000000000000111110000000001
33330033333000000000000000000000000000000000030300330000000033003033000033003033003033000033003033003000000000000111110000000003
33333322211000000000000000000000000000000000000000333330000033003033333003333003330033333033003033003000000000000333330000000003
22222222222000000000000000000000000000000000000000000000000000000000000000000000000000000000000000000000000000000333330000000002
22222222220000000000000000000000000000000000000000000000000000000000000000000000000000000000000000000000000000000222220000000002
11111111100000000000000000000000000000000000000000000000000000000000000000000000000000000000000000000000000000000111110000000001
11111111110000000000000000000000000000000000000000000000000000000000000000000000000000000000000000000000000000000333330000000003
11111111111000000000000000000000000000000000000000000000000000000000000000000000000000000000000000000000000000000333330000000001
11111111111000000000000000000000000000000333000000330003330003330000033300033300033300000333000333000333000000000222220000000002
11110011111000000000000000000000000000003003300003330033003033003000330030330030330030003300303300303300300000000111110000000001
33330033333000000000000000000000000000000003300000330033003033003000330030330030330030003300303300303300300000000111110000000001
33330033333000000000000000000000000000000033000000330033003033003000330030330030330030003300303300303300300000000111110000000001
33330033333000000000000000000000000000000330000000330033003033003000330030330030330030003300303300303300300000000111110000000001
22222222222000000000000000000000000000003300003000330033003033003030330030330030330030303300303300303300300000000111111111222002
11111111111000000000000000000000000000003333303003333003330003330030033300033300033300300333000333000333000000000111111111111001
33333333311000000000000000000000000000000000000000000000000000000000000000000000000000000000000000000000000000000111111111111003
33222111111000000000000000000000000000000000000000000000000000000000000000000000000000000000000000000000000000000333333333333003
22222222222000000000000000000000000000000000000000000000000000000000000000000000000000000000000000000000000000000222223333333003
22222222220000000000000000000000000000000000000000000000000000000000000000000000000000000000000000000000000000000222222222222000
11111111100000000000000000000000000000000000000000000000000000000000000000000000000000000000000000000000000000000111111111111000
00000000000000000000000000000000000000000000000000000000000000000000000000000000000000000000000000000000000000000000000000000000
00000000000000000000000000000000000000000000000000000000000000000000000000000000000000000000000000000000000000000000000000000000

0x00097004
00000000000000000000000000000000000000000000000000000000000000000000000000000000000000000000000000000000000000000000000000000000
10000000000000000000000000000000000000000000000000000000000000000000000000000000000000000000000000000000011111000000000001111111
33000000000000000000000000000000000000000000000000000000000000000000000000000000000000000000000000000000033333000000000033333333
23300000000000000000000000000000000000000000000000000000000000000000000000000000000000000000000000000000033333000000000333332211
12200000000000000000000000000000000000000000000000000000000000000000000000000000000000000000000000000000022222000000000222222222
22200000000000000000000000000000000000000000000000000000000000000000000000000000000000000000000000000000011111000000000111111111
11100000000000000000000000000000000000000003330000003333003333300333003300303300003333303333000000000000011111000000000111111111
11100000000000000000000000000000000003030030033000003300303300003300303300303300003300303300300000000000033333000000000111111111
11100000000000000000000000000000000033333000033000003300303300003300003300303300003300303300300000000000022222000000000333330011
11100000000000000000000000000000000003030000330000003333303333003303303300303300003333303333300000000000022222000000000222220022
11100000000000000000000000000000000033333003300000003303003300003300303300303300003300303303000000000000011111000000000111110011
33300000000000000000000000000000000003030033000000003300303300003300303300303300003300303300300000000000011111000000000333330033
21100000000000000000000000000000000000000033333000003300303333300333300333003333303300303300300000000000033333000000000333330033
22200000000000000000000000000000000000000000000000000000000000000000000000000000000000000000000000000000033333000000000222230032
22000000000000000000000000000000000000000000000000000000000000000000000000000000000000000000000000000000022222000000000222220022
10000000000000000000000000000000000000000000000000000000000000000000000000000000000000000000000000000000011111000000000111110011
11000000000000000000000000000000000000000000000000000000000000000000000000000000000000000000000000000000033333000000000333330031
11100000000000000000000000000000000000000000000000000000000000000000000000000000000000000000000000000000033333000000000111110011
11100000000000000000000000000000033300000033000333000333000003330003330003330000033300033300033300000000022222000000000222110011
11100000000000000000000000000000300330000333003300303300300033003033003033003000330030330030330030000000011111000000000111110011
33300000000000000000000000000000000330000033003300303300300033003033003033003000330030330030330030000000011111000000000111110033
33300000000000000000000000000000003300000033003300303300300033003033003033003000330030330030330030000000011111000000000111110012
33300000000000000000000000000000033000000033003300303300300033003033003033003000330030330030330030000000011111000000000111220033
22200000000000000000000000000000330000300033003300303300303033003033003033003030330030330030330030000000011111111122200222222222
11100000000000000000000000000000333330300333300333000333003003330003330003330030033300033300033300000000011111111111100111111111
31100000000000000000000000000000000000000000000000000000000000000000000000000000000000000000000000000000011111111111100333333333
11100000000000000000000000000000000000000000000000000000000000000000000000000000000000000000000000000000033333333333300333333333
22200000000000000000000000000000000000000000000000000000000000000000000000000000000000000000000000000000022222333333300333332222
22000000000000000000000000000000000000000000000000000000000000000000000000000000000000000000000000000000022222222222200022222222
10000000000000000000000000000000000000000000000000000000000000000000000000000000000000000000000000000000011111111111100001111111
00000000000000000000000000000000000000000000000000000000000000000000000000000000000000000000000000000000000000000000000000000000
00000000000000000000000000000000000000000000000000000000000000000000000000000000000000000000000000000000000000000000000000000000

0x00097023
00000000000000000000000000000000000000000000000000000000000000000000000000000000000000000000000000000000000000000000000000000000
00000000000000000000000000000000000000000000000000000000000000000000000000000000000000000000000001111100000000000111111110000111
00000000000000000000000000000000000000000000000000000000000000000000000000000000000000000000000003333300000000003333333333000111
00000000000000000000000000000000000000000000000000000000000000000000000000000000000000000000000003333300000000033333221111100111
00000000000000000000000000000000000000000000000000000000000000000000000000000000000000000000000002222200000000022222222222200222
00000000000000000000000000000000000000000000000000000000000000000000000000000000000000000000000001111100000000011111111111100111
00000000000000000000000000000000000333000000333300333330033300330030330000333330333300000000000001111100000000011111111111100111
00000000000000000000000000000303003003300000330030330000330030330030330000330030330030000000000003333300000000011111111111100111
00000000000000000000000000003333300003300000330030330000330000330030330000330030330030000000000002222200000000033333001111100111
00000000000000000000000000000303000033000000333330333300330330330030330000333330333330000000000002222200000000022222002222200111
00000000000000000000000000003333300330000000330300330000330030330030330000330030330300000000000001111100000000011111001111100111
00000000000000000000000000000303003300000000330030330000330030330030330000330030330030000000000001111100000000033333003333300333
00000000000000000000000000000000003333300000330030333330033330033300333330330030330030000000000003333300000000033333003333300333
00000000000000000000000000000000000000000000000000000000000000000000000000000000000000000000000003333300000000022223003222200222
00000000000000000000000000000000000000000000000000000000000000000000000000000000000000000000000002222200000000022222002222200222
00000000000000000000000000000000000000000000000000000000000000000000000000000000000000000000000001111100000000011111001111100111
00000000000000000000000000000000000000000000000000000000000000000000000000000000000000000000000003333300000000033333003111100111
00000000000000000000000000000000000000000000000000000000000000000000000000000000000000000000000003333300000000011111001111100111
00000000000000000000000003330000003300033300033300000333000333000333000003330003330003330000000002222200000000022211001111100111
00000000000000000000000030033000033300330030330030003300303300303300300033003033003033003000000001111100000000011111001111100111
00000000000000000000000000033000003300330030330030003300303300303300300033003033003033003000000001111100000000011111003333300333
00000000000000000000000000330000003300330030330030003300303300303300300033003033003033003000000001111100000000011111001222300333
00000000000000000000000003300000003300330030330030003300303300303300300033003033003033003000000001111100000000011122003333300333
00000000000000000000000033000030003300330030330030303300303300303300303033003033003033003000000001111111112220022222222222200222
00000000000000000000000033333030033330033300033300300333000333000333003003330003330003330000000001111111111110011111111111100111
00000000000000000000000000000000000000000000000000000000000000000000000000000000000000000000000001111111111110033333333333300333
00000000000000000000000000000000000000000000000000000000000000000000000000000000000000000000000003333333333330033333333333300333
00000000000000000000000000000000000000000000000000000000000000000000000000000000000000000000000002222233333330033333222233300222
00000000000000000000000000000000000000000000000000000000000000000000000000000000000000000000000002222222222220002222222222000222
00000000000000000000000000000000000000000000000000000000000000000000000000000000000000000000000001111111111110000111111110000111
00000000000000000000000000000000000000000000000000000000000000000000000000000000000000000000000000000000000000000000000000000000
00000000000000000000000000000000000000000000000000000000000000000000000000000000000000000000000000000000000000000000000000000000

0x00097052
00000000000000000000000000000000000000000000000000000000000000000000000000000000000000000000000000000000000000000000000000000000
00000000000000000000000000000000000000000000000000000000000000000000000000000000000000000111110000000000011111111000011111000001
00000000000000000000000000000000000000000000000000000000000000000000000000000000000000000333330000000000333333333300011111000001
00000000000000000000000000000000000000000000000000000000000000000000000000000000000000000333330000000003333322111110011111100001
00000000000000000000000000000000000000000000000000000000000000000000000000000000000000000222220000000002222222222220022222200001
00000000000000000000000000000000000000000000000000000000000000000000000000000000000000000111110000000001111111111110011111110001
00000000000000000000000000033300000033330033333003330033003033000033333033330000000000000111110000000001111111111110011111110001
00000000000000000000030300300330000033003033000033003033003033000033003033003000000000000333330000000001111111111110011111111001
00000000000000000000333330000330000033003033000033000033003033000033003033003000000000000222220000000003333300111110011111111001
00000000000000000000030300003300000033333033330033033033003033000033333033333000000000000222220000000002222200222220011111111101
00000000000000000000333330033000000033030033000033003033003033000033003033030000000000000111110000000001111100111110011111111101
00000000000000000000030300330000000033003033000033003033003033000033003033003000000000000111110000000003333300333330033333333333
00000000000000000000000000333330000033003033333003333003330033333033003033003000000000000333330000000003333300333330033333333333
00000000000000000000000000000000000000000000000000000000000000000000000000000000000000000333330000000002222300322220022222222222
00000000000000000000000000000000000000000000000000000000000000000000000000000000000000000222220000000002222200222220022222222222
00000000000000000000000000000000000000000000000000000000000000000000000000000000000000000111110000000001111100111110011111011111
00000000000000000000000000000000000000000000000000000000000000000000000000000000000000000333330000000003333300311110011111011111
00000000000000000000000000000000000000000000000000000000000000000000000000000000000000000333330000000001111100111110011111001111
00000000000000000333000000330003330003330000033300033300033300000333000333000333000000000222220000000002221100111110011111001111
00000000000000003003300003330033003033003000330030330030330030003300303300303300300000000111110000000001111100111110011111000111
00000000000000000003300000330033003033003000330030330030330030003300303300303300300000000111110000000001111100333330033333000333
00000000000000000033000000330033003033003000330030330030330030003300303300303300300000000111110000000001111100122230033333000033
00000000000000000330000000330033003033003000330030330030330030003300303300303300300000000111110000000001112200333330033333000033
00000000000000003300003000330033003033003030330030330030330030303300303300303300300000000111111111222002222222222220022222000002
00000000000000003333303003333003330003330030033300033300033300300333000333000333000000000111111111111001111111111110011111000001
00000000000000000000000000000000000000000000000000000000000000000000000000000000000000000111111111111003333333333330033333000003
00000000000000000000000000000000000000000000000000000000000000000000000000000000000000000333333333333003333333333330033333000003
00000000000000000000000000000000000000000000000000000000000000000000000000000000000000000222223333333003333322223330022222000002
00000000000000000000000000000000000000000000000000000000000000000000000000000000000000000222222222222000222222222200022222000002
00000000000000000000000000000000000000000000000000000000000000000000000000000000000000000111111111111000011111111000011111000001
00000000000000000000000000000000000000000000000000000000000000000000000000000000000000000000000000000000000000000000000000000000
00000000000000000000000000000000000000000000000000000000000000000000000000000000000000000000000000000000000000000000000000000000

0x00097081
00000000000000000000000000000000000000000000000000000000000000000000000000000000000000000000000000000000000000000000000000000000
00000000000000000000000000000000000000000000000000000000000000000000000000000000011111000000000001111111100001111100000111110000
00000000000000000000000000000000000000000000000000000000000000000000000000000000033333000000000033333333330001111100000111330000
00000000000000000000000000000000000000000000000000000000000000000000000000000000033333000000000333332211111001111110000111110000
00000000000000000000000000000000000000000000000000000000000000000000000000000000022222000000000222222222222002222220000111110000
00000000000000000000000000000000000000000000000000000000000000000000000000000000011111000000000111111111111001111111000111110000
00000000000000000003330000003333003333300333003300303300003333303333000000000000011111000000000111111111111001111111000111110000
00000000000003030030033000003300303300003300303300303300003300303300300000000000033333000000000111111111111001111111100111110000
00000000000033333000033000003300303300003300003300303300003300303300300000000000022222000000000333330011111001111111100111110000
00000000000003030000330000003333303333003303303300303300003333303333300000000000022222000000000222220022222001111111110111110000
00000000000033333003300000003303003300003300303300303300003300303303000000000000011111000000000111110011111001111111110111110000
00000000000003030033000000003300303300003300303300303300003300303300300000000000011111000000000333330033333003333333333333330000
00000000000000000033333000003300303333300333300333003333303300303300300000000000033333000000000333330033333003333333333333320000
00000000000000000000000000000000000000000000000000000000000000000000000000000000033333000000000222230032222002222222222222220000
00000000000000000000000000000000000000000000000000000000000000000000000000000000022222000000000222220022222002222222222222220000
00000000000000000000000000000000000000000000000000000000000000000000000000000000011111000000000111110011111001111101111111110000
00000000000000000000000000000000000000000000000000000000000000000000000000000000033333000000000333330031111001111101111111110000
00000000000000000000000000000000000000000000000000000000000000000000000000000000033333000000000111110011111001111100111111110000
00000000033300000033000333000333000003330003330003330000033300033300033300000000022222000000000222110011111001111100111111110000
00000000300330000333003300303300300033003033003033003000330030330030330030000000011111000000000111110011111001111100011111110000
00000000000330000033003300303300300033003033003033003000330030330030330030000000011111000000000111110033333003333300033333330000
00000000003300000033003300303300300033003033003033003000330030330030330030000000011111000000000111110012223003333300003333330000
00000000033000000033003300303300300033003033003033003000330030330030330030000000011111000000000111220033333003333300003333330000
00000000330000300033003300303300303033003033003033003030330030330030330030000000011111111122200222222222222002222200000222220000
00000000333330300333300333000333003003330003330003330030033300033300033300000000011111111111100111111111111001111100000111110000
00000000000000000000000000000000000000000000000000000000000000000000000000000000011111111111100333333333333003333300000333330000
00000000000000000000000000000000000000000000000000000000000000000000000000000000033333333333300333333333333003333300000333330000
00000000000000000000000000000000000000000000000000000000000000000000000000000000022222333333300333332222333002222200000222220000
00000000000000000000000000000000000000000000000000000000000000000000000000000000022222222222200022222222220002222200000222220000
00000000000000000000000000000000000000000000000000000000000000000000000000000000011111111111100001111111100001111100000111110000
00000000000000000000000000000000000000000000000000000000000000000000000000000000000000000000000000000000000000000000000000000000
00000000000000000000000000000000000000000000000000000000000000000000000000000000000000000000000000000000000000000000000000000000

0x000970a0
00000000000000000000000000000000000000000000000000000000000000000000000000000000000000000000000000000000000000000000000000000000
00000000000000000000000000000000000000000000000000000000000000000000000001111100000000000111111110000111110000011111000000000000
00000000000000000000000000000000000000000000000000000000000000000000000003333300000000003333333333000111110000011133000000000000
00000000000000000000000000000000000000000000000000000000000000000000000003333300000000033333221111100111111000011111000000000000
00000000000000000000000000000000000000000000000000000000000000000000000002222200000000022222222222200222222000011111000000000000
00000000000000000000000000000000000000000000000000000000000000000000000001111100000000011111111111100111111100011111000000000000
00000000000333000000333300333330033300330030330000333330333300000000000001111100000000011111111111100111111100011111000000000000
00000303003003300000330030330000330030330030330000330030330030000000000003333300000000011111111111100111111110011111000000000000
00003333300003300000330030330000330000330030330000330030330030000000000002222200000000033333001111100111111110011111000000000000
00000303000033000000333330333300330330330030330000333330333330000000000002222200000000022222002222200111111111011111000000000000
00003333300330000000330300330000330030330030330000330030330300000000000001111100000000011111001111100111111111011111000000000000
00000303003300000000330030330000330030330030330000330030330030000000000001111100000000033333003333300333333333333333000000000000
00000000003333300000330030333330033330033300333330330030330030000000000003333300000000033333003333300333333333333332000000000000
00000000000000000000000000000000000000000000000000000000000000000000000003333300000000022223003222200222222222222222000000000000
00000000000000000000000000000000000000000000000000000000000000000000000002222200000000022222002222200222222222222222000000000000
00000000000000000000000000000000000000000000000000000000000000000000000001111100000000011111001111100111110111111111000000000000
00000000000000000000000000000000000000000000000000000000000000000000000003333300000000033333003111100111110111111111000000000000
00000000000000000000000000000000000000000000000000000000000000000000000003333300000000011111001111100111110011111111000000000000
03330000003300033300033300000333000333000333000003330003330003330000000002222200000000022211001111100111110011111111000000000000
30033000033300330030330030003300303300303300300033003033003033003000000001111100000000011111001111100111110001111111000000000000
00033000003300330030330030003300303300303300300033003033003033003000000001111100000000011111003333300333330003333333000000000000
00330000003300330030330030003300303300303300300033003033003033003000000001111100000000011111001222300333330000333333000000000000
03300000003300330030330030003300303300303300300033003033003033003000000001111100000000011122003333300333330000333333000000000000
33000030003300330030330030303300303300303300303033003033003033003000000001111111112220022222222222200222220000022222000000000000
33333030033330033300033300300333000333000333003003330003330003330000000001111111111110011111111111100111110000011111000000000000
00000000000000000000000000000000000000000000000000000000000000000000000001111111111110033333333333300333330000033333000000000000
00000000000000000000000000000000000000000000000000000000000000000000000003333333333330033333333333300333330000033333000000000000
00000000000000000000000000000000000000000000000000000000000000000000000002222233333330033333222233300222220000022222000000000000
00000000000000000000000000000000000000000000000000000000000000000000000002222222222220002222222222000222220000022222000000000000
00000000000000000000000000000000000000000000000000000000000000000000000001111111111110000111111110000111110000011111000000000000
00000000000000000000000000000000000000000000000000000000000000000000000000000000000000000000000000000000000000000000000000000000
00000000000000000000000000000000000000000000000000000000000000000000000000000000000000000000000000000000000000000000000000000000

0x000970bf
00000000000000000000000000000000000000000000000000000000000000000000000000000000000000000000000000000000000000000000000000000000
00000000000000000000000000000000000000000000000000000000000000000111110000000000011111111000011111000001111100000000000000000000
00000000000000000000000000000000000000000000000000000000000000000333330000000000333333333300011111000001113300000000000000000000
00000000000000000000000000000000000000000000000000000000000000000333330000000003333322111110011111100001111100000000000000000000
00000000000000000000000000000000000000000000000000000000000000000222220000000002222222222220022222200001111100000000000000000000
00000000000000000000000000000000000000000000000000000000000000000111110000000001111111111110011111110001111100000000000000000000
00033300000033330033333003330033003033000033333033330000000000000111110000000001111111111110011111110001111100000000000000000000
00300330000033003033000033003033003033000033003033003000000000000333330000000001111111111110011111111001111100000000000000000303
30000330000033003033000033000033003033000033003033003000000000000222220000000003333300111110011111111001111100000000000000003333
00003300000033333033330033033033003033000033333033333000000000000222220000000002222200222220011111111101111100000000000000000303
30033000000033030033000033003033003033000033003033030000000000000111110000000001111100111110011111111101111100000000000000003333
00330000000033003033000033003033003033000033003033003000000000000111110000000003333300333330033333333333333300000000000000000303
00333330000033003033333003333003330033333033003033003000000000000333330000000003333300333330033333333333333200000000000000000000
00000000000000000000000000000000000000000000000000000000000000000333330000000002222300322220022222222222222200000000000000000000
00000000000000000000000000000000000000000000000000000000000000000222220000000002222200222220022222222222222200000000000000000000
00000000000000000000000000000000000000000000000000000000000000000111110000000001111100111110011111011111111100000000000000000000
00000000000000000000000000000000000000000000000000000000000000000333330000000003333300311110011111011111111100000000000000000000
00000000000000000000000000000000000000000000000000000000000000000333330000000001111100111110011111001111111100000000000000000000
00330003330003330000033300033300033300000333000333000333000000000222220000000002221100111110011111001111111100000000000000330000
03330033003033003000330030330030330030003300303300303300300000000111110000000001111100111110011111000111111100000000000003330000
00330033003033003000330030330030330030003300303300303300300000000111110000000001111100333330033333000333333300000000000000330000
00330033003033003000330030330030330030003300303300303300300000000111110000000001111100122230033333000033333300000000000000330000
00330033003033003000330030330030330030003300303300303300300000000111110000000001112200333330033333000033333300000000000000330000
00330033003033003030330030330030330030303300303300303300300000000111111111222002222222222220022222000002222200000000000000330030
03333003330003330030033300033300033300300333000333000333000000000111111111111001111111111110011111000001111100000000000003333030
00000000000000000000000000000000000000000000000000000000000000000111111111111003333333333330033333000003333300000000000000000000
00000000000000000000000000000000000000000000000000000000000000000333333333333003333333333330033333000003333300000000000000000000
00000000000000000000000000000000000000000000000000000000000000000222223333333003333322223330022222000002222200000000000000000000
00000000000000000000000000000000000000000000000000000000000000000222222222222000222222222200022222000002222200000000000000000000
00000000000000000000000000000000000000000000000000000000000000000111111111111000011111111000011111000001111100000000000000000000
00000000000000000000000000000000000000000000000000000000000000000000000000000000000000000000000000000000000000000000000000000000
00000000000000000000000000000000000000000000000000000000000000000000000000000000000000000000000000000000000000000000000000000000

0x000970ee
00000000000000000000000000000000000000000000000000000000000000000000000000000000000000000000000000000000000000000000000000000000
00000000000000000000000000000000000000000000000000000000011111000000000001111111100001111100000111110000000000000000000000000000
00000000000000000000000000000000000000000000000000000000033333000000000033333333330001111100000111330000000000000000000000000000
00000000000000000000000000000000000000000000000000000000033333000000000333332211111001111110000111110000000000000000000000000000
00000000000000000000000000000000000000000000000000000000022222000000000222222222222002222220000111110000000000000000000000000000
00000000000000000000000000000000000000000000000000000000011111000000000111111111111001111111000111110000000000000000000000000000
00003333003333300333003300303300003333303333000000000000011111000000000111111111111001111111000111110000000000000000000000033300
00003300303300003300303300303300003300303300300000000000033333000000000111111111111001111111100111110000000000000000030300300330
00003300303300003300003300303300003300303300300000000000022222000000000333330011111001111111100111110000000000000000333330000330
00003333303333003303303300303300003333303333300000000000022222000000000222220022222001111111110111110000000000000000030300033300
00003303003300003300303300303300003300303303000000000000011111000000000111110011111001111111110111110000000000000000333330000330
00003300303300003300303300303300003300303300300000000000011111000000000333330033333003333333333333330000000000000000030300300330
00003300303333300333300333003333303300303300300000000000033333000000000333330033333003333333333333320000000000000000000000033300
00000000000000000000000000000000000000000000000000000000033333000000000222230032222002222222222222220000000000000000000000000000
00000000000000000000000000000000000000000000000000000000022222000000000222220022222002222222222222220000000000000000000000000000
00000000000000000000000000000000000000000000000000000000011111000000000111110011111001111101111111110000000000000000000000000000
00000000000000000000000000000000000000000000000000000000033333000000000333330031111001111101111111110000000000000000000000000000
00000000000000000000000000000000000000000000000000000000033333000000000111110011111001111100111111110000000000000000000000000000
33000333000003330003330003330000033300033300033300000000022222000000000222110011111001111100111111110000000000000033000003330033
00303300300033003033003033003000330030330030330030000000011111000000000111110011111001111100011111110000000000000333000030033030
00303300300033003033003033003000330030330030330030000000011111000000000111110033333003333300033333330000000000000033000030033033
00303300300033003033003033003000330030330030330030000000011111000000000111110012223003333300003333330000000000000033000003333000
00303300300033003033003033003000330030330030330030000000011111000000000111220033333003333300003333330000000000000033000000033000
00303300303033003033003033003030330030330030330030000000011111111122200222222222222002222200000222220000000000000033003030033030
33000333003003330003330003330030033300033300033300000000011111111111100111111111111001111100000111110000000000000333303003330003
00000000000000000000000000000000000000000000000000000000011111111111100333333333333003333300000333330000000000000000000000000000
00000000000000000000000000000000000000000000000000000000033333333333300333333333333003333300000333330000000000000000000000000000
00000000000000000000000000000000000000000000000000000000022222333333300333332222333002222200000222220000000000000000000000000000
00000000000000000000000000000000000000000000000000000000022222222222200022222222220002222200000222220000000000000000000000000000
00000000000000000000000000000000000000000000000000000000011111111111100001111111100001111100000111110000000000000000000000000000
00000000000000000000000000000000000000000000000000000000000000000000000000000000000000000000000000000000000000000000000000000000
00000000000000000000000000000000000000000000000000000000000000000000000000000000000000000000000000000000000000000000000000000000

0x0009710d
00000000000000000000000000000000000000000000000000000000000000000000000000000000000000000000000000000000000000000000000000000000
00000000000000000000000000000000000000000000000001111100000000000111111110000111110000011111000000000000000000000000000000000000
00000000000000000000000000000000000000000000000003333300000000003333333333000111110000011133000000000000000000000000000000000000
00000000000000000000000000000000000000000000000003333300000000033333221111100111111000011111000000000000000000000000000000000000
00000000000000000000000000000000000000000000000002222200000000022222222222200222222000011111000000000000000000000000000000000000
00000000000000000000000000000000000000000000000001111100000000011111111111100111111100011111000000000000000000000000000000000000
00333330033300330030330000333330333300000000000001111100000000011111111111100111111100011111000000000000000000000003330000003333
30330000330030330030330000330030330030000000000003333300000000011111111111100111111110011111000000000000000003030030033000003300
30330000330000330030330000330030330030000000000002222200000000033333001111100111111110011111000000000000000033333000033000003300
30333300330330330030330000333330333330000000000002222200000000022222002222200111111111011111000000000000000003030003330000003333
00330000330030330030330000330030330300000000000001111100000000011111001111100111111111011111000000000000000033333000033000003303
30330000330030330030330000330030330030000000000001111100000000033333003333300333333333333333000000000000000003030030033000003300
30333330033330033300333330330030330030000000000003333300000000033333003333300333333333333332000000000000000000000003330000003300
00000000000000000000000000000000000000000000000003333300000000022223003222200222222222222222000000000000000000000000000000000000
00000000000000000000000000000000000000000000000002222200000000022222002222200222222222222222000000000000000000000000000000000000
00000000000000000000000000000000000000000000000001111100000000011111001111100111110111111111000000000000000000000000000000000000
00000000000000000000000000000000000000000000000003333300000000033333003111100111110111111111000000000000000000000000000000000000
00000000000000000000000000000000000000000000000003333300000000011111001111100111110011111111000000000000000000000000000000000000
00000333000333000333000003330003330003330000000002222200000000022211001111100111110011111111000000000000003300000333003333300333
30003300303300303300300033003033003033003000000001111100000000011111001111100111110001111111000000000000033300003003303000003300
30003300303300303300300033003033003033003000000001111100000000011111003333300333330003333333000000000000003300003003303333003300
30003300303300303300300033003033003033003000000001111100000000011111001222300333330000333333000000000000003300000333300003303300
30003300303300303300300033003033003033003000000001111100000000011122003333300333330000333333000000000000003300000003300003303300
30303300303300303300303033003033003033003000000001111111112220022222222222200222220000022222000000000000003300303003303003303300
00300333000333000333003003330003330003330000000001111111111110011111111111100111110000011111000000000000033330300333000333000333
00000000000000000000000000000000000000000000000001111111111110033333333333300333330000033333000000000000000000000000000000000000
00000000000000000000000000000000000000000000000003333333333330033333333333300333330000033333000000000000000000000000000000000000
00000000000000000000000000000000000000000000000002222233333330033333222233300222220000022222000000000000000000000000000000000000
00000000000000000000000000000000000000000000000002222222222220002222222222000222220000022222000000000000000000000000000000000000
00000000000000000000000000000000000000000000000001111111111110000111111110000111110000011111000000000000000000000000000000000000
00000000000000000000000000000000000000000000000000000000000000000000000000000000000000000000000000000000000000000000000000000000
00000000000000000000000000000000000000000000000000000000000000000000000000000000000000000000000000000000000000000000000000000000

0x0009712c
00000000000000000000000000000000000000000000000000000000000000000000000000000000000000000000000000000000000000000000000000000000
00000000000000000000000000000000000000000111110000000000011111111000011111000001111100000000000000000000000000000000000000000000
00000000000000000000000000000000000000000333330000000000333333333300011111000001113300000000000000000000000000000000000000000000
00000000000000000000000000000000000000000333330000000003333322111110011111100001111100000000000000000000000000000000000000000000
00000000000000000000000000000000000000000222220000000002222222222220022222200001111100000000000000000000000000000000000000000000
00000000000000000000000000000000000000000111110000000001111111111110011111110001111100000000000000000000000000000000000000000000
03330033003033000033333033330000000000000111110000000001111111111110011111110001111100000000000000000000000333000000333300333330
33003033003033000033003033003000000000000333330000000001111111111110011111111001111100000000000000000303003003300000330030330000
33000033003033000033003033003000000000000222220000000003333300111110011111111001111100000000000000003333300003300000330030330000
33033033003033000033333033333000000000000222220000000002222200222220011111111101111100000000000000000303000333000000333330333300
33003033003033000033003033030000000000000111110000000001111100111110011111111101111100000000000000003333300003300000330300330000
33003033003033000033003033003000000000000111110000000003333300333330033333333333333300000000000000000303003003300000330030330000
03333003330033333033003033003000000000000333330000000003333300333330033333333333333200000000000000000000000333000000330030333330
00000000000000000000000000000000000000000333330000000002222300322220022222222222222200000000000000000000000000000000000000000000
00000000000000000000000000000000000000000222220000000002222200222220022222222222222200000000000000000000000000000000000000000000
00000000000000000000000000000000000000000111110000000001111100111110011111011111111100000000000000000000000000000000000000000000
00000000000000000000000000000000000000000333330000000003333300311110011111011111111100000000000000000000000000000000000000000000
00000000000000000000000000000000000000000333330000000001111100111110011111001111111100000000000000000000000000000000000000000000
00033300033300000333000333000333000000000222220000000002221100111110011111001111111100000000000000330000033300333330033300000333
30330030330030003300303300303300300000000111110000000001111100111110011111000111111100000000000003330000300330300000330030003300
30330030330030003300303300303300300000000111110000000001111100333330033333000333333300000000000000330000300330333300330030003300
30330030330030003300303300303300300000000111110000000001111100122230033333000033333300000000000000330000033330000330330030003300
30330030330030003300303300303300300000000111110000000001112200333330033333000033333300000000000000330000000330000330330030003300
30330030330030303300303300303300300000000111111111222002222222222220022222000002222200000000000000330030300330300330330030303300
00033300033300300333000333000333000000000111111111111001111111111110011111000001111100000000000003333030033300033300033300300333
00000000000000000000000000000000000000000111111111111003333333333330033333000003333300000000000000000000000000000000000000000000
00000000000000000000000000000000000000000333333333333003333333333330033333000003333300000000000000000000000000000000000000000000
00000000000000000000000000000000000000000222223333333003333322223330022222000002222200000000000000000000000000000000000000000000
00000000000000000000000000000000000000000222222222222000222222222200022222000002222200000000000000000000000000000000000000000000
00000000000000000000000000000000000000000111111111111000011111111000011111000001111100000000000000000000000000000000000000000000
00000000000000000000000000000000000000000000000000000000000000000000000000000000000000000000000000000000000000000000000000000000
00000000000000000000000000000000000000000000000000000000000000000000000000000000000000000000000000000000000000000000000000000000

0x0009716b
00000000000000000000000000000000000000000000000000000000000000000000000000000000000000000000000000000000000000000000000000000000
00000000000000000000000000000000011111000000000001111111100001111100000111110000000000000000000000000000000000000000000000000000
00000000000000000000000000000000033333000000000033333333330001111100000111330000000000000000000000000000000000000000000000000000
00000000000000000000000000000000033333000000000333332211111001111110000111110000000000000000000000000000000000000000000000000000
00000000000000000000000000000000022222000000000222222222222002222220000111110000000000000000000000000000000000000000000000000000
00000000000000000000000000000000011111000000000111111111111001111111000111110000000000000000000000000000000000000000000000000000
00303300003333303333000000000000011111000000000111111111111001111111000111110000000000000000000000033300000033330033333003330033
00303300003300303300300000000000033333000000000111111111111001111111100111110000000000000000030300300330000033003033000033003033
00303300003300303300300000000000022222000000000333330011111001111111100111110000000000000000333330000330000033003033000033000033
00303300003333303333300000000000022222000000000222220022222001111111110111110000000000000000030300033300000033333033330033033033
00303300003300303303000000000000011111000000000111110011111001111111110111110000000000000000333330000330000033030033000033003033
00303300003300303300300000000000011111000000000333330033333003333333333333330000000000000000030300300330000033003033000033003033
33003333303300303300300000000000033333000000000333330033333003333333333333320000000000000000000000033300000033003033333003333003
00000000000000000000000000000000033333000000000222230032222002222222222222220000000000000000000000000000000000000000000000000000
00000000000000000000000000000000022222000000000222220022222002222222222222220000000000000000000000000000000000000000000000000000
00000000000000000000000000000000011111000000000111110011111001111101111111110000000000000000000000000000000000000000000000000000
00000000000000000000000000000000033333000000000333330031111001111101111111110000000000000000000000000000000000000000000000000000
00000000000000000000000000000000033333000000000111110011111001111100111111110000000000000000000000000000000000000000000000000000
03330000033300033300033300000000022222000000000222110011111001111100111111110000000000000033000003330033333003330000033300033300
33003000330030330030330030000000011111000000000111110011111001111100011111110000000000000333000030033030000033003000330030330030
33003000330030330030330030000000011111000000000111110033333003333300033333330000000000000033000030033033330033003000330030330030
33003000330030330030330030000000011111000000000111110012223003333300003333330000000000000033000003333000033033003000330030330030
33003000330030330030330030000000011111000000000111220033333003333300003333330000000000000033000000033000033033003000330030330030
33003030330030330030330030000000011111111122200222222222222002222200000222220000000000000033003030033030033033003030330030330030
03330030033300033300033300000000011111111111100111111111111001111100000111110000000000000333303003330003330003330030033300033300
00000000000000000000000000000000011111111111100333333333333003333300000333330000000000000000000000000000000000000000000000000000
00000000000000000000000000000000033333333333300333333333333003333300000333330000000000000000000000000000000000000000000000000000
00000000000000000000000000000000022222333333300333332222333002222200000222220000000000000000000000000000000000000000000000000000
00000000000000000000000000000000022222222222200022222222220002222200000222220000000000000000000000000000000000000000000000000000
00000000000000000000000000000000011111111111100001111111100001111100000111110000000000000000000000000000000000000000000000000000
00000000000000000000000000000000000000000000000000000000000000000000000000000000000000000000000000000000000000000000000000000000
00000000000000000000000000000000000000000000000000000000000000000000000000000000000000000000000000000000000000000000000000000000

0x0009718a
00000000000000000000000000000000000000000000000000000000000000000000000000000000000000000000000000000000000000000000000000000000
00000000000000000000000001111100000000000111111110000111110000011111000000000000000000000000000000000000000000000000000000000000
00000000000000000000000003333300000000003333333333000111110000011133000000000000000000000000000000000000000000000000000000000000
00000000000000000000000003333300000000033333221111100111111000011111000000000000000000000000000000000000000000000000000000000000
00000000000000000000000002222200000000022222222222200222222000011111000000000000000000000000000000000000000000000000000000000000
00000000000000000000000001111100000000011111111111100111111100011111000000000000000000000000000000000000000000000000000000000000
00333330333300000000000001111100000000011111111111100111111100011111000000000000000000000003330000003333003333300333003300303300
00330030330030000000000003333300000000011111111111100111111110011111000000000000000003030030033000003300303300003300303300303300
00330030330030000000000002222200000000033333001111100111111110011111000000000000000033333000033000003300303300003300003300303300
00333330333330000000000002222200000000022222002222200111111111011111000000000000000003030003330000003333303333003303303300303300
00330030330300000000000001111100000000011111001111100111111111011111000000000000000033333000033000003303003300003300303300303300
00330030330030000000000001111100000000033333003333300333333333333333000000000000000003030030033000003300303300003300303300303300
30330030330030000000000003333300000000033333003333300333333333333332000000000000000000000003330000003300303333300333300333003333
00000000000000000000000003333300000000022223003222200222222222222222000000000000000000000000000000000000000000000000000000000000
00000000000000000000000002222200000000022222002222200222222222222222000000000000000000000000000000000000000000000000000000000000
00000000000000000000000001111100000000011111001111100111110111111111000000000000000000000000000000000000000000000000000000000000
00000000000000000000000003333300000000033333003111100111110111111111000000000000000000000000000000000000000000000000000000000000
00000000000000000000000003333300000000011111001111100111110011111111000000000000000000000000000000000000000000000000000000000000
03330003330003330000000002222200000000022211001111100111110011111111000000000000003300000333003333300333000003330003330003330000
33003033003033003000000001111100000000011111001111100111110001111111000000000000033300003003303000003300300033003033003033003000
33003033003033003000000001111100000000011111003333300333330003333333000000000000003300003003303333003300300033003033003033003000
33003033003033003000000001111100000000011111001222300333330000333333000000000000003300000333300003303300300033003033003033003000
33003033003033003000000001111100000000011122003333300333330000333333000000000000003300000003300003303300300033003033003033003000
33003033003033003000000001111111112220022222222222200222220000022222000000000000003300303003303003303300303033003033003033003030
03330003330003330000000001111111111110011111111111100111110000011111000000000000033330300333000333000333003003330003330003330030
00000000000000000000000001111111111110033333333333300333330000033333000000000000000000000000000000000000000000000000000000000000
00000000000000000000000003333333333330033333333333300333330000033333000000000000000000000000000000000000000000000000000000000000
00000000000000000000000002222233333330033333222233300222220000022222000000000000000000000000000000000000000000000000000000000000
00000000000000000000000002222222222220002222222222000222220000022222000000000000000000000000000000000000000000000000000000000000
00000000000000000000000001111111111110000111111110000111110000011111000000000000000000000000000000000000000000000000000000000000
00000000000000000000000000000000000000000000000000000000000000000000000000000000000000000000000000000000000000000000000000000000
00000000000000000000000000000000000000000000000000000000000000000000000000000000000000000000000000000000000000000000000000000000

0x000971a9
00000000000000000000000000000000000000000000000000000000000000000000000000000000000000000000000000000000000000000000000000000000
00000000000000000111110000000000011111111000011111000001111100000000000000000000000000000000000000000000000000000000000000000000
00000000000000000333330000000000333333333300011111000001113300000000000000000000000000000000000000000000000000000000000000000000
00000000000000000333330000000003333322111110011111100001111100000000000000000000000000000000000000000000000000000000000000000000
00000000000000000222220000000002222222222220022222200001111100000000000000000000000000000000000000000000000000000000000000000000
00000000000000000111110000000001111111111110011111110001111100000000000000000000000000000000000000000000000000000000000000000000
33330000000000000111110000000001111111111110011111110001111100000000000000000000000333000000333300333330033300330030330000333330
33003000000000000333330000000001111111111110011111111001111100000000000000000303003003300000330030330000330030330030330000330030
33003000000000000222220000000003333300111110011111111001111100000000000000003333300003300000330030330000330000330030330000330030
33333000000000000222220000000002222200222220011111111101111100000000000000000303000333000000333330333300330330330030330000333330
33030000000000000111110000000001111100111110011111111101111100000000000000003333300003300000330300330000330030330030330000330030
33003000000000000111110000000003333300333330033333333333333300000000000000000303003003300000330030330000330030330030330000330030
33003000000000000333330000000003333300333330033333333333333200000000000000000000000333000000330030333330033330033300333330330030
00000000000000000333330000000002222300322220022222222222222200000000000000000000000000000000000000000000000000000000000000000000
00000000000000000222220000000002222200222220022222222222222200000000000000000000000000000000000000000000000000000000000000000000
00000000000000000111110000000001111100111110011111011111111100000000000000000000000000000000000000000000000000000000000000000000
00000000000000000333330000000003333300311110011111011111111100000000000000000000000000000000000000000000000000000000000000000000
00000000000000000333330000000001111100111110011111001111111100000000000000000000000000000000000000000000000000000000000000000000
33000333000000000222220000000002221100111110011111001111111100000000000000330000033300333330033300000333000333000333000003330003
00303300300000000111110000000001111100111110011111000111111100000000000003330000300330300000330030003300303300303300300033003033
00303300300000000111110000000001111100333330033333000333333300000000000000330000300330333300330030003300303300303300300033003033
00303300300000000111110000000001111100122230033333000033333300000000000000330000033330000330330030003300303300303300300033003033
00303300300000000111110000000001112200333330033333000033333300000000000000330000000330000330330030003300303300303300300033003033
00303300300000000111111111222002222222222220022222000002222200000000000000330030300330300330330030303300303300303300303033003033
33000333000000000111111111111001111111111110011111000001111100000000000003333030033300033300033300300333000333000333003003330003
00000000000000000111111111111003333333333330033333000003333300000000000000000000000000000000000000000000000000000000000000000000
00000000000000000333333333333003333333333330033333000003333300000000000000000000000000000000000000000000000000000000000000000000
00000000000000000222223333333003333322223330022222000002222200000000000000000000000000000000000000000000000000000000000000000000
00000000000000000222222222222000222222222200022222000002222200000000000000000000000000000000000000000000000000000000000000000000
00000000000000000111111111111000011111111000011111000001111100000000000000000000000000000000000000000000000000000000000000000000
00000000000000000000000000000000000000000000000000000000000000000000000000000000000000000000000000000000000000000000000000000000
00000000000000000000000000000000000000000000000000000000000000000000000000000000000000000000000000000000000000000000000000000000

0x000971d8
00000000000000000000000000000000000000000000000000000000000000000000000000000000000000000000000000000000000000000000000000000000
00000000011111000000000001111111100001111100000111110000000000000000000000000000000000000000000000000000000000000000000000000000
00000000033333000000000033333333330001111100000111330000000000000000000000000000000000000000000000000000000000000000000000000000
00000000033333000000000333332211111001111110000111110000000000000000000000000000000000000000000000000000000000000000000000000000
00000000022222000000000222222222222002222220000111110000000000000000000000000000000000000000000000000000000000000000000000000000
00000000011111000000000111111111111001111111000111110000000000000000000000000000000000000000000000000000000000000000000000000000
00000000011111000000000111111111111001111111000111110000000000000000000000033300000033330033333003330033003033000033333033330000
00000000033333000000000111111111111001111111100111110000000000000000030300300330000033003033000033003033003033000033003033003000
00000000022222000000000333330011111001111111100111110000000000000000333330000330000033003033000033000033003033000033003033003000
00000000022222000000000222220022222001111111110111110000000000000000030300033300000033333033330033033033003033000033333033333000
00000000011111000000000111110011111001111111110111110000000000000000333330000330000033030033000033003033003033000033003033030000
00000000011111000000000333330033333003333333333333330000000000000000030300300330000033003033000033003033003033000033003033003000
00000000033333000000000333330033333003333333333333320000000000000000000000033300000033003033333003333003330033333033003033003000
00000000033333000000000222230032222002222222222222220000000000000000000000000000000000000000000000000000000000000000000000000000
00000000022222000000000222220022222002222222222222220000000000000000000000000000000000000000000000000000000000000000000000000000
00000000011111000000000111110011111001111101111111110000000000000000000000000000000000000000000000000000000000000000000000000000
00000000033333000000000333330031111001111101111111110000000000000000000000000000000000000000000000000000000000000000000000000000
00000000033333000000000111110011111001111100111111110000000000000000000000000000000000000000000000000000000000000000000000000000
00000000022222000000000222110011111001111100111111110000000000000033000003330033333003330000033300033300033300000333000333000333
30000000011111000000000111110011111001111100011111110000000000000333000030033030000033003000330030330030330030003300303300303300
30000000011111000000000111110033333003333300033333330000000000000033000030033033330033003000330030330030330030003300303300303300
30000000011111000000000111110012223003333300003333330000000000000033000003333000033033003000330030330030330030003300303300303300
30000000011111000000000111220033333003333300003333330000000000000033000000033000033033003000330030330030330030003300303300303300
30000000011111111122200222222222222002222200000222220000000000000033003030033030033033003030330030330030330030303300303300303300
00000000011111111111100111111111111001111100000111110000000000000333303003330003330003330030033300033300033300300333000333000333
00000000011111111111100333333333333003333300000333330000000000000000000000000000000000000000000000000000000000000000000000000000
00000000033333333333300333333333333003333300000333330000000000000000000000000000000000000000000000000000000000000000000000000000
00000000022222333333300333332222333002222200000222220000000000000000000000000000000000000000000000000000000000000000000000000000
00000000022222222222200022222222220002222200000222220000000000000000000000000000000000000000000000000000000000000000000000000000
00000000011111111111100001111111100001111100000111110000000000000000000000000000000000000000000000000000000000000000000000000000
00000000000000000000000000000000000000000000000000000000000000000000000000000000000000000000000000000000000000000000000000000000
00000000000000000000000000000000000000000000000000000000000000000000000000000000000000000000000000000000000000000000000000000000

0x000971f8
00000000000000000000000000000000000000000000000000000000000000000000000000000000000000000000000000000000000000000000000000000000
01111100000000000111111110000111110000011111000000000000000000000000000000000000000000000000000000000000000000000000000000000000
03333300000000003333333333000111110000011133000000000000000000000000000000000000000000000000000000000000000000000000000000000000
03333300000000033333221111100111111000011111000000000000000000000000000000000000000000000000000000000000000000000000000000000000
02222200000000022222222222200222222000011111000000000000000000000000000000000000000000000000000000000000000000000000000000000000
01111100000000011111111111100111111100011111000000000000000000000000000000000000000000000000000000000000000000000000000000000000
01111100000000011111111111100111111100011111000000000000000000000003330000003333003333300333003300303300003333303333000000000000
03333300000000011111111111100111111110011111000000000000000003030030033000003300303300003300303300303300003300303300300000000000
02222200000000033333001111100111111110011111000000000000000033333000033000003300303300003300003300303300003300303300300000000000
02222200000000022222002222200111111111011111000000000000000003030003330000003333303333003303303300303300003333303333300000000000
01111100000000011111001111100111111111011111000000000000000033333000033000003303003300003300303300303300003300303303000000000000
01111100000000033333003333300333333333333333000000000000000003030030033000003300303300003300303300303300003300303300300000000000
03333300000000033333003333300333333333333332000000000000000000000003330000003300303333300333300333003333303300303300300000000000
03333300000000022223003222200222222222222222000000000000000000000000000000000000000000000000000000000000000000000000000000000000
02222200000000022222002222200222222222222222000000000000000000000000000000000000000000000000000000000000000000000000000000000000
01111100000000011111001111100111110111111111000000000000000000000000000000000000000000000000000000000000000000000000000000000000
03333300000000033333003111100111110111111111000000000000000000000000000000000000000000000000000000000000000000000000000000000000
03333300000000011111001111100111110011111111000000000000000000000000000000000000000000000000000000000000000000000000000000000000
02222200000000022211001111100111110011111111000000000000003300000333003333300333000003330003330003330000033300033300033300000000
01111100000000011111001111100111110001111111000000000000033300003003303000003300300033003033003033003000330030330030330030000000
01111100000000011111003333300333330003333333000000000000003300003003303333003300300033003033003033003000330030330030330030000000
01111100000000011111001222300333330000333333000000000000003300000333300003303300300033003033003033003000330030330030330030000000
01111100000000011122003333300333330000333333000000000000003300000003300003303300300033003033003033003000330030330030330030000000
01111111112220022222222222200222220000022222000000000000003300303003303003303300303033003033003033003030330030330030330030000000
01111111111110011111111111100111110000011111000000000000033330300333000333000333003003330003330003330030033300033300033300000000
01111111111110033333333333300333330000033333000000000000000000000000000000000000000000000000000000000000000000000000000000000000
03333333333330033333333333300333330000033333000000000000000000000000000000000000000000000000000000000000000000000000000000000000
02222233333330033333222233300222220000022222000000000000000000000000000000000000000000000000000000000000000000000000000000000000
02222222222220002222222222000222220000022222000000000000000000000000000000000000000000000000000000000000000000000000000000000000
01111111111110000111111110000111110000011111000000000000000000000000000000000000000000000000000000000000000000000000000000000000
00000000000000000000000000000000000000000000000000000000000000000000000000000000000000000000000000000000000000000000000000000000
00000000000000000000000000000000000000000000000000000000000000000000000000000000000000000000000000000000000000000000000000000000

0x00097284
00000000000000000000000000000000000000000000000000000000000000000000000000000000000000000000000000000000000000000000000000000000
01111100000000000111111110000111110000011111000000000000000000000000000000000000000000000000000000000000000000000000000000000000
03333300000000001133333333000333330000033333000000000000000000000000000000000000000000000000000000000000000000000000000000000000
01111100000000011111122223300333333000033333000000000000000000000000000000000000000000000000000000000000000000000000000000000000
01111100000000022222222222200222222000022222000000000000000000000000000000000000000000000000000000000000000000000000000000000000
01111100000000011111111111100111111100011111000000000000000000000000000000000000000000000000000000000000000000000000000000000000
03333300000000011111111111100111111100011111000000000000000000000003330000003333003333300333003300303300003333303333000000000000
03333300000000033333333333300333333310011111000000000000000003030030033000003300303300003300303300303300003300303300300000000000
03333300000000022222002222200222222230033333000000000000000033333000033000003300303300003300003300303300003300303300300000000000
02222200000000022222002222200222222222022222000000000000000003030003330000003333303333003303303300303300003333303333300000000000
01111100000000011111001111100111111111011111000000000000000033333000033000003303003300003300303300303300003300303303000000000000
01111100000000011111001111100111333333333333000000000000000003030030033000003300303300003300303300303300003300303300300000000000
01111100000000033333003333300333333333333333000000000000000000000003330000003300303333300333300333003333303300303300300000000000
01111100000000022222002333300333333332222333000000000000000000000000000000000000000000000000000000000000000000000000000000000000
01111200000000022222002222200222222222222222000000000000000000000000000000000000000000000000000000000000000000000000000000000000
01111100000000011111001111100111110111111111000000000000000000000000000000000000000000000000000000000000000000000000000000000000
03333300000000033333003333300333330333333333000000000000000000000000000000000000000000000000000000000000000000000000000000000000
03333300000000033333003333300333330021111111000000000000000000000000000000000000000000000000000000000000000000000000000000000000
03333300000000022222002222200222220022222111000000000000003300000333003333300333000003330003330003330000033300033300033300000000
02222200000000022221001111100111110001111111000000000000033300003003303000003300300033003033003033003000330030330030330030000000
01111100000000011111001111100111110001113333000000000000003300003003303333003300300033003033003033003000330030330030330030000000
03333300000000011111001111100111110000111112000000000000003300000333300003303300300033003033003033003000330030330030330030000000
02222200000000011111001111100111110000223333000000000000003300000003300003303300300033003033003033003000330030330030330030000000
02222222222220011111111111100122220000022222000000000000003300303003303003303300303033003033003033003030330030330030330030000000
01111111111110011111111111100111110000011111000000000000033330300333000333000333003003330003330003330030033300033300033300000000
01111111111110011111111111100111110000011111000000000000000000000000000000000000000000000000000000000000000000000000000000000000
01111111111110011111111333300333330000033333000000000000000000000000000000000000000000000000000000000000000000000000000000000000
03331111111110011111111111100222220000033333000000000000000000000000000000000000000000000000000000000000000000000000000000000000
01111111111110001122222222000222220000022222000000000000000000000000000000000000000000000000000000000000000000000000000000000000
01111111111110000111111110000111110000011111000000000000000000000000000000000000000000000000000000000000000000000000000000000000
00000000000000000000000000000000000000000000000000000000000000000000000000000000000000000000000000000000000000000000000000000000
00000000000000000000000000000000000000000000000000000000000000000000000000000000000000000000000000000000000000000000000000000000

0x000972f2
00000000000000000000000000000000000000000000000000000000000000000000000000000000000000000000000000000000000000000000000000000000
01111100000000000111111110000111110000011111000000000000000000000000000000000000000000000000000000000000000000000000000000000000
03333300000000003333333333000333330000011111000000000000000000000000000000000000000000000000000000000000000000000000000000000000
03333300000000033333333332200111111000011111000000000000000000000000000000000000000000000000000000000000000000000000000000000000
02222200000000022222222222200221111000022222000000000000000000000000000000000000000000000000000000000000000000000000000000000000
01111100000000011111111111100111111100011111000000000000000000000000000000000000000000000000000000000000000000000000000000000000
01111100000000013333333333300333111100011111000000000000000000000003330000003333003333300333003300303300003333303333000000000000
03333300000000033333333333300333333330033333000000000000000003030030033000003300303300003300303300303300003300303300300000000000
02222300000000033333003333300333333330022222000000000000000033333000033000003300303300003300003300303300003300303300300000000000
02222200000000022222002222200222222222022222000000000000000003030003330000003333303333003303303300303300003333303333300000000000
01111100000000011111001111100111111111011111000000000000000033333000033000003303003300003300303300303300003300303303000000000000
01111100000000011111001111100111111111111111000000000000000003030030033000003300303300003300303300303300003300303300300000000000
01111100000000011111001111100113333333333333000000000000000000000003330000003300303333300333300333003333303300303300300000000000
01111100000000011111001111100111111222222222000000000000000000000000000000000000000000000000000000000000000000000000000000000000
01111100000000011111001111200222222222222222000000000000000000000000000000000000000000000000000000000000000000000000000000000000
01111100000000011111001111100111110111111111000000000000000000000000000000000000000000000000000000000000000000000000000000000000
03333300000000033333003333300333330333333333000000000000000000000000000000000000000000000000000000000000000000000000000000000000
03333300000000033333003333300333330033333333000000000000000000000000000000000000000000000000000000000000000000000000000000000000
01111100000000033333003333300222220022222222000000000000003300000333003333300333000003330003330003330000033300033300033300000000
01222200000000022222002222200222220002222211000000000000033300003003303000003300300033003033003033003000330030330030330030000000
01111100000000011111001111100111110001111111000000000000003300003003303333003300300033003033003033003000330030330030330030000000
03333300000000033333003333300111110000111111000000000000003300000333300003303300300033003033003033003000330030330030330030000000
03222200000000022222002222100111110000111111000000000000003300000003300003303300300033003033003033003000330030330030330030000000
02222222222220022222222222200222220000011111000000000000003300303003303003303300303033003033003033003030330030330030330030000000
01111111111110011111111111100111110000011111000000000000033330300333000333000333003003330003330003330030033300033300033300000000
01111111111110011111111111100111110000011111000000000000000000000000000000000000000000000000000000000000000000000000000000000000
01111111111110011111111111100111110000011111000000000000000000000000000000000000000000000000000000000000000000000000000000000000
03333333333330033333333333300333330000011111000000000000000000000000000000000000000000000000000000000000000000000000000000000000
03333333333330003332222211000111110000011111000000000000000000000000000000000000000000000000000000000000000000000000000000000000
02222222222220000222222220000111110000011111000000000000000000000000000000000000000000000000000000000000000000000000000000000000
00000000000000000000000000000000000000000000000000000000000000000000000000000000000000000000000000000000000000000000000000000000
00000000000000000000000000000000000000000000000000000000000000000000000000000000000000000000000000000000000000000000000000000000

0x000973dc
00000000000000000000000000000000000000000000000000000000000000000000000000000000000000000000000000000000000000000000000000000000
01111100000000000111111110000111110000011111000000000000000000000000000000000000000000000000000000000000000000000000000000000000
03333300000000003333333333000333330000033333000000000000000000000000000000000000000000000000000000000000000000000000000000000000
03333300000000033333333333300333333000033333000000000000000000000000000000000000000000000000000000000000000000000000000000000000
03333300000000022222222222200222222000022222000000000000000000000000000000000000000000000000000000000000000000000000000000000000
02222200000000022222222211100111111100011111000000000000000000000000000000000000000000000000000000000000000000000000000000000000
01111100000000011111111111100111111100011333000000000000000000000003330000003333003333300333003300303300003333303333000000000000
01111100000000011111111113300333333330033333000000000000000003030030033000003300303300003300303300303300003300303300300000000000
01111100000000011111003332200233333330033333000000000000000033333000033000003300303300003300003300303300003300303300300000000000
01111100000000011222002222200222222222022222000000000000000003030003330000003333303333003303303300303300003333303333300000000000
01111100000000011111001111100111111111011111000000000000000033333000033000003303003300003300303300303300003300303303000000000000
03333300000000011111001111100111111111111111000000000000000003030030033000003300303300003300303300303300003300303300300000000000
02221100000000011111001111100111111111111111000000000000000000000003330000003300303333300333300333003333303300303300300000000000
02222200000000022111001111100111111111111111000000000000000000000000000000000000000000000000000000000000000000000000000000000000
02222200000000022222001111100111111111111111000000000000000000000000000000000000000000000000000000000000000000000000000000000000
01111100000000011111001111100111110111111111000000000000000000000000000000000000000000000000000000000000000000000000000000000000
01111100000000033333003333300333330333333333000000000000000000000000000000000000000000000000000000000000000000000000000000000000
01111100000000012222002233300333330033333333000000000000000000000000000000000000000000000000000000000000000000000000000000000000
01111100000000011111001111100222220033333333000000000000003300000333003333300333000003330003330003330000033300033300033300000000
01111100000000011111001112200222220002222222000000000000033300003003303000003300300033003033003033003000330030330030330030000000
03333300000000011111001111100111110001111111000000000000003300003003303333003300300033003033003033003000330030330030330030000000
03333300000000033333003333300333330000333333000000000000003300000333300003303300300033003033003033003000330030330030330030000000
03333300000000033333002222200222220000222222000000000000003300000003300003303300300033003033003033003000330030330030330030000000
02222222222220022222222222200222220000022222000000000000003300303003303003303300303033003033003033003030330030330030330030000000
01111111111110011111111111100111110000011111000000000000033330300333000333000333003003330003330003330030033300033300033300000000
01111111111110011111111111100111110000011111000000000000000000000000000000000000000000000000000000000000000000000000000000000000
01111111111110011111111111100111110000011111000000000000000000000000000000000000000000000000000000000000000000000000000000000000
02221111111110033333333333300333330000033333000000000000000000000000000000000000000000000000000000000000000000000000000000000000
02222221111110001111111112000333330000033333000000000000000000000000000000000000000000000000000000000000000000000000000000000000
01111111111110000111112220000222220000022222000000000000000000000000000000000000000000000000000000000000000000000000000000000000
00000000000000000000000000000000000000000000000000000000000000000000000000000000000000000000000000000000000000000000000000000000
00000000000000000000000000000000000000000000000000000000000000000000000000000000000000000000000000000000000000000000000000000000

0x000974b7
00000000000000000000000000000000000000000000000000000000000000000000000000000000000000000000000000000000000000000000000000000000
01111100000000000111111110000111110000011111000000000000000000000000000000000000000000000000000000000000000000000000000000000000
01111100000000003333333333000333330000033333000000000000000000000000000000000000000000000000000000000000000000000000000000000000
01111100000000011111222223300333333000033333000000000000000000000000000000000000000000000000000000000000000000000000000000000000
02222200000000011111111112200233333000033222000000000000000000000000000000000000000000000000000000000000000000000000000000000000
01111100000000011111112222200222222200022222000000000000000000000000000000000000000000000000000000000000000000000000000000000000
01111100000000011111111111100111111100011111000000000000000000000003330000003333003333300333003300303300003333303333000000000000
01111100000000011111111111100111111110011111000000000000000003030030033000003300303300003300303300303300003300303300300000000000
01111100000000011111001111100111111110011111000000000000000033333000033000003300303300003300003300303300003300303300300000000000
02111100000000011111001111100111111111011122000000000000000003030003330000003333303333003303303300303300003333303333300000000000
01111100000000011111001111100111111111011111000000000000000033333000033000003303003300003300303300303300003300303303000000000000
03333300000000033333003333300111111111111111000000000000000003030030033000003300303300003300303300303300003300303300300000000000
03333300000000033333002221100111111111111111000000000000000000000003330000003300303333300333300333003333303300303300300000000000
03222200000000022222002222200222222222111111000000000000000000000000000000000000000000000000000000000000000000000000000000000000
02222200000000022222002222200222222222222111000000000000000000000000000000000000000000000000000000000000000000000000000000000000
01111100000000011111001111100111110111111111000000000000000000000000000000000000000000000000000000000000000000000000000000000000
01111100000000011111001111100111110133333333000000000000000000000000000000000000000000000000000000000000000000000000000000000000
01111100000000011111001111100111110011122222000000000000000000000000000000000000000000000000000000000000000000000000000000000000
01111100000000011111001111100111110011111111000000000000003300000333003333300333000003330003330003330000033300033300033300000000
01111100000000011111001111100111110001111111000000000000033300003003303000003300300033003033003033003000330030330030330030000000
03333300000000033333003333300333110001111111000000000000003300003003303333003300300033003033003033003000330030330030330030000000
01122200000000033333003333300333330000333333000000000000003300000333300003303300300033003033003033003000330030330030330030000000
03333300000000033333003333300333330000333322000000000000003300000003300003303300300033003033003033003000330030330030330030000000
02222222222220022222222222200222220000022222000000000000003300303003303003303300303033003033003033003030330030330030330030000000
01111111111110011111111111100111110000011111000000000000033330300333000333000333003003330003330003330030033300033300033300000000
03333333333330033333333331100111110000011111000000000000000000000000000000000000000000000000000000000000000000000000000000000000
03333333333330033322211111100111110000011111000000000000000000000000000000000000000000000000000000000000000000000000000000000000
02222222222220022222222222200222220000011111000000000000000000000000000000000000000000000000000000000000000000000000000000000000
02222222222220002222222222000222220000011111000000000000000000000000000000000000000000000000000000000000000000000000000000000000
01111111111110000111111110000111110000011111000000000000000000000000000000000000000000000000000000000000000000000000000000000000
00000000000000000000000000000000000000000000000000000000000000000000000000000000000000000000000000000000000000000000000000000000
00000000000000000000000000000000000000000000000000000000000000000000000000000000000000000000000000000000000000000000000000000000

0x000975a1
00000000000000000000000000000000000000000000000000000000000000000000000000000000000000000000000000000000000000000000000000000000
01111100000000000111111110000111110000011111000000000000000000000000000000000000000000000000000000000000000000000000000000000000
03333300000000003333333333000111110000011133000000000000000000000000000000000000000000000000000000000000000000000000000000000000
03333300000000033333221111100111111000011111000000000000000000000000000000000000000000000000000000000000000000000000000000000000
02222200000000022222222222200222222000011111000000000000000000000000000000000000000000000000000000000000000000000000000000000000
01111100000000011111111111100111111100011111000000000000000000000000000000000000000000000000000000000000000000000000000000000000
01111100000000011111111111100111111100011111000000000000000000000003330000003333003333300333003300303300003333303333000000000000
03333300000000011111111111100111111110011111000000000000000003030030033000003300303300003300303300303300003300303300300000000000
02222200000000033333001111100111111110011111000000000000000033333000033000003300303300003300003300303300003300303300300000000000
02222200000000022222002222200111111111011111000000000000000003030003330000003333303333003303303300303300003333303333300000000000
01111100000000011111001111100111111111011111000000000000000033333000033000003303003300003300303300303300003300303303000000000000
01111100000000033333003333300333333333333333000000000000000003030030033000003300303300003300303300303300003300303300300000000000
03333300000000033333003333300333333333333332000000000000000000000003330000003300303333300333300333003333303300303300300000000000
03333300000000022223003222200222222222222222000000000000000000000000000000000000000000000000000000000000000000000000000000000000
02222200000000022222002222200222222222222222000000000000000000000000000000000000000000000000000000000000000000000000000000000000
01111100000000011111001111100111110111111111000000000000000000000000000000000000000000000000000000000000000000000000000000000000
03333300000000033333003111100111110111111111000000000000000000000000000000000000000000000000000000000000000000000000000000000000
03333300000000011111001111100111110011111111000000000000000000000000000000000000000000000000000000000000000000000000000000000000
02222200000000022211001111100111110011111111000000000000003300000333003333300333000003330003330003330000033300033300033300000000
01111100000000011111001111100111110001111111000000000000033300003003303000003300300033003033003033003000330030330030330030000000
01111100000000011111003333300333330003333333000000000000003300003003303333003300300033003033003033003000330030330030330030000000
01111100000000011111001222300333330000333333000000000000003300000333300003303300300033003033003033003000330030330030330030000000
01111100000000011122003333300333330000333333000000000000003300000003300003303300300033003033003033003000330030330030330030000000
01111111112220022222222222200222220000022222000000000000003300303003303003303300303033003033003033003030330030330030330030000000
01111111111110011111111111100111110000011111000000000000033330300333000333000333003003330003330003330030033300033300033300000000
01111111111110033333333333300333330000033333000000000000000000000000000000000000000000000000000000000000000000000000000000000000
03333333333330033333333333300333330000033333000000000000000000000000000000000000000000000000000000000000000000000000000000000000
02222233333330033333222233300222220000022222000000000000000000000000000000000000000000000000000000000000000000000000000000000000
02222222222220002222222222000222220000022222000000000000000000000000000000000000000000000000000000000000000000000000000000000000
01111111111110000111111110000111110000011111000000000000000000000000000000000000000000000000000000000000000000000000000000000000
00000000000000000000000000000000000000000000000000000000000000000000000000000000000000000000000000000000000000000000000000000000
00000000000000000000000000000000000000000000000000000000000000000000000000000000000000000000000000000000000000000000000000000000

0x0009768b
00000000000000000000000000000000000000000000000000000000000000000000000000000000000000000000000000000000000000000000000000000000
01111100000000000111111110000111110000011111000000000000000000000000000000000000000000000000000000000000000000000000000000000000
03333300000000001133333333000333330000033333000000000000000000000000000000000000000000000000000000000000000000000000000000000000
01111100000000011111122223300333333000033333000000000000000000000000000000000000000000000000000000000000000000000000000000000000
01111100000000022222222222200222222000022222000000000000000000000000000000000000000000000000000000000000000000000000000000000000
01111100000000011111111111100111111100011111000000000000000000000000000000000000000000000000000000000000000000000000000000000000
03333300000000011111111111100111111100011111000000000000000000000003330000003333003333300333003300303300003333303333000000000000
03333300000000033333333333300333333310011111000000000000000003030030033000003300303300003300303300303300003300303300300000000000
03333300000000022222002222200222222230033333000000000000000033333000033000003300303300003300003300303300003300303300300000000000
02222200000000022222002222200222222222022222000000000000000003030003330000003333303333003303303300303300003333303333300000000000
01111100000000011111001111100111111111011111000000000000000033333000033000003303003300003300303300303300003300303303000000000000
01111100000000011111001111100111333333333333000000000000000003030030033000003300303300003300303300303300003300303300300000000000
01111100000000033333003333300333333333333333000000000000000000000003330000003300303333300333300333003333303300303300300000000000
01111100000000022222002333300333333332222333000000000000000000000000000000000000000000000000000000000000000000000000000000000000
01111200000000022222002222200222222222222222000000000000000000000000000000000000000000000000000000000000000000000000000000000000
01111100000000011111001111100111110111111111000000000000000000000000000000000000000000000000000000000000000000000000000000000000
03333300000000033333003333300333330333333333000000000000000000000000000000000000000000000000000000000000000000000000000000000000
03333300000000033333003333300333330021111111000000000000000000000000000000000000000000000000000000000000000000000000000000000000
03333300000000022222002222200222220022222111000000000000003300000333003333300333000003330003330003330000033300033300033300000000
02222200000000022221001111100111110001111111000000000000033300003003303000003300300033003033003033003000330030330030330030000000
01111100000000011111001111100111110001113333000000000000003300003003303333003300300033003033003033003000330030330030330030000000
03333300000000011111001111100111110000111112000000000000003300000333300003303300300033003033003033003000330030330030330030000000
02222200000000011111001111100111110000223333000000000000003300000003300003303300300033003033003033003000330030330030330030000000
02222222222220011111111111100122220000022222000000000000003300303003303003303300303033003033003033003030330030330030330030000000
01111111111110011111111111100111110000011111000000000000033330300333000333000333003003330003330003330030033300033300033300000000
01111111111110011111111111100111110000011111000000000000000000000000000000000000000000000000000000000000000000000000000000000000
01111111111110011111111333300333330000033333000000000000000000000000000000000000000000000000000000000000000000000000000000000000
03331111111110011111111111100222220000033333000000000000000000000000000000000000000000000000000000000000000000000000000000000000
01111111111110001122222222000222220000022222000000000000000000000000000000000000000000000000000000000000000000000000000000000000
01111111111110000111111110000111110000011111000000000000000000000000000000000000000000000000000000000000000000000000000000000000
00000000000000000000000000000000000000000000000000000000000000000000000000000000000000000000000000000000000000000000000000000000
00000000000000000000000000000000000000000000000000000000000000000000000000000000000000000000000000000000000000000000000000000000

0x00097776
00000000000000000000000000000000000000000000000000000000000000000000000000000000000000000000000000000000000000000000000000000000
01111100000000000111111110000111110000011111000000000000000000000000000000000000000000000000000000000000000000000000000000000000
03333300000000003333333333000333330000011111000000000000000000000000000000000000000000000000000000000000000000000000000000000000
03333300000000033333333332200111111000011111000000000000000000000000000000000000000000000000000000000000000000000000000000000000
02222200000000022222222222200221111000022222000000000000000000000000000000000000000000000000000000000000000000000000000000000000
01111100000000011111111111100111111100011111000000000000000000000000000000000000000000000000000000000000000000000000000000000000
01111100000000013333333333300333111100011111000000000000000000000003330000003333003333300333003300303300003333303333000000000000
03333300000000033333333333300333333330033333000000000000000003030030033000003300303300003300303300303300003300303300300000000000
02222300000000033333003333300333333330022222000000000000000033333000033000003300303300003300003300303300003300303300300000000000
02222200000000022222002222200222222222022222000000000000000003030003330000003333303333003303303300303300003333303333300000000000
01111100000000011111001111100111111111011111000000000000000033333000033000003303003300003300303300303300003300303303000000000000
01111100000000011111001111100111111111111111000000000000000003030030033000003300303300003300303300303300003300303300300000000000
01111100000000011111001111100113333333333333000000000000000000000003330000003300303333300333300333003333303300303300300000000000
01111100000000011111001111100111111222222222000000000000000000000000000000000000000000000000000000000000000000000000000000000000
01111100000000011111001111200222222222222222000000000000000000000000000000000000000000000000000000000000000000000000000000000000
01111100000000011111001111100111110111111111000000000000000000000000000000000000000000000000000000000000000000000000000000000000
03333300000000033333003333300333330333333333000000000000000000000000000000000000000000000000000000000000000000000000000000000000
03333300000000033333003333300333330033333333000000000000000000000000000000000000000000000000000000000000000000000000000000000000
01111100000000033333003333300222220022222222000000000000003300000333003333300333000003330003330003330000033300033300033300000000
01222200000000022222002222200222220002222211000000000000033300003003303000003300300033003033003033003000330030330030330030000000
01111100000000011111001111100111110001111111000000000000003300003003303333003300300033003033003033003000330030330030330030000000
03333300000000033333003333300111110000111111000000000000003300000333300003303300300033003033003033003000330030330030330030000000
03222200000000022222002222100111110000111111000000000000003300000003300003303300300033003033003033003000330030330030330030000000
02222222222220022222222222200222220000011111000000000000003300303003303003303300303033003033003033003030330030330030330030000000
01111111111110011111111111100111110000011111000000000000033330300333000333000333003003330003330003330030033300033300033300000000
01111111111110011111111111100111110000011111000000000000000000000000000000000000000000000000000000000000000000000000000000000000
01111111111110011111111111100111110000011111000000000000000000000000000000000000000000000000000000000000000000000000000000000000
03333333333330033333333333300333330000011111000000000000000000000000000000000000000000000000000000000000000000000000000000000000
03333333333330003332222211000111110000011111000000000000000000000000000000000000000000000000000000000000000000000000000000000000
02222222222220000222222220000111110000011111000000000000000000000000000000000000000000000000000000000000000000000000000000000000
00000000000000000000000000000000000000000000000000000000000000000000000000000000000000000000000000000000000000000000000000000000
00000000000000000000000000000000000000000000000000000000000000000000000000000000000000000000000000000000000000000000000000000000

0x00097860
00000000000000000000000000000000000000000000000000000000000000000000000000000000000000000000000000000000000000000000000000000000
01111100000000000111111110000111110000011111000000000000000000000000000000000000000000000000000000000000000000000000000000000000
03333300000000003333333333000333330000033333000000000000000000000000000000000000000000000000000000000000000000000000000000000000
03333300000000033333333333300333333000033333000000000000000000000000000000000000000000000000000000000000000000000000000000000000
03333300000000022222222222200222222000022222000000000000000000000000000000000000000000000000000000000000000000000000000000000000
02222200000000022222222211100111111100011111000000000000000000000000000000000000000000000000000000000000000000000000000000000000
01111100000000011111111111100111111100011333000000000000000000000003330000003333003333300333003300303300003333303333000000000000
01111100000000011111111113300333333330033333000000000000000003030030033000003300303300003300303300303300003300303300300000000000
01111100000000011111003332200233333330033333000000000000000033333000033000003300303300003300003300303300003300303300300000000000
01111100000000011222002222200222222222022222000000000000000003030003330000003333303333003303303300303300003333303333300000000000
01111100000000011111001111100111111111011111000000000000000033333000033000003303003300003300303300303300003300303303000000000000
03333300000000011111001111100111111111111111000000000000000003030030033000003300303300003300303300303300003300303300300000000000
02221100000000011111001111100111111111111111000000000000000000000003330000003300303333300333300333003333303300303300300000000000
02222200000000022111001111100111111111111111000000000000000000000000000000000000000000000000000000000000000000000000000000000000
02222200000000022222001111100111111111111111000000000000000000000000000000000000000000000000000000000000000000000000000000000000
01111100000000011111001111100111110111111111000000000000000000000000000000000000000000000000000000000000000000000000000000000000
01111100000000033333003333300333330333333333000000000000000000000000000000000000000000000000000000000000000000000000000000000000
01111100000000012222002233300333330033333333000000000000000000000000000000000000000000000000000000000000000000000000000000000000
01111100000000011111001111100222220033333333000000000000003300000333003333300333000003330003330003330000033300033300033300000000
01111100000000011111001112200222220002222222000000000000033300003003303000003300300033003033003033003000330030330030330030000000
03333300000000011111001111100111110001111111000000000000003300003003303333003300300033003033003033003000330030330030330030000000
03333300000000033333003333300333330000333333000000000000003300000333300003303300300033003033003033003000330030330030330030000000
03333300000000033333002222200222220000222222000000000000003300000003300003303300300033003033003033003000330030330030330030000000
02222222222220022222222222200222220000022222000000000000003300303003303003303300303033003033003033003030330030330030330030000000
01111111111110011111111111100111110000011111000000000000033330300333000333000333003003330003330003330030033300033300033300000000
01111111111110011111111111100111110000011111000000000000000000000000000000000000000000000000000000000000000000000000000000000000
01111111111110011111111111100111110000011111000000000000000000000000000000000000000000000000000000000000000000000000000000000000
02221111111110033333333333300333330000033333000000000000000000000000000000000000000000000000000000000000000000000000000000000000
02222221111110001111111112000333330000033333000000000000000000000000000000000000000000000000000000000000000000000000000000000000
01111111111110000111112220000222220000022222000000000000000000000000000000000000000000000000000000000000000000000000000000000000
00000000000000000000000000000000000000000000000000000000000000000000000000000000000000000000000000000000000000000000000000000000
00000000000000000000000000000000000000000000000000000000000000000000000000000000000000000000000000000000000000000000000000000000

0x0009794b
00000000000000000000000000000000000000000000000000000000000000000000000000000000000000000000000000000000000000000000000000000000
01111100000000000111111110000111110000011111000000000000000000000000000000000000000000000000000000000000000000000000000000000000
01111100000000003333333333000333330000033333000000000000000000000000000000000000000000000000000000000000000000000000000000000000
01111100000000011111222223300333333000033333000000000000000000000000000000000000000000000000000000000000000000000000000000000000
02222200000000011111111112200233333000033222000000000000000000000000000000000000000000000000000000000000000000000000000000000000
01111100000000011111112222200222222200022222000000000000000000000000000000000000000000000000000000000000000000000000000000000000
01111100000000011111111111100111111100011111000000000000000000000003330000003333003333300333003300303300003333303333000000000000
01111100000000011111111111100111111110011111000000000000000003030030033000003300303300003300303300303300003300303300300000000000
01111100000000011111001111100111111110011111000000000000000033333000033000003300303300003300003300303300003300303300300000000000
02111100000000011111001111100111111111011122000000000000000003030003330000003333303333003303303300303300003333303333300000000000
01111100000000011111001111100111111111011111000000000000000033333000033000003303003300003300303300303300003300303303000000000000
03333300000000033333003333300111111111111111000000000000000003030030033000003300303300003300303300303300003300303300300000000000
03333300000000033333002221100111111111111111000000000000000000000003330000003300303333300333300333003333303300303300300000000000
03222200000000022222002222200222222222111111000000000000000000000000000000000000000000000000000000000000000000000000000000000000
02222200000000022222002222200222222222222111000000000000000000000000000000000000000000000000000000000000000000000000000000000000
01111100000000011111001111100111110111111111000000000000000000000000000000000000000000000000000000000000000000000000000000000000
01111100000000011111001111100111110133333333000000000000000000000000000000000000000000000000000000000000000000000000000000000000
01111100000000011111001111100111110011122222000000000000000000000000000000000000000000000000000000000000000000000000000000000000
01111100000000011111001111100111110011111111000000000000003300000333003333300333000003330003330003330000033300033300033300000000
01111100000000011111001111100111110001111111000000000000033300003003303000003300300033003033003033003000330030330030330030000000
03333300000000033333003333300333110001111111000000000000003300003003303333003300300033003033003033003000330030330030330030000000
01122200000000033333003333300333330000333333000000000000003300000333300003303300300033003033003033003000330030330030330030000000
03333300000000033333003333300333330000333322000000000000003300000003300003303300300033003033003033003000330030330030330030000000
02222222222220022222222222200222220000022222000000000000003300303003303003303300303033003033003033003030330030330030330030000000
01111111111110011111111111100111110000011111000000000000033330300333000333000333003003330003330003330030033300033300033300000000
03333333333330033333333331100111110000011111000000000000000000000000000000000000000000000000000000000000000000000000000000000000
03333333333330033322211111100111110000011111000000000000000000000000000000000000000000000000000000000000000000000000000000000000
02222222222220022222222222200222220000011111000000000000000000000000000000000000000000000000000000000000000000000000000000000000
02222222222220002222222222000222220000011111000000000000000000000000000000000000000000000000000000000000000000000000000000000000
01111111111110000111111110000111110000011111000000000000000000000000000000000000000000000000000000000000000000000000000000000000
00000000000000000000000000000000000000000000000000000000000000000000000000000000000000000000000000000000000000000000000000000000
00000000000000000000000000000000000000000000000000000000000000000000000000000000000000000000000000000000000000000000000000000000

0x00097a35
00000000000000000000000000000000000000000000000000000000000000000000000000000000000000000000000000000000000000000000000000000000
01111100000000000111111110000111110000011111000000000000000000000000000000000000000000000000000000000000000000000000000000000000
03333300000000003333333333000111110000011133000000000000000000000000000000000000000000000000000000000000000000000000000000000000
03333300000000033333221111100111111000011111000000000000000000000000000000000000000000000000000000000000000000000000000000000000
02222200000000022222222222200222222000011111000000000000000000000000000000000000000000000000000000000000000000000000000000000000
01111100000000011111111111100111111100011111000000000000000000000000000000000000000000000000000000000000000000000000000000000000
01111100000000011111111111100111111100011111000000000000000000000003330000003333003333300333003300303300003333303333000000000000
03333300000000011111111111100111111110011111000000000000000003030030033000003300303300003300303300303300003300303300300000000000
02222200000000033333001111100111111110011111000000000000000033333000033000003300303300003300003300303300003300303300300000000000
02222200000000022222002222200111111111011111000000000000000003030003330000003333303333003303303300303300003333303333300000000000
01111100000000011111001111100111111111011111000000000000000033333000033000003303003300003300303300303300003300303303000000000000
01111100000000033333003333300333333333333333000000000000000003030030033000003300303300003300303300303300003300303300300000000000
03333300000000033333003333300333333333333332000000000000000000000003330000003300303333300333300333003333303300303300300000000000
03333300000000022223003222200222222222222222000000000000000000000000000000000000000000000000000000000000000000000000000000000000
02222200000000022222002222200222222222222222000000000000000000000000000000000000000000000000000000000000000000000000000000000000
01111100000000011111001111100111110111111111000000000000000000000000000000000000000000000000000000000000000000000000000000000000
03333300000000033333003111100111110111111111000000000000000000000000000000000000000000000000000000000000000000000000000000000000
03333300000000011111001111100111110011111111000000000000000000000000000000000000000000000000000000000000000000000000000000000000
02222200000000022211001111100111110011111111000000000000003300000333003333300333000003330003330003330000033300033300033300000000
01111100000000011111001111100111110001111111000000000000033300003003303000003300300033003033003033003000330030330030330030000000
01111100000000011111003333300333330003333333000000000000003300003003303333003300300033003033003033003000330030330030330030000000
01111100000000011111001222300333330000333333000000000000003300000333300003303300300033003033003033003000330030330030330030000000
01111100000000011122003333300333330000333333000000000000003300000003300003303300300033003033003033003000330030330030330030000000
01111111112220022222222222200222220000022222000000000000003300303003303003303300303033003033003033003030330030330030330030000000
01111111111110011111111111100111110000011111000000000000033330300333000333000333003003330003330003330030033300033300033300000000
01111111111110033333333333300333330000033333000000000000000000000000000000000000000000000000000000000000000000000000000000000000
03333333333330033333333333300333330000033333000000000000000000000000000000000000000000000000000000000000000000000000000000000000
02222233333330033333222233300222220000022222000000000000000000000000000000000000000000000000000000000000000000000000000000000000
02222222222220002222222222000222220000022222000000000000000000000000000000000000000000000000000000000000000000000000000000000000
01111111111110000111111110000111110000011111000000000000000000000000000000000000000000000000000000000000000000000000000000000000
00000000000000000000000000000000000000000000000000000000000000000000000000000000000000000000000000000000000000000000000000000000
00000000000000000000000000000000000000000000000000000000000000000000000000000000000000000000000000000000000000000000000000000000

0x00097b1f
00000000000000000000000000000000000000000000000000000000000000000000000000000000000000000000000000000000000000000000000000000000
01111100000000000111111110000111110000011111000000000000000000000000000000000000000000000000000000000000000000000000000000000000
03333300000000001133333333000333330000033333000000000000000000000000000000000000000000000000000000000000000000000000000000000000
01111100000000011111122223300333333000033333000000000000000000000000000000000000000000000000000000000000000000000000000000000000
01111100000000022222222222200222222000022222000000000000000000000000000000000000000000000000000000000000000000000000000000000000
01111100000000011111111111100111111100011111000000000000000000000000000000000000000000000000000000000000000000000000000000000000
03333300000000011111111111100111111100011111000000000000000000000003330000003333003333300333003300303300003333303333000000000000
03333300000000033333333333300333333310011111000000000000000003030030033000003300303300003300303300303300003300303300300000000000
03333300000000022222002222200222222230033333000000000000000033333000033000003300303300003300003300303300003300303300300000000000
02222200000000022222002222200222222222022222000000000000000003030003330000003333303333003303303300303300003333303333300000000000
01111100000000011111001111100111111111011111000000000000000033333000033000003303003300003300303300303300003300303303000000000000
01111100000000011111001111100111333333333333000000000000000003030030033000003300303300003300303300303300003300303300300000000000
01111100000000033333003333300333333333333333000000000000000000000003330000003300303333300333300333003333303300303300300000000000
01111100000000022222002333300333333332222333000000000000000000000000000000000000000000000000000000000000000000000000000000000000
01111200000000022222002222200222222222222222000000000000000000000000000000000000000000000000000000000000000000000000000000000000
01111100000000011111001111100111110111111111000000000000000000000000000000000000000000000000000000000000000000000000000000000000
03333300000000033333003333300333330333333333000000000000000000000000000000000000000000000000000000000000000000000000000000000000
03333300000000033333003333300333330021111111000000000000000000000000000000000000000000000000000000000000000000000000000000000000
03333300000000022222002222200222220022222111000000000000003300000333003333300333000003330003330003330000033300033300033300000000
02222200000000022221001111100111110001111111000000000000033300003003303000003300300033003033003033003000330030330030330030000000
01111100000000011111001111100111110001113333000000000000003300003003303333003300300033003033003033003000330030330030330030000000
03333300000000011111001111100111110000111112000000000000003300000333300003303300300033003033003033003000330030330030330030000000
02222200000000011111001111100111110000223333000000000000003300000003300003303300300033003033003033003000330030330030330030000000
02222222222220011111111111100122220000022222000000000000003300303003303003303300303033003033003033003030330030330030330030000000
01111111111110011111111111100111110000011111000000000000033330300333000333000333003003330003330003330030033300033300033300000000
01111111111110011111111111100111110000011111000000000000000000000000000000000000000000000000000000000000000000000000000000000000
01111111111110011111111333300333330000033333000000000000000000000000000000000000000000000000000000000000000000000000000000000000
03331111111110011111111111100222220000033333000000000000000000000000000000000000000000000000000000000000000000000000000000000000
01111111111110001122222222000222220000022222000000000000000000000000000000000000000000000000000000000000000000000000000000000000
01111111111110000111111110000111110000011111000000000000000000000000000000000000000000000000000000000000000000000000000000000000
00000000000000000000000000000000000000000000000000000000000000000000000000000000000000000000000000000000000000000000000000000000
00000000000000000000000000000000000000000000000000000000000000000000000000000000000000000000000000000000000000000000000000000000

0x00097c0a
00000000000000000000000000000000000000000000000000000000000000000000000000000000000000000000000000000000000000000000000000000000
01111100000000000111111110000111110000011111000000000000000000000000000000000000000000000000000000000000000000000000000000000000
03333300000000003333333333000333330000011111000000000000000000000000000000000000000000000000000000000000000000000000000000000000
03333300000000033333333332200111111000011111000000000000000000000000000000000000000000000000000000000000000000000000000000000000
02222200000000022222222222200221111000022222000000000000000000000000000000000000000000000000000000000000000000000000000000000000
01111100000000011111111111100111111100011111000000000000000000000000000000000000000000000000000000000000000000000000000000000000
01111100000000013333333333300333111100011111000000000000000000000003330000003333003333300333003300303300003333303333000000000000
03333300000000033333333333300333333330033333000000000000000003030030033000003300303300003300303300303300003300303300300000000000
02222300000000033333003333300333333330022222000000000000000033333000033000003300303300003300003300303300003300303300300000000000
02222200000000022222002222200222222222022222000000000000000003030003330000003333303333003303303300303300003333303333300000000000
01111100000000011111001111100111111111011111000000000000000033333000033000003303003300003300303300303300003300303303000000000000
01111100000000011111001111100111111111111111000000000000000003030030033000003300303300003300303300303300003300303300300000000000
01111100000000011111001111100113333333333333000000000000000000000003330000003300303333300333300333003333303300303300300000000000
01111100000000011111001111100111111222222222000000000000000000000000000000000000000000000000000000000000000000000000000000000000
01111100000000011111001111200222222222222222000000000000000000000000000000000000000000000000000000000000000000000000000000000000
01111100000000011111001111100111110111111111000000000000000000000000000000000000000000000000000000000000000000000000000000000000
03333300000000033333003333300333330333333333000000000000000000000000000000000000000000000000000000000000000000000000000000000000
03333300000000033333003333300333330033333333000000000000000000000000000000000000000000000000000000000000000000000000000000000000
01111100000000033333003333300222220022222222000000000000003300000333003333300333000003330003330003330000033300033300033300000000
01222200000000022222002222200222220002222211000000000000033300003003303000003300300033003033003033003000330030330030330030000000
01111100000000011111001111100111110001111111000000000000003300003003303333003300300033003033003033003000330030330030330030000000
03333300000000033333003333300111110000111111000000000000003300000333300003303300300033003033003033003000330030330030330030000000
03222200000000022222002222100111110000111111000000000000003300000003300003303300300033003033003033003000330030330030330030000000
02222222222220022222222222200222220000011111000000000000003300303003303003303300303033003033003033003030330030330030330030000000
01111111111110011111111111100111110000011111000000000000033330300333000333000333003003330003330003330030033300033300033300000000
01111111111110011111111111100111110000011111000000000000000000000000000000000000000000000000000000000000000000000000000000000000
01111111111110011111111111100111110000011111000000000000000000000000000000000000000000000000000000000000000000000000000000000000
03333333333330033333333333300333330000011111000000000000000000000000000000000000000000000000000000000000000000000000000000000000
03333333333330003332222211000111110000011111000000000000000000000000000000000000000000000000000000000000000000000000000000000000
02222222222220000222222220000111110000011111000000000000000000000000000000000000000000000000000000000000000000000000000000000000
00000000000000000000000000000000000000000000000000000000000000000000000000000000000000000000000000000000000000000000000000000000
00000000000000000000000000000000000000000000000000000000000000000000000000000000000000000000000000000000000000000000000000000000

0x29820c9d
00000000000000000000000000000000000000000000000000000000000000000000000000000000000000000000000000000000000000000000000000000000
00000000111110011111111111100111110011111000000000000000000000000000000000000000000000000000000000000000000000000000000000000000
00000000333330033333333333300111110011111000000000000000000000000000000000000000000000000000000000000000000000000000000000000000
00000000333330033333221111100111110011111000000000000000000000000000000000000000000000000000000000000000000000000000000000000000
00000000222220022222222222200222220011111000000000000000000000000000000000000000000000000000000000000000000000000000000000000000
00000000111110011111111111100111110011111000000000000000000000000000000000000000000000000000000000000000000000000000000000000000
00000000111110011111111111100111110011111000000000000000000000000000330000003333003333300333003300303300003333303333000000000000
00000000333110011111111111100111110011111000000000000000000003030003330000003300303300003300303300303300003300303300300000000000
00000000222330033333000000000111110011111000000000000000000033333000330000003300303300003300003300303300003300303300300000000000
00000000222220022222000000000111110011111000000000000000000003030000330000003333303333003303303300303300003333303333300000000000
00000000111110011111000000000111110011111000000000000000000033333000330000003303003300003300303300303300003300303303000000000000
00000000113330033333000000000333330333333000000000000000000003030000330000003300303300003300303300303300003300303300300000000000
00000000333330033333333330000333333333333000000000000000000000000003333000003300303333300333300333003333303300303300300000000000
03333300333330022223333220000222222222222000000000000000000000000000000000000000000000000000000000000000000000000000000000000000
02222200222220022222222220000222222222220000000000000000000000000000000000000000000000000000000000000000000000000000000000000000
01111100111110011111111110000111111111100000000000000000000000000000000000000000000000000000000000000000000000000000000000000000
03333300333330033333333110000111111111110000000000000000000000000000000000000000000000000000000000000000000000000000000000000000
03333300333320011111111110000111111111111000000000000000000000000000000000000000000000000000000000000000000000000000000000000000
02222200222220022211111110000111111111111000000000000000033300000333000333000333000003330003330003330000033300033300033300000000
01111100111110011111000000000111110111111000000000000000300330003300303003303300300033003033003033003000330030330030330030000000
01111100111110011111000000000333330033333000000000000000000330003300303003303300300033003033003033003000330030330030330030000000
01111100111110011111000000000333330033333000000000000000033300003300300333303300300033003033003033003000330030330030330030000000
01111100111110011122000000000333330033333000000000000000000330003300300003303300300033003033003033003000330030330030330030000000
01111111112220022222222222200222220022222000000000000000300330303300303003303300303033003033003033003030330030330030330030000000
01111111111110011111111111100111110011111000000000000000033300300333000333000333003003330003330003330030033300033300033300000000
01111111111110033333333333300333330033333000000000000000000000000000000000000000000000000000000000000000000000000000000000000000
03333333333330033333333333300333330033333000000000000000000000000000000000000000000000000000000000000000000000000000000000000000
02222233333330033333222233300222220022222000000000000000000000000000000000000000000000000000000000000000000000000000000000000000
00222222222200022222222222200222220022222000000000000000000000000000000000000000000000000000000000000000000000000000000000000000
00011111111000011111111111100111110011111000000000000000000000000000000000000000000000000000000000000000000000000000000000000000
00000000000000000000000000000000000000000000000000000000000000000000000000000000000000000000000000000000000000000000000000000000
00000000000000000000000000000000000000000000000000000000000000000000000000000000000000000000000000000000000000000000000000000000

0x29820d59
00000000000000000000000000000000000000000000000000000000000000000000000000000000000000000000000000000000000000000000000000000000
00000000111110011111111111100111110011111000000000000000000000000000000000000000000000000000000000000000000000000000000000000000
00000000111110011133333333300333330033333000000000000000000000000000000000000000000000000000000000000000000000000000000000000000
00000000111110011111122223300333330033333000000000000000000000000000000000000000000000000000000000000000000000000000000000000000
00000000112220022222222222200222220022222000000000000000000000000000000000000000000000000000000000000000000000000000000000000000
00000000111110011111111111100111110011111000000000000000000000000000000000000000000000000000000000000000000000000000000000000000
00000000111110011111111111100111110011111000000000000000000000000000330000003333003333300333003300303300003333303333000000000000
00000000333330033333333333300333330011111000000000000000000003030003330000003300303300003300303300303300003300303300300000000000
00000000333330022222000000000222220033333000000000000000000033333000330000003300303300003300003300303300003300303300300000000000
00000000222220022222000000000222220022222000000000000000000003030000330000003333303333003303303300303300003333303333300000000000
00000000111110011111000000000111110011111000000000000000000033333000330000003303003300003300303300303300003300303303000000000000
00000000111110011111000000000111330333333000000000000000000003030000330000003300303300003300303300303300003300303300300000000000
00000000113330033333333330000333333333333000000000000000000000000003333000003300303333300333300333003333303300303300300000000000
01111100111110022222222330000333333332222000000000000000000000000000000000000000000000000000000000000000000000000000000000000000
01111200222220022222222220000222222222220000000000000000000000000000000000000000000000000000000000000000000000000000000000000000
01111100111110011111111110000111111111100000000000000000000000000000000000000000000000000000000000000000000000000000000000000000
03333300333330033333333330000333333333330000000000000000000000000000000000000000000000000000000000000000000000000000000000000000
03333300333330033333333330000333333221111000000000000000000000000000000000000000000000000000000000000000000000000000000000000000
03333300222220022222222220000222222222222000000000000000033300000333000333000333000003330003330003330000033300033300033300000000
02222200222220022221000000000111110111111000000000000000300330003300303003303300300033003033003033003000330030330030330030000000
01111100111110011111000000000111110011113000000000000000000330003300303003303300300033003033003033003000330030330030330030000000
03333300311110011111000000000111110011111000000000000000033300003300300333303300300033003033003033003000330030330030330030000000
02222200111110011111000000000111110011223000000000000000000330003300300003303300300033003033003033003000330030330030330030000000
02222222222220011111111111100122220022222000000000000000300330303300303003303300303033003033003033003030330030330030330030000000
01111111111110011111111111100111110011111000000000000000033300300333000333000333003003330003330003330030033300033300033300000000
01111111111110011111111111100111110011111000000000000000000000000000000000000000000000000000000000000000000000000000000000000000
01111111111110011111111333300333330033333000000000000000000000000000000000000000000000000000000000000000000000000000000000000000
03331111111110011111111111100222220033333000000000000000000000000000000000000000000000000000000000000000000000000000000000000000
00111111111100011122222222200222220022222000000000000000000000000000000000000000000000000000000000000000000000000000000000000000
00011111111000011111111111100111110011111000000000000000000000000000000000000000000000000000000000000000000000000000000000000000
00000000000000000000000000000000000000000000000000000000000000000000000000000000000000000000000000000000000000000000000000000000
00000000000000000000000000000000000000000000000000000000000000000000000000000000000000000000000000000000000000000000000000000000

0x29820e33
00000000000000000000000000000000000000000000000000000000000000000000000000000000000000000000000000000000000000000000000000000000
00000000111110011111111111100111110011111000000000000000000000000000000000000000000000000000000000000000000000000000000000000000
00000000333330033333333333300333330031111000000000000000000000000000000000000000000000000000000000000000000000000000000000000000
00000000333330033333333332200111110011111000000000000000000000000000000000000000000000000000000000000000000000000000000000000000
00000000222220022222222222200221110011122000000000000000000000000000000000000000000000000000000000000000000000000000000000000000
00000000111110011111111111100111110011111000000000000000000000000000000000000000000000000000000000000000000000000000000000000000
00000000111110013333333333300333110011111000000000000000000000000000330000003333003333300333003300303300003333303333000000000000
00000000333330033333333333300333330033333000000000000000000003030003330000003300303300003300303300303300003300303300300000000000
00000000333330033333000000000333330033222000000000000000000033333000330000003300303300003300003300303300003300303300300000000000
00000000222220022222000000000222220022222000000000000000000003030000330000003333303333003303303300303300003333303333300000000000
00000000111110011111000000000111110011111000000000000000000033333000330000003303003300003300303300303300003300303303000000000000
00000000111110011111000000000111110111111000000000000000000003030000330000003300303300003300303300303300003300303300300000000000
00000000111110011111111110000113333333333000000000000000000000000003333000003300303333300333300333003333303300303300300000000000
01111100111110011111111110000111111222222000000000000000000000000000000000000000000000000000000000000000000000000000000000000000
01111100111110011111111110000222222222220000000000000000000000000000000000000000000000000000000000000000000000000000000000000000
01111100111110011111111110000111111111100000000000000000000000000000000000000000000000000000000000000000000000000000000000000000
03333300333330033333333330000333333333330000000000000000000000000000000000000000000000000000000000000000000000000000000000000000
03333300333330033333333330000333333333333000000000000000000000000000000000000000000000000000000000000000000000000000000000000000
01111100222220033333333330000222222222222000000000000000033300000333000333000333000003330003330003330000033300033300033300000000
01222200222220022222000000000222220222222000000000000000300330003300303003303300300033003033003033003000330030330030330030000000
01111100111110011111000000000111110011111000000000000000000330003300303003303300300033003033003033003000330030330030330030000000
03333300333330033333000000000111110011111000000000000000033300003300300333303300300033003033003033003000330030330030330030000000
03222200222220022222000000000111110011111000000000000000000330003300300003303300300033003033003033003000330030330030330030000000
02222222222220022222222222200222220011111000000000000000300330303300303003303300303033003033003033003030330030330030330030000000
01111111111110011111111111100111110011111000000000000000033300300333000333000333003003330003330003330030033300033300033300000000
01111111111110011111111111100111110011111000000000000000000000000000000000000000000000000000000000000000000000000000000000000000
01111111111110011111111111100111110011111000000000000000000000000000000000000000000000000000000000000000000000000000000000000000
03333333333330033333333333300333330031111000000000000000000000000000000000000000000000000000000000000000000000000000000000000000
00333333333300033332222211100111110011111000000000000000000000000000000000000000000000000000000000000000000000000000000000000000
00022222222000022222222222200111110011111000000000000000000000000000000000000000000000000000000000000000000000000000000000000000
00000000000000000000000000000000000000000000000000000000000000000000000000000000000000000000000000000000000000000000000000000000
00000000000000000000000000000000000000000000000000000000000000000000000000000000000000000000000000000000000000000000000000000000

0x29820eff
00000000000000000000000000000000000000000000000000000000000000000000000000000000000000000000000000000000000000000000000000000000
00000000111110011111111111100111110011111000000000000000000000000000000000000000000000000000000000000000000000000000000000000000
00000000333330033333333333300333330033333000000000000000000000000000000000000000000000000000000000000000000000000000000000000000
00000000333330033333333333300333330033333000000000000000000000000000000000000000000000000000000000000000000000000000000000000000
00000000333220022222222222200222220022222000000000000000000000000000000000000000000000000000000000000000000000000000000000000000
00000000222220022222222211100111110011111000000000000000000000000000000000000000000000000000000000000000000000000000000000000000
00000000111110011111111111100111110011111000000000000000000000000000330000003333003333300333003300303300003333303333000000000000
00000000111110011111111113300333330033333000000000000000000003030003330000003300303300003300303300303300003300303300300000000000
00000000111110011111000000000233330033333000000000000000000033333000330000003300303300003300003300303300003300303300300000000000
00000000111110011222000000000222220022222000000000000000000003030000330000003333303333003303303300303300003333303333300000000000
00000000111110011111000000000111110011111000000000000000000033333000330000003303003300003300303300303300003300303303000000000000
00000000111110011111000000000111110111111000000000000000000003030000330000003300303300003300303300303300003300303300300000000000
00000000111110011111111110000111111111111000000000000000000000000003333000003300303333300333300333003333303300303300300000000000
02222200222220022111111110000111111111111000000000000000000000000000000000000000000000000000000000000000000000000000000000000000
02222200222220022222111110000111111111110000000000000000000000000000000000000000000000000000000000000000000000000000000000000000
01111100111110011111111110000111111111100000000000000000000000000000000000000000000000000000000000000000000000000000000000000000
01111100111110033333333330000333333333330000000000000000000000000000000000000000000000000000000000000000000000000000000000000000
01111100111110012222222230000333333333333000000000000000000000000000000000000000000000000000000000000000000000000000000000000000
01111100111110011111111110000222222233333000000000000000033300000333000333000333000003330003330003330000033300033300033300000000
01111100111110011111000000000222220222222000000000000000300330003300303003303300300033003033003033003000330030330030330030000000
03333300333310011111000000000111110011111000000000000000000330003300303003303300300033003033003033003000330030330030330030000000
03333300333330033333000000000333330033333000000000000000033300003300300333303300300033003033003033003000330030330030330030000000
03333300333330033333000000000222220022222000000000000000000330003300300003303300300033003033003033003000330030330030330030000000
02222222222220022222222222200222220022222000000000000000300330303300303003303300303033003033003033003030330030330030330030000000
01111111111110011111111111100111110011111000000000000000033300300333000333000333003003330003330003330030033300033300033300000000
01111111111110011111111111100111110011111000000000000000000000000000000000000000000000000000000000000000000000000000000000000000
01111111111110011111111111100111110011111000000000000000000000000000000000000000000000000000000000000000000000000000000000000000
02221111111110033333333333300333330033333000000000000000000000000000000000000000000000000000000000000000000000000000000000000000
00222221111100011111111112200333330033333000000000000000000000000000000000000000000000000000000000000000000000000000000000000000
00011111111000011111112222200222220022222000000000000000000000000000000000000000000000000000000000000000000000000000000000000000
00000000000000000000000000000000000000000000000000000000000000000000000000000000000000000000000000000000000000000000000000000000
00000000000000000000000000000000000000000000000000000000000000000000000000000000000000000000000000000000000000000000000000000000

0x29820fca
00000000000000000000000000000000000000000000000000000000000000000000000000000000000000000000000000000000000000000000000000000000
00000000111110011111111111100111110011111000000000000000000000000000000000000000000000000000000000000000000000000000000000000000
00000000111130033333333333300333330033333000000000000000000000000000000000000000000000000000000000000000000000000000000000000000
00000000111110011111222223300333330033333000000000000000000000000000000000000000000000000000000000000000000000000000000000000000
00000000111110011111111112200233330033333000000000000000000000000000000000000000000000000000000000000000000000000000000000000000
00000000111110011111112222200222220022222000000000000000000000000000000000000000000000000000000000000000000000000000000000000000
00000000111110011111111111100111110011111000000000000000000000000000330000003333003333300333003300303300003333303333000000000000
00000000111110011111111111100111110011111000000000000000000003030003330000003300303300003300303300303300003300303300300000000000
00000000111110011111000000000111110011111000000000000000000033333000330000003300303300003300003300303300003300303300300000000000
00000000111110011111000000000111110011111000000000000000000003030000330000003333303333003303303300303300003333303333300000000000
00000000111110011111000000000111110011111000000000000000000033333000330000003303003300003300303300303300003300303303000000000000
00000000333330033333000000000111110111111000000000000000000003030000330000003300303300003300303300303300003300303300300000000000
00000000333330033333332220000111111111111000000000000000000000000003333000003300303333300333300333003333303300303300300000000000
03222200222220022222222220000222222222111000000000000000000000000000000000000000000000000000000000000000000000000000000000000000
02222200222220022222222220000222222222220000000000000000000000000000000000000000000000000000000000000000000000000000000000000000
01111100111110011111111110000111111111100000000000000000000000000000000000000000000000000000000000000000000000000000000000000000
01111100111110011111111110000111111133330000000000000000000000000000000000000000000000000000000000000000000000000000000000000000
01111100111110011111111110000111111111122000000000000000000000000000000000000000000000000000000000000000000000000000000000000000
01111100111110011111111110000111111111111000000000000000033300000333000333000333000003330003330003330000033300033300033300000000
01111100111110011111000000000111110111111000000000000000300330003300303003303300300033003033003033003000330030330030330030000000
03333300333330033333000000000333110011111000000000000000000330003300303003303300300033003033003033003000330030330030330030000000
01122200333330033333000000000333330033333000000000000000033300003300300333303300300033003033003033003000330030330030330030000000
03333300333330033333000000000333330033333000000000000000000330003300300003303300300033003033003033003000330030330030330030000000
02222222222220022222222222200222220022222000000000000000300330303300303003303300303033003033003033003030330030330030330030000000
01111111111110011111111111100111110011111000000000000000033300300333000333000333003003330003330003330030033300033300033300000000
03333333333330033333333331100111110011111000000000000000000000000000000000000000000000000000000000000000000000000000000000000000
03333333333330033322211111100111110011111000000000000000000000000000000000000000000000000000000000000000000000000000000000000000
02222222222220022222222222200222220011111000000000000000000000000000000000000000000000000000000000000000000000000000000000000000
00222222222200022222222222200222220021111000000000000000000000000000000000000000000000000000000000000000000000000000000000000000
00011111111000011111111111100111110011111000000000000000000000000000000000000000000000000000000000000000000000000000000000000000
00000000000000000000000000000000000000000000000000000000000000000000000000000000000000000000000000000000000000000000000000000000
00000000000000000000000000000000000000000000000000000000000000000000000000000000000000000000000000000000000000000000000000000000

0x298210a4
00000000000000000000000000000000000000000000000000000000000000000000000000000000000000000000000000000000000000000000000000000000
00000000111110011111111111100111110011111000000000000000000000000000000000000000000000000000000000000000000000000000000000000000
00000000333330033333333333300111110011111000000000000000000000000000000000000000000000000000000000000000000000000000000000000000
00000000333330033333221111100111110011111000000000000000000000000000000000000000000000000000000000000000000000000000000000000000
00000000222220022222222222200222220011111000000000000000000000000000000000000000000000000000000000000000000000000000000000000000
00000000111110011111111111100111110011111000000000000000000000000000000000000000000000000000000000000000000000000000000000000000
00000000111110011111111111100111110011111000000000000000000000000000330000003333003333300333003300303300003333303333000000000000
00000000333110011111111111100111110011111000000000000000000003030003330000003300303300003300303300303300003300303300300000000000
00000000222330033333000000000111110011111000000000000000000033333000330000003300303300003300003300303300003300303300300000000000
00000000222220022222000000000111110011111000000000000000000003030000330000003333303333003303303300303300003333303333300000000000
00000000111110011111000000000111110011111000000000000000000033333000330000003303003300003300303300303300003300303303000000000000
00000000113330033333000000000333330333333000000000000000000003030000330000003300303300003300303300303300003300303300300000000000
00000000333330033333333330000333333333333000000000000000000000000003333000003300303333300333300333003333303300303300300000000000
03333300333330022223333220000222222222222000000000000000000000000000000000000000000000000000000000000000000000000000000000000000
02222200222220022222222220000222222222220000000000000000000000000000000000000000000000000000000000000000000000000000000000000000
01111100111110011111111110000111111111100000000000000000000000000000000000000000000000000000000000000000000000000000000000000000
03333300333330033333333110000111111111110000000000000000000000000000000000000000000000000000000000000000000000000000000000000000
03333300333320011111111110000111111111111000000000000000000000000000000000000000000000000000000000000000000000000000000000000000
02222200222220022211111110000111111111111000000000000000033300000333000333000333000003330003330003330000033300033300033300000000
01111100111110011111000000000111110111111000000000000000300330003300303003303300300033003033003033003000330030330030330030000000
01111100111110011111000000000333330033333000000000000000000330003300303003303300300033003033003033003000330030330030330030000000
01111100111110011111000000000333330033333000000000000000033300003300300333303300300033003033003033003000330030330030330030000000
01111100111110011122000000000333330033333000000000000000000330003300300003303300300033003033003033003000330030330030330030000000
01111111112220022222222222200222220022222000000000000000300330303300303003303300303033003033003033003030330030330030330030000000
01111111111110011111111111100111110011111000000000000000033300300333000333000333003003330003330003330030033300033300033300000000
01111111111110033333333333300333330033333000000000000000000000000000000000000000000000000000000000000000000000000000000000000000
03333333333330033333333333300333330033333000000000000000000000000000000000000000000000000000000000000000000000000000000000000000
02222233333330033333222233300222220022222000000000000000000000000000000000000000000000000000000000000000000000000000000000000000
00222222222200022222222222200222220022222000000000000000000000000000000000000000000000000000000000000000000000000000000000000000
00011111111000011111111111100111110011111000000000000000000000000000000000000000000000000000000000000000000000000000000000000000
00000000000000000000000000000000000000000000000000000000000000000000000000000000000000000000000000000000000000000000000000000000
00000000000000000000000000000000000000000000000000000000000000000000000000000000000000000000000000000000000000000000000000000000

0x29821170
00000000000000000000000000000000000000000000000000000000000000000000000000000000000000000000000000000000000000000000000000000000
00000000111110011111111111100111110011111000000000000000000000000000000000000000000000000000000000000000000000000000000000000000
00000000111110011133333333300333330033333000000000000000000000000000000000000000000000000000000000000000000000000000000000000000
00000000111110011111122223300333330033333000000000000000000000000000000000000000000000000000000000000000000000000000000000000000
00000000112220022222222222200222220022222000000000000000000000000000000000000000000000000000000000000000000000000000000000000000
00000000111110011111111111100111110011111000000000000000000000000000000000000000000000000000000000000000000000000000000000000000
00000000111110011111111111100111110011111000000000000000000000000000330000003333003333300333003300303300003333303333000000000000
00000000333330033333333333300333330011111000000000000000000003030003330000003300303300003300303300303300003300303300300000000000
00000000333330022222000000000222220033333000000000000000000033333000330000003300303300003300003300303300003300303300300000000000
00000000222220022222000000000222220022222000000000000000000003030000330000003333303333003303303300303300003333303333300000000000
00000000111110011111000000000111110011111000000000000000000033333000330000003303003300003300303300303300003300303303000000000000
00000000111110011111000000000111330333333000000000000000000003030000330000003300303300003300303300303300003300303300300000000000
00000000113330033333333330000333333333333000000000000000000000000003333000003300303333300333300333003333303300303300300000000000
01111100111110022222222330000333333332222000000000000000000000000000000000000000000000000000000000000000000000000000000000000000
01111200222220022222222220000222222222220000000000000000000000000000000000000000000000000000000000000000000000000000000000000000
01111100111110011111111110000111111111100000000000000000000000000000000000000000000000000000000000000000000000000000000000000000
03333300333330033333333330000333333333330000000000000000000000000000000000000000000000000000000000000000000000000000000000000000
03333300333330033333333330000333333221111000000000000000000000000000000000000000000000000000000000000000000000000000000000000000
03333300222220022222222220000222222222222000000000000000033300000333000333000333000003330003330003330000033300033300033300000000
02222200222220022221000000000111110111111000000000000000300330003300303003303300300033003033003033003000330030330030330030000000
01111100111110011111000000000111110011113000000000000000000330003300303003303300300033003033003033003000330030330030330030000000
03333300311110011111000000000111110011111000000000000000033300003300300333303300300033003033003033003000330030330030330030000000
02222200111110011111000000000111110011223000000000000000000330003300300003303300300033003033003033003000330030330030330030000000
02222222222220011111111111100122220022222000000000000000300330303300303003303300303033003033003033003030330030330030330030000000
01111111111110011111111111100111110011111000000000000000033300300333000333000333003003330003330003330030033300033300033300000000
01111111111110011111111111100111110011111000000000000000000000000000000000000000000000000000000000000000000000000000000000000000
01111111111110011111111333300333330033333000000000000000000000000000000000000000000000000000000000000000000000000000000000000000
03331111111110011111111111100222220033333000000000000000000000000000000000000000000000000000000000000000000000000000000000000000
00111111111100011122222222200222220022222000000000000000000000000000000000000000000000000000000000000000000000000000000000000000
00011111111000011111111111100111110011111000000000000000000000000000000000000000000000000000000000000000000000000000000000000000
00000000000000000000000000000000000000000000000000000000000000000000000000000000000000000000000000000000000000000000000000000000
00000000000000000000000000000000000000000000000000000000000000000000000000000000000000000000000000000000000000000000000000000000

0x2982122b
00000000000000000000000000000000000000000000000000000000000000000000000000000000000000000000000000000000000000000000000000000000
00000000111110011111111111100111110011111000000000000000000000000000000000000000000000000000000000000000000000000000000000000000
00000000333330033333333333300333330031111000000000000000000000000000000000000000000000000000000000000000000000000000000000000000
00000000333330033333333332200111110011111000000000000000000000000000000000000000000000000000000000000000000000000000000000000000
00000000222220022222222222200221110011122000000000000000000000000000000000000000000000000000000000000000000000000000000000000000
00000000111110011111111111100111110011111000000000000000000000000000000000000000000000000000000000000000000000000000000000000000
00000000111110013333333333300333110011111000000000000000000000000000330000003333003333300333003300303300003333303333000000000000
00000000333330033333333333300333330033333000000000000000000003030003330000003300303300003300303300303300003300303300300000000000
00000000333330033333000000000333330033222000000000000000000033333000330000003300303300003300003300303300003300303300300000000000
00000000222220022222000000000222220022222000000000000000000003030000330000003333303333003303303300303300003333303333300000000000
00000000111110011111000000000111110011111000000000000000000033333000330000003303003300003300303300303300003300303303000000000000
00000000111110011111000000000111110111111000000000000000000003030000330000003300303300003300303300303300003300303300300000000000
00000000111110011111111110000113333333333000000000000000000000000003333000003300303333300333300333003333303300303300300000000000
01111100111110011111111110000111111222222000000000000000000000000000000000000000000000000000000000000000000000000000000000000000
01111100111110011111111110000222222222220000000000000000000000000000000000000000000000000000000000000000000000000000000000000000
01111100111110011111111110000111111111100000000000000000000000000000000000000000000000000000000000000000000000000000000000000000
03333300333330033333333330000333333333330000000000000000000000000000000000000000000000000000000000000000000000000000000000000000
03333300333330033333333330000333333333333000000000000000000000000000000000000000000000000000000000000000000000000000000000000000
01111100222220033333333330000222222222222000000000000000033300000333000333000333000003330003330003330000033300033300033300000000
01222200222220022222000000000222220222222000000000000000300330003300303003303300300033003033003033003000330030330030330030000000
01111100111110011111000000000111110011111000000000000000000330003300303003303300300033003033003033003000330030330030330030000000
03333300333330033333000000000111110011111000000000000000033300003300300333303300300033003033003033003000330030330030330030000000
03222200222220022222000000000111110011111000000000000000000330003300300003303300300033003033003033003000330030330030330030000000
02222222222220022222222222200222220011111000000000000000300330303300303003303300303033003033003033003030330030330030330030000000
01111111111110011111111111100111110011111000000000000000033300300333000333000333003003330003330003330030033300033300033300000000
01111111111110011111111111100111110011111000000000000000000000000000000000000000000000000000000000000000000000000000000000000000
01111111111110011111111111100111110011111000000000000000000000000000000000000000000000000000000000000000000000000000000000000000
03333333333330033333333333300333330031111000000000000000000000000000000000000000000000000000000000000000000000000000000000000000
00333333333300033332222211100111110011111000000000000000000000000000000000000000000000000000000000000000000000000000000000000000
00022222222000022222222222200111110011111000000000000000000000000000000000000000000000000000000000000000000000000000000000000000
00000000000000000000000000000000000000000000000000000000000000000000000000000000000000000000000000000000000000000000000000000000
00000000000000000000000000000000000000000000000000000000000000000000000000000000000000000000000000000000000000000000000000000000

0x29821306
00000000000000000000000000000000000000000000000000000000000000000000000000000000000000000000000000000000000000000000000000000000
00000000111110011111111111100111110011111000000000000000000000000000000000000000000000000000000000000000000000000000000000000000
00000000333330033333333333300333330033333000000000000000000000000000000000000000000000000000000000000000000000000000000000000000
00000000333330033333333333300333330033333000000000000000000000000000000000000000000000000000000000000000000000000000000000000000
00000000333220022222222222200222220022222000000000000000000000000000000000000000000000000000000000000000000000000000000000000000
00000000222220022222222211100111110011111000000000000000000000000000000000000000000000000000000000000000000000000000000000000000
00000000111110011111111111100111110011111000000000000000000000000000330000003333003333300333003300303300003333303333000000000000
00000000111110011111111113300333330033333000000000000000000003030003330000003300303300003300303300303300003300303300300000000000
00000000111110011111000000000233330033333000000000000000000033333000330000003300303300003300003300303300003300303300300000000000
00000000111110011222000000000222220022222000000000000000000003030000330000003333303333003303303300303300003333303333300000000000
00000000111110011111000000000111110011111000000000000000000033333000330000003303003300003300303300303300003300303303000000000000
00000000111110011111000000000111110111111000000000000000000003030000330000003300303300003300303300303300003300303300300000000000
00000000111110011111111110000111111111111000000000000000000000000003333000003300303333300333300333003333303300303300300000000000
02222200222220022111111110000111111111111000000000000000000000000000000000000000000000000000000000000000000000000000000000000000
02222200222220022222111110000111111111110000000000000000000000000000000000000000000000000000000000000000000000000000000000000000
01111100111110011111111110000111111111100000000000000000000000000000000000000000000000000000000000000000000000000000000000000000
01111100111110033333333330000333333333330000000000000000000000000000000000000000000000000000000000000000000000000000000000000000
01111100111110012222222230000333333333333000000000000000000000000000000000000000000000000000000000000000000000000000000000000000
01111100111110011111111110000222222233333000000000000000033300000333000333000333000003330003330003330000033300033300033300000000
01111100111110011111000000000222220222222000000000000000300330003300303003303300300033003033003033003000330030330030330030000000
03333300333310011111000000000111110011111000000000000000000330003300303003303300300033003033003033003000330030330030330030000000
03333300333330033333000000000333330033333000000000000000033300003300300333303300300033003033003033003000330030330030330030000000
03333300333330033333000000000222220022222000000000000000000330003300300003303300300033003033003033003000330030330030330030000000
02222222222220022222222222200222220022222000000000000000300330303300303003303300303033003033003033003030330030330030330030000000
01111111111110011111111111100111110011111000000000000000033300300333000333000333003003330003330003330030033300033300033300000000
01111111111110011111111111100111110011111000000000000000000000000000000000000000000000000000000000000000000000000000000000000000
01111111111110011111111111100111110011111000000000000000000000000000000000000000000000000000000000000000000000000000000000000000
02221111111110033333333333300333330033333000000000000000000000000000000000000000000000000000000000000000000000000000000000000000
00222221111100011111111112200333330033333000000000000000000000000000000000000000000000000000000000000000000000000000000000000000
00011111111000011111112222200222220022222000000000000000000000000000000000000000000000000000000000000000000000000000000000000000
00000000000000000000000000000000000000000000000000000000000000000000000000000000000000000000000000000000000000000000000000000000
00000000000000000000000000000000000000000000000000000000000000000000000000000000000000000000000000000000000000000000000000000000

0x298213d1
00000000000000000000000000000000000000000000000000000000000000000000000000000000000000000000000000000000000000000000000000000000
00000000111110011111111111100111110011111000000000000000000000000000000000000000000000000000000000000000000000000000000000000000
00000000111130033333333333300333330033333000000000000000000000000000000000000000000000000000000000000000000000000000000000000000
00000000111110011111222223300333330033333000000000000000000000000000000000000000000000000000000000000000000000000000000000000000
00000000111110011111111112200233330033333000000000000000000000000000000000000000000000000000000000000000000000000000000000000000
00000000111110011111112222200222220022222000000000000000000000000000000000000000000000000000000000000000000000000000000000000000
00000000111110011111111111100111110011111000000000000000000000000000330000003333003333300333003300303300003333303333000000000000
00000000111110011111111111100111110011111000000000000000000003030003330000003300303300003300303300303300003300303300300000000000
00000000111110011111000000000111110011111000000000000000000033333000330000003300303300003300003300303300003300303300300000000000
00000000111110011111000000000111110011111000000000000000000003030000330000003333303333003303303300303300003333303333300000000000
00000000111110011111000000000111110011111000000000000000000033333000330000003303003300003300303300303300003300303303000000000000
00000000333330033333000000000111110111111000000000000000000003030000330000003300303300003300303300303300003300303300300000000000
00000000333330033333332220000111111111111000000000000000000000000003333000003300303333300333300333003333303300303300300000000000
03222200222220022222222220000222222222111000000000000000000000000000000000000000000000000000000000000000000000000000000000000000
02222200222220022222222220000222222222220000000000000000000000000000000000000000000000000000000000000000000000000000000000000000
01111100111110011111111110000111111111100000000000000000000000000000000000000000000000000000000000000000000000000000000000000000
01111100111110011111111110000111111133330000000000000000000000000000000000000000000000000000000000000000000000000000000000000000
01111100111110011111111110000111111111122000000000000000000000000000000000000000000000000000000000000000000000000000000000000000
01111100111110011111111110000111111111111000000000000000033300000333000333000333000003330003330003330000033300033300033300000000
01111100111110011111000000000111110111111000000000000000300330003300303003303300300033003033003033003000330030330030330030000000
03333300333330033333000000000333110011111000000000000000000330003300303003303300300033003033003033003000330030330030330030000000
01122200333330033333000000000333330033333000000000000000033300003300300333303300300033003033003033003000330030330030330030000000
03333300333330033333000000000333330033333000000000000000000330003300300003303300300033003033003033003000330030330030330030000000
02222222222220022222222222200222220022222000000000000000300330303300303003303300303033003033003033003030330030330030330030000000
01111111111110011111111111100111110011111000000000000000033300300333000333000333003003330003330003330030033300033300033300000000
03333333333330033333333331100111110011111000000000000000000000000000000000000000000000000000000000000000000000000000000000000000
03333333333330033322211111100111110011111000000000000000000000000000000000000000000000000000000000000000000000000000000000000000
02222222222220022222222222200222220011111000000000000000000000000000000000000000000000000000000000000000000000000000000000000000
00222222222200022222222222200222220021111000000000000000000000000000000000000000000000000000000000000000000000000000000000000000
00011111111000011111111111100111110011111000000000000000000000000000000000000000000000000000000000000000000000000000000000000000
00000000000000000000000000000000000000000000000000000000000000000000000000000000000000000000000000000000000000000000000000000000
00000000000000000000000000000000000000000000000000000000000000000000000000000000000000000000000000000000000000000000000000000000

0x2982149c
00000000000000000000000000000000000000000000000000000000000000000000000000000000000000000000000000000000000000000000000000000000
00000000111110011111111111100111110011111000000000000000000000000000000000000000000000000000000000000000000000000000000000000000
00000000333330033333333333300111110011111000000000000000000000000000000000000000000000000000000000000000000000000000000000000000
00000000333330033333221111100111110011111000000000000000000000000000000000000000000000000000000000000000000000000000000000000000
00000000222220022222222222200222220011111000000000000000000000000000000000000000000000000000000000000000000000000000000000000000
00000000111110011111111111100111110011111000000000000000000000000000000000000000000000000000000000000000000000000000000000000000
00000000111110011111111111100111110011111000000000000000000000000000330000003333003333300333003300303300003333303333000000000000
00000000333110011111111111100111110011111000000000000000000003030003330000003300303300003300303300303300003300303300300000000000
00000000222330033333000000000111110011111000000000000000000033333000330000003300303300003300003300303300003300303300300000000000
00000000222220022222000000000111110011111000000000000000000003030000330000003333303333003303303300303300003333303333300000000000
00000000111110011111000000000111110011111000000000000000000033333000330000003303003300003300303300303300003300303303000000000000
00000000113330033333000000000333330333333000000000000000000003030000330000003300303300003300303300303300003300303300300000000000
00000000333330033333333330000333333333333000000000000000000000000003333000003300303333300333300333003333303300303300300000000000
03333300333330022223333220000222222222222000000000000000000000000000000000000000000000000000000000000000000000000000000000000000
02222200222220022222222220000222222222220000000000000000000000000000000000000000000000000000000000000000000000000000000000000000
01111100111110011111111110000111111111100000000000000000000000000000000000000000000000000000000000000000000000000000000000000000
03333300333330033333333110000111111111110000000000000000000000000000000000000000000000000000000000000000000000000000000000000000
03333300333320011111111110000111111111111000000000000000000000000000000000000000000000000000000000000000000000000000000000000000
02222200222220022211111110000111111111111000000000000000033300000333000333000333000003330003330003330000033300033300033300000000
01111100111110011111000000000111110111111000000000000000300330003300303003303300300033003033003033003000330030330030330030000000
01111100111110011111000000000333330033333000000000000000000330003300303003303300300033003033003033003000330030330030330030000000
01111100111110011111000000000333330033333000000000000000033300003300300333303300300033003033003033003000330030330030330030000000
01111100111110011122000000000333330033333000000000000000000330003300300003303300300033003033003033003000330030330030330030000000
01111111112220022222222222200222220022222000000000000000300330303300303003303300303033003033003033003030330030330030330030000000
01111111111110011111111111100111110011111000000000000000033300300333000333000333003003330003330003330030033300033300033300000000
01111111111110033333333333300333330033333000000000000000000000000000000000000000000000000000000000000000000000000000000000000000
03333333333330033333333333300333330033333000000000000000000000000000000000000000000000000000000000000000000000000000000000000000
02222233333330033333222233300222220022222000000000000000000000000000000000000000000000000000000000000000000000000000000000000000
00222222222200022222222222200222220022222000000000000000000000000000000000000000000000000000000000000000000000000000000000000000
00011111111000011111111111100111110011111000000000000000000000000000000000000000000000000000000000000000000000000000000000000000
00000000000000000000000000000000000000000000000000000000000000000000000000000000000000000000000000000000000000000000000000000000
00000000000000000000000000000000000000000000000000000000000000000000000000000000000000000000000000000000000000000000000000000000

0x29821577
00000000000000000000000000000000000000000000000000000000000000000000000000000000000000000000000000000000000000000000000000000000
00000000111110011111111111100111110011111000000000000000000000000000000000000000000000000000000000000000000000000000000000000000
00000000111110011133333333300333330033333000000000000000000000000000000000000000000000000000000000000000000000000000000000000000
00000000111110011111122223300333330033333000000000000000000000000000000000000000000000000000000000000000000000000000000000000000
00000000112220022222222222200222220022222000000000000000000000000000000000000000000000000000000000000000000000000000000000000000
00000000111110011111111111100111110011111000000000000000000000000000000000000000000000000000000000000000000000000000000000000000
00000000111110011111111111100111110011111000000000000000000000000000330000003333003333300333003300303300003333303333000000000000
00000000333330033333333333300333330011111000000000000000000003030003330000003300303300003300303300303300003300303300300000000000
00000000333330022222000000000222220033333000000000000000000033333000330000003300303300003300003300303300003300303300300000000000
00000000222220022222000000000222220022222000000000000000000003030000330000003333303333003303303300303300003333303333300000000000
00000000111110011111000000000111110011111000000000000000000033333000330000003303003300003300303300303300003300303303000000000000
00000000111110011111000000000111330333333000000000000000000003030000330000003300303300003300303300303300003300303300300000000000
00000000113330033333333330000333333333333000000000000000000000000003333000003300303333300333300333003333303300303300300000000000
01111100111110022222222330000333333332222000000000000000000000000000000000000000000000000000000000000000000000000000000000000000
01111200222220022222222220000222222222220000000000000000000000000000000000000000000000000000000000000000000000000000000000000000
01111100111110011111111110000111111111100000000000000000000000000000000000000000000000000000000000000000000000000000000000000000
03333300333330033333333330000333333333330000000000000000000000000000000000000000000000000000000000000000000000000000000000000000
03333300333330033333333330000333333221111000000000000000000000000000000000000000000000000000000000000000000000000000000000000000
03333300222220022222222220000222222222222000000000000000033300000333000333000333000003330003330003330000033300033300033300000000
02222200222220022221000000000111110111111000000000000000300330003300303003303300300033003033003033003000330030330030330030000000
01111100111110011111000000000111110011113000000000000000000330003300303003303300300033003033003033003000330030330030330030000000
03333300311110011111000000000111110011111000000000000000033300003300300333303300300033003033003033003000330030330030330030000000
02222200111110011111000000000111110011223000000000000000000330003300300003303300300033003033003033003000330030330030330030000000
02222222222220011111111111100122220022222000000000000000300330303300303003303300303033003033003033003030330030330030330030000000
01111111111110011111111111100111110011111000000000000000033300300333000333000333003003330003330003330030033300033300033300000000
01111111111110011111111111100111110011111000000000000000000000000000000000000000000000000000000000000000000000000000000000000000
01111111111110011111111333300333330033333000000000000000000000000000000000000000000000000000000000000000000000000000000000000000
03331111111110011111111111100222220033333000000000000000000000000000000000000000000000000000000000000000000000000000000000000000
00111111111100011122222222200222220022222000000000000000000000000000000000000000000000000000000000000000000000000000000000000000
00011111111000011111111111100111110011111000000000000000000000000000000000000000000000000000000000000000000000000000000000000000
00000000000000000000000000000000000000000000000000000000000000000000000000000000000000000000000000000000000000000000000000000000
00000000000000000000000000000000000000000000000000000000000000000000000000000000000000000000000000000000000000000000000000000000

0x29821642
00000000000000000000000000000000000000000000000000000000000000000000000000000000000000000000000000000000000000000000000000000000
00000000111110011111111111100111110011111000000000000000000000000000000000000000000000000000000000000000000000000000000000000000
00000000333330033333333333300333330031111000000000000000000000000000000000000000000000000000000000000000000000000000000000000000
00000000333330033333333332200111110011111000000000000000000000000000000000000000000000000000000000000000000000000000000000000000
00000000222220022222222222200221110011122000000000000000000000000000000000000000000000000000000000000000000000000000000000000000
00000000111110011111111111100111110011111000000000000000000000000000000000000000000000000000000000000000000000000000000000000000
00000000111110013333333333300333110011111000000000000000000000000000330000003333003333300333003300303300003333303333000000000000
00000000333330033333333333300333330033333000000000000000000003030003330000003300303300003300303300303300003300303300300000000000
00000000333330033333000000000333330033222000000000000000000033333000330000003300303300003300003300303300003300303300300000000000
00000000222220022222000000000222220022222000000000000000000003030000330000003333303333003303303300303300003333303333300000000000
00000000111110011111000000000111110011111000000000000000000033333000330000003303003300003300303300303300003300303303000000000000
00000000111110011111000000000111110111111000000000000000000003030000330000003300303300003300303300303300003300303300300000000000
00000000111110011111111110000113333333333000000000000000000000000003333000003300303333300333300333003333303300303300300000000000
01111100111110011111111110000111111222222000000000000000000000000000000000000000000000000000000000000000000000000000000000000000
01111100111110011111111110000222222222220000000000000000000000000000000000000000000000000000000000000000000000000000000000000000
01111100111110011111111110000111111111100000000000000000000000000000000000000000000000000000000000000000000000000000000000000000
03333300333330033333333330000333333333330000000000000000000000000000000000000000000000000000000000000000000000000000000000000000
03333300333330033333333330000333333333333000000000000000000000000000000000000000000000000000000000000000000000000000000000000000
01111100222220033333333330000222222222222000000000000000033300000333000333000333000003330003330003330000033300033300033300000000
01222200222220022222000000000222220222222000000000000000300330003300303003303300300033003033003033003000330030330030330030000000
01111100111110011111000000000111110011111000000000000000000330003300303003303300300033003033003033003000330030330030330030000000
03333300333330033333000000000111110011111000000000000000033300003300300333303300300033003033003033003000330030330030330030000000
03222200222220022222000000000111110011111000000000000000000330003300300003303300300033003033003033003000330030330030330030000000
02222222222220022222222222200222220011111000000000000000300330303300303003303300303033003033003033003030330030330030330030000000
01111111111110011111111111100111110011111000000000000000033300300333000333000333003003330003330003330030033300033300033300000000
01111111111110011111111111100111110011111000000000000000000000000000000000000000000000000000000000000000000000000000000000000000
01111111111110011111111111100111110011111000000000000000000000000000000000000000000000000000000000000000000000000000000000000000
03333333333330033333333333300333330031111000000000000000000000000000000000000000000000000000000000000000000000000000000000000000
00333333333300033332222211100111110011111000000000000000000000000000000000000000000000000000000000000000000000000000000000000000
00022222222000022222222222200111110011111000000000000000000000000000000000000000000000000000000000000000000000000000000000000000
00000000000000000000000000000000000000000000000000000000000000000000000000000000000000000000000000000000000000000000000000000000
00000000000000000000000000000000000000000000000000000000000000000000000000000000000000000000000000000000000000000000000000000000

0x2982170d
00000000000000000000000000000000000000000000000000000000000000000000000000000000000000000000000000000000000000000000000000000000
00000000111110011111111111100111110011111000000000000000000000000000000000000000000000000000000000000000000000000000000000000000
00000000333330033333333333300333330033333000000000000000000000000000000000000000000000000000000000000000000000000000000000000000
00000000333330033333333333300333330033333000000000000000000000000000000000000000000000000000000000000000000000000000000000000000
00000000333220022222222222200222220022222000000000000000000000000000000000000000000000000000000000000000000000000000000000000000
00000000222220022222222211100111110011111000000000000000000000000000000000000000000000000000000000000000000000000000000000000000
00000000111110011111111111100111110011111000000000000000000000000000330000003333003333300333003300303300003333303333000000000000
00000000111110011111111113300333330033333000000000000000000003030003330000003300303300003300303300303300003300303300300000000000
00000000111110011111000000000233330033333000000000000000000033333000330000003300303300003300003300303300003300303300300000000000
00000000111110011222000000000222220022222000000000000000000003030000330000003333303333003303303300303300003333303333300000000000
00000000111110011111000000000111110011111000000000000000000033333000330000003303003300003300303300303300003300303303000000000000
00000000111110011111000000000111110111111000000000000000000003030000330000003300303300003300303300303300003300303300300000000000
00000000111110011111111110000111111111111000000000000000000000000003333000003300303333300333300333003333303300303300300000000000
02222200222220022111111110000111111111111000000000000000000000000000000000000000000000000000000000000000000000000000000000000000
02222200222220022222111110000111111111110000000000000000000000000000000000000000000000000000000000000000000000000000000000000000
01111100111110011111111110000111111111100000000000000000000000000000000000000000000000000000000000000000000000000000000000000000
01111100111110033333333330000333333333330000000000000000000000000000000000000000000000000000000000000000000000000000000000000000
01111100111110012222222230000333333333333000000000000000000000000000000000000000000000000000000000000000000000000000000000000000
01111100111110011111111110000222222233333000000000000000033300000333000333000333000003330003330003330000033300033300033300000000
01111100111110011111000000000222220222222000000000000000300330003300303003303300300033003033003033003000330030330030330030000000
03333300333310011111000000000111110011111000000000000000000330003300303003303300300033003033003033003000330030330030330030000000
03333300333330033333000000000333330033333000000000000000033300003300300333303300300033003033003033003000330030330030330030000000
03333300333330033333000000000222220022222000000000000000000330003300300003303300300033003033003033003000330030330030330030000000
02222222222220022222222222200222220022222000000000000000300330303300303003303300303033003033003033003030330030330030330030000000
01111111111110011111111111100111110011111000000000000000033300300333000333000333003003330003330003330030033300033300033300000000
01111111111110011111111111100111110011111000000000000000000000000000000000000000000000000000000000000000000000000000000000000000
01111111111110011111111111100111110011111000000000000000000000000000000000000000000000000000000000000000000000000000000000000000
02221111111110033333333333300333330033333000000000000000000000000000000000000000000000000000000000000000000000000000000000000000
00222221111100011111111112200333330033333000000000000000000000000000000000000000000000000000000000000000000000000000000000000000
00011111111000011111112222200222220022222000000000000000000000000000000000000000000000000000000000000000000000000000000000000000
00000000000000000000000000000000000000000000000000000000000000000000000000000000000000000000000000000000000000000000000000000000
00000000000000000000000000000000000000000000000000000000000000000000000000000000000000000000000000000000000000000000000000000000

0x298217e8
00000000000000000000000000000000000000000000000000000000000000000000000000000000000000000000000000000000000000000000000000000000
00000000111110011111111111100111110011111000000000000000000000000000000000000000000000000000000000000000000000000000000000000000
00000000111130033333333333300333330033333000000000000000000000000000000000000000000000000000000000000000000000000000000000000000
00000000111110011111222223300333330033333000000000000000000000000000000000000000000000000000000000000000000000000000000000000000
00000000111110011111111112200233330033333000000000000000000000000000000000000000000000000000000000000000000000000000000000000000
00000000111110011111112222200222220022222000000000000000000000000000000000000000000000000000000000000000000000000000000000000000
00000000111110011111111111100111110011111000000000000000000000000000330000003333003333300333003300303300003333303333000000000000
00000000111110011111111111100111110011111000000000000000000003030003330000003300303300003300303300303300003300303300300000000000
00000000111110011111000000000111110011111000000000000000000033333000330000003300303300003300003300303300003300303300300000000000
00000000111110011111000000000111110011111000000000000000000003030000330000003333303333003303303300303300003333303333300000000000
00000000111110011111000000000111110011111000000000000000000033333000330000003303003300003300303300303300003300303303000000000000
00000000333330033333000000000111110111111000000000000000000003030000330000003300303300003300303300303300003300303300300000000000
00000000333330033333332220000111111111111000000000000000000000000003333000003300303333300333300333003333303300303300300000000000
03222200222220022222222220000222222222111000000000000000000000000000000000000000000000000000000000000000000000000000000000000000
02222200222220022222222220000222222222220000000000000000000000000000000000000000000000000000000000000000000000000000000000000000
01111100111110011111111110000111111111100000000000000000000000000000000000000000000000000000000000000000000000000000000000000000
01111100111110011111111110000111111133330000000000000000000000000000000000000000000000000000000000000000000000000000000000000000
01111100111110011111111110000111111111122000000000000000000000000000000000000000000000000000000000000000000000000000000000000000
01111100111110011111111110000111111111111000000000000000033300000333000333000333000003330003330003330000033300033300033300000000
01111100111110011111000000000111110111111000000000000000300330003300303003303300300033003033003033003000330030330030330030000000
03333300333330033333000000000333110011111000000000000000000330003300303003303300300033003033003033003000330030330030330030000000
01122200333330033333000000000333330033333000000000000000033300003300300333303300300033003033003033003000330030330030330030000000
03333300333330033333000000000333330033333000000000000000000330003300300003303300300033003033003033003000330030330030330030000000
02222222222220022222222222200222220022222000000000000000300330303300303003303300303033003033003033003030330030330030330030000000
01111111111110011111111111100111110011111000000000000000033300300333000333000333003003330003330003330030033300033300033300000000
03333333333330033333333331100111110011111000000000000000000000000000000000000000000000000000000000000000000000000000000000000000
03333333333330033322211111100111110011111000000000000000000000000000000000000000000000000000000000000000000000000000000000000000
02222222222220022222222222200222220011111000000000000000000000000000000000000000000000000000000000000000000000000000000000000000
00222222222200022222222222200222220021111000000000000000000000000000000000000000000000000000000000000000000000000000000000000000
00011111111000011111111111100111110011111000000000000000000000000000000000000000000000000000000000000000000000000000000000000000
00000000000000000000000000000000000000000000000000000000000000000000000000000000000000000000000000000000000000000000000000000000
00000000000000000000000000000000000000000000000000000000000000000000000000000000000000000000000000000000000000000000000000000000

0x298218a3
00000000000000000000000000000000000000000000000000000000000000000000000000000000000000000000000000000000000000000000000000000000
00000000111110011111111111100111110011111000000000000000000000000000000000000000000000000000000000000000000000000000000000000000
00000000333330033333333333300111110011111000000000000000000000000000000000000000000000000000000000000000000000000000000000000000
00000000333330033333221111100111110011111000000000000000000000000000000000000000000000000000000000000000000000000000000000000000
00000000222220022222222222200222220011111000000000000000000000000000000000000000000000000000000000000000000000000000000000000000
00000000111110011111111111100111110011111000000000000000000000000000000000000000000000000000000000000000000000000000000000000000
00000000111110011111111111100111110011111000000000000000000000000000330000003333003333300333003300303300003333303333000000000000
00000000333110011111111111100111110011111000000000000000000003030003330000003300303300003300303300303300003300303300300000000000
00000000222330033333000000000111110011111000000000000000000033333000330000003300303300003300003300303300003300303300300000000000
00000000222220022222000000000111110011111000000000000000000003030000330000003333303333003303303300303300003333303333300000000000
00000000111110011111000000000111110011111000000000000000000033333000330000003303003300003300303300303300003300303303000000000000
00000000113330033333000000000333330333333000000000000000000003030000330000003300303300003300303300303300003300303300300000000000
00000000333330033333333330000333333333333000000000000000000000000003333000003300303333300333300333003333303300303300300000000000
03333300333330022223333220000222222222222000000000000000000000000000000000000000000000000000000000000000000000000000000000000000
02222200222220022222222220000222222222220000000000000000000000000000000000000000000000000000000000000000000000000000000000000000
01111100111110011111111110000111111111100000000000000000000000000000000000000000000000000000000000000000000000000000000000000000
03333300333330033333333110000111111111110000000000000000000000000000000000000000000000000000000000000000000000000000000000000000
03333300333320011111111110000111111111111000000000000000000000000000000000000000000000000000000000000000000000000000000000000000
02222200222220022211111110000111111111111000000000000000033300000333000333000333000003330003330003330000033300033300033300000000
01111100111110011111000000000111110111111000000000000000300330003300303003303300300033003033003033003000330030330030330030000000
01111100111110011111000000000333330033333000000000000000000330003300303003303300300033003033003033003000330030330030330030000000
01111100111110011111000000000333330033333000000000000000033300003300300333303300300033003033003033003000330030330030330030000000
01111100111110011122000000000333330033333000000000000000000330003300300003303300300033003033003033003000330030330030330030000000
01111111112220022222222222200222220022222000000000000000300330303300303003303300303033003033003033003030330030330030330030000000
01111111111110011111111111100111110011111000000000000000033300300333000333000333003003330003330003330030033300033300033300000000
01111111111110033333333333300333330033333000000000000000000000000000000000000000000000000000000000000000000000000000000000000000
03333333333330033333333333300333330033333000000000000000000000000000000000000000000000000000000000000000000000000000000000000000
02222233333330033333222233300222220022222000000000000000000000000000000000000000000000000000000000000000000000000000000000000000
00222222222200022222222222200222220022222000000000000000000000000000000000000000000000000000000000000000000000000000000000000000
00011111111000011111111111100111110011111000000000000000000000000000000000000000000000000000000000000000000000000000000000000000
00000000000000000000000000000000000000000000000000000000000000000000000000000000000000000000000000000000000000000000000000000000
00000000000000000000000000000000000000000000000000000000000000000000000000000000000000000000000000000000000000000000000000000000

0x2982196e
00000000000000000000000000000000000000000000000000000000000000000000000000000000000000000000000000000000000000000000000000000000
00000000111110011111111111100111110011111000000000000000000000000000000000000000000000000000000000000000000000000000000000000000
00000000111110011133333333300333330033333000000000000000000000000000000000000000000000000000000000000000000000000000000000000000
00000000111110011111122223300333330033333000000000000000000000000000000000000000000000000000000000000000000000000000000000000000
00000000112220022222222222200222220022222000000000000000000000000000000000000000000000000000000000000000000000000000000000000000
00000000111110011111111111100111110011111000000000000000000000000000000000000000000000000000000000000000000000000000000000000000
00000000111110011111111111100111110011111000000000000000000000000000330000003333003333300333003300303300003333303333000000000000
00000000333330033333333333300333330011111000000000000000000003030003330000003300303300003300303300303300003300303300300000000000
00000000333330022222000000000222220033333000000000000000000033333000330000003300303300003300003300303300003300303300300000000000
00000000222220022222000000000222220022222000000000000000000003030000330000003333303333003303303300303300003333303333300000000000
00000000111110011111000000000111110011111000000000000000000033333000330000003303003300003300303300303300003300303303000000000000
00000000111110011111000000000111330333333000000000000000000003030000330000003300303300003300303300303300003300303300300000000000
00000000113330033333333330000333333333333000000000000000000000000003333000003300303333300333300333003333303300303300300000000000
01111100111110022222222330000333333332222000000000000000000000000000000000000000000000000000000000000000000000000000000000000000
01111200222220022222222220000222222222220000000000000000000000000000000000000000000000000000000000000000000000000000000000000000
01111100111110011111111110000111111111100000000000000000000000000000000000000000000000000000000000000000000000000000000000000000
03333300333330033333333330000333333333330000000000000000000000000000000000000000000000000000000000000000000000000000000000000000
03333300333330033333333330000333333221111000000000000000000000000000000000000000000000000000000000000000000000000000000000000000
03333300222220022222222220000222222222222000000000000000033300000333000333000333000003330003330003330000033300033300033300000000
02222200222220022221000000000111110111111000000000000000300330003300303003303300300033003033003033003000330030330030330030000000
01111100111110011111000000000111110011113000000000000000000330003300303003303300300033003033003033003000330030330030330030000000
03333300311110011111000000000111110011111000000000000000033300003300300333303300300033003033003033003000330030330030330030000000
02222200111110011111000000000111110011223000000000000000000330003300300003303300300033003033003033003000330030330030330030000000
02222222222220011111111111100122220022222000000000000000300330303300303003303300303033003033003033003030330030330030330030000000
01111111111110011111111111100111110011111000000000000000033300300333000333000333003003330003330003330030033300033300033300000000
01111111111110011111111111100111110011111000000000000000000000000000000000000000000000000000000000000000000000000000000000000000
01111111111110011111111333300333330033333000000000000000000000000000000000000000000000000000000000000000000000000000000000000000
03331111111110011111111111100222220033333000000000000000000000000000000000000000000000000000000000000000000000000000000000000000
00111111111100011122222222200222220022222000000000000000000000000000000000000000000000000000000000000000000000000000000000000000
00011111111000011111111111100111110011111000000000000000000000000000000000000000000000000000000000000000000000000000000000000000
00000000000000000000000000000000000000000000000000000000000000000000000000000000000000000000000000000000000000000000000000000000
00000000000000000000000000000000000000000000000000000000000000000000000000000000000000000000000000000000000000000000000000000000

0x29821a0b
00000000000000000000000000000000000000000000000000000000000000000000000000000000000000000000000000000000000000000000000000000000
11111001111111111110011111001111100000000000000000000000000000000000000000000000000000000000000000000000000000000000000000000000
11111001113333333330033333003333300000000000000000000000000000000000000000000000000000000000000000000000000000000000000000000000
11111001111112222330033333003333300000000000000000000000000000000000000000000000000000000000000000000000000000000000000000000000
11222002222222222220022222002222200000000000000000000000000000000000000000000000000000000000000000000000000000000000000000000000
11111001111111111110011111001111100000000000000000000000000000000000000000000000000000000000000000000000000000000000000000000000
11111001111111111110011111001111100000000000000000000000000033000000333300333330033300330030330000333330333300000000000000000000
33333003333333333330033333001111100000000000000000000303000333000000330030330000330030330030330000330030330030000000000000000000
33333002222200000000022222003333300000000000000000003333300033000000330030330000330000330030330000330030330030000000000000000000
22222002222200000000022222002222200000000000000000000303000033000000333330333300330330330030330000333330333330000000000000000000
11111001111100000000011111001111100000000000000000003333300033000000330300330000330030330030330000330030330300000000000000000000
11111001111100000000011133033333300000000000000000000303000033000000330030330000330030330030330000330030330030000000000000000000
11333003333333333000033333333333300000000000000000000000000333300000330030333330033330033300333330330030330030000000000000000000
11111002222222233000033333333222200000000000000000000000000000000000000000000000000000000000000000000000000000000000000003333300
22222002222222222000022222222222000000000000000000000000000000000000000000000000000000000000000000000000000000000000000002222200
11111001111111111000011111111110000000000000000000000000000000000000000000000000000000000000000000000000000000000000000001111100
33333003333333333000033333333333000000000000000000000000000000000000000000000000000000000000000000000000000000000000000003333300
33333003333333333000033333322111100000000000000000000000000000000000000000000000000000000000000000000000000000000000000003333300
22222002222222222000022222222222200000000000000003330000033300033300033300000333000333000333000003330003330003330000000002222200
22222002222100000000011111011111100000000000000030033000330030300330330030003300303300303300300033003033003033003000000001111100
11111001111100000000011111001111300000000000000000033000330030300330330030003300303300303300300033003033003033003000000001111100
31111001111100000000011111001111100000000000000003330000330030033330330030003300303300303300300033003033003033003000000001111100
11111001111100000000011111001122300000000000000000033000330030000330330030003300303300303300300033003033003033003000000001111100
22222001111111111110012222002222200000000000000030033030330030300330330030303300303300303300303033003033003033003000000001111111
11111001111111111110011111001111100000000000000003330030033300033300033300300333000333000333003003330003330003330000000001111111
11111001111111111110011111001111100000000000000000000000000000000000000000000000000000000000000000000000000000000000000001111111
11111001111111133330033333003333300000000000000000000000000000000000000000000000000000000000000000000000000000000000000003333333
11111001111111111110022222003333300000000000000000000000000000000000000000000000000000000000000000000000000000000000000002222233
11110001112222222220022222002222200000000000000000000000000000000000000000000000000000000000000000000000000000000000000000222222
11100001111111111110011111001111100000000000000000000000000000000000000000000000000000000000000000000000000000000000000000011111
00000000000000000000000000000000000000000000000000000000000000000000000000000000000000000000000000000000000000000000000000000000
00000000000000000000000000000000000000000000000000000000000000000000000000000000000000000000000000000000000000000000000000000000

0x29821a2a
00000000000000000000000000000000000000000000000000000000000000000000000000000000000000000000000000000000000000000000000000000000
11111111111001111100111110000000000000000000000000000000000000000000000000000000000000000000000000000000000000000000000011111001
11333333333003333300333330000000000000000000000000000000000000000000000000000000000000000000000000000000000000000000000033333003
11111222233003333300333330000000000000000000000000000000000000000000000000000000000000000000000000000000000000000000000033333003
22222222222002222200222220000000000000000000000000000000000000000000000000000000000000000000000000000000000000000000000022222002
11111111111001111100111110000000000000000000000000000000000000000000000000000000000000000000000000000000000000000000000011111001
11111111111001111100111110000000000000000000000000003300000033330033333003330033003033000033333033330000000000000000000011111001
33333333333003333300111110000000000000000000030300033300000033003033000033003033003033000033003033003000000000000000000033311001
22220000000002222200333330000000000000000000333330003300000033003033000033000033003033000033003033003000000000000000000022233003
22220000000002222200222220000000000000000000030300003300000033333033330033033033003033000033333033333000000000000000000022222002
11110000000001111100111110000000000000000000333330003300000033030033000033003033003033000033003033030000000000000000000011111001
11110000000001113303333330000000000000000000030300003300000033003033000033003033003033000033003033003000000000000000000011333003
33333333300003333333333330000000000000000000000000033330000033003033333003333003330033333033003033003000000000000000000033333003
22222223300003333333322220000000000000000000000000000000000000000000000000000000000000000000000000000000000000000333330033333002
22222222200002222222222200000000000000000000000000000000000000000000000000000000000000000000000000000000000000000222220022222002
11111111100001111111111000000000000000000000000000000000000000000000000000000000000000000000000000000000000000000111110011111001
33333333300003333333333300000000000000000000000000000000000000000000000000000000000000000000000000000000000000000333330033333003
33333333300003333332211110000000000000000000000000000000000000000000000000000000000000000000000000000000000000000333330033332001
22222222200002222222222220000000000000000333000003330003330003330000033300033300033300000333000333000333000000000222220022222002
22210000000001111101111110000000000000003003300033003030033033003000330030330030330030003300303300303300300000000111110011111001
11110000000001111100111130000000000000000003300033003030033033003000330030330030330030003300303300303300300000000111110011111001
11110000000001111100111110000000000000000333000033003003333033003000330030330030330030003300303300303300300000000111110011111001
11110000000001111100112230000000000000000003300033003000033033003000330030330030330030003300303300303300300000000111110011111001
11111111111001222200222220000000000000003003303033003030033033003030330030330030330030303300303300303300300000000111111111222002
11111111111001111100111110000000000000000333003003330003330003330030033300033300033300300333000333000333000000000111111111111001
11111111111001111100111110000000000000000000000000000000000000000000000000000000000000000000000000000000000000000111111111111003
11111113333003333300333330000000000000000000000000000000000000000000000000000000000000000000000000000000000000000333333333333003
11111111111002222200333330000000000000000000000000000000000000000000000000000000000000000000000000000000000000000222223333333003
11222222222002222200222220000000000000000000000000000000000000000000000000000000000000000000000000000000000000000022222222220002
11111111111001111100111110000000000000000000000000000000000000000000000000000000000000000000000000000000000000000001111111100001
00000000000000000000000000000000000000000000000000000000000000000000000000000000000000000000000000000000000000000000000000000000
00000000000000000000000000000000000000000000000000000000000000000000000000000000000000000000000000000000000000000000000000000000

0x29821a49
00000000000000000000000000000000000000000000000000000000000000000000000000000000000000000000000000000000000000000000000000000000
11100111110011111000000000000000000000000000000000000000000000000000000000000000000000000000000000000000000000001111100111111111
33300333330033333000000000000000000000000000000000000000000000000000000000000000000000000000000000000000000000003333300333333333
23300333330033333000000000000000000000000000000000000000000000000000000000000000000000000000000000000000000000003333300333332211
22200222220022222000000000000000000000000000000000000000000000000000000000000000000000000000000000000000000000002222200222222222
11100111110011111000000000000000000000000000000000000000000000000000000000000000000000000000000000000000000000001111100111111111
11100111110011111000000000000000000000000000330000003333003333300333003300303300003333303333000000000000000000001111100111111111
33300333330011111000000000000000000003030003330000003300303300003300303300303300003300303300300000000000000000003331100111111111
00000222220033333000000000000000000033333000330000003300303300003300003300303300003300303300300000000000000000002223300333330011
00000222220022222000000000000000000003030000330000003333303333003303303300303300003333303333300000000000000000002222200222220022
00000111110011111000000000000000000033333000330000003303003300003300303300303300003300303303000000000000000000001111100111110011
00000111330333333000000000000000000003030000330000003300303300003300303300303300003300303300300000000000000000001133300333330033
30000333333333333000000000000000000000000003333000003300303333300333300333003333303300303300300000000000000000003333300333333333
30000333333332222000000000000000000000000000000000000000000000000000000000000000000000000000000000000000033333003333300222233332
20000222222222220000000000000000000000000000000000000000000000000000000000000000000000000000000000000000022222002222200222222222
10000111111111100000000000000000000000000000000000000000000000000000000000000000000000000000000000000000011111001111100111111111
30000333333333330000000000000000000000000000000000000000000000000000000000000000000000000000000000000000033333003333300333333331
30000333333221111000000000000000000000000000000000000000000000000000000000000000000000000000000000000000033333003333200111111111
20000222222222222000000000000000033300000333000333000333000003330003330003330000033300033300033300000000022222002222200222111111
00000111110111111000000000000000300330003300303003303300300033003033003033003000330030330030330030000000011111001111100111110011
00000111110011113000000000000000000330003300303003303300300033003033003033003000330030330030330030000000011111001111100111110033
00000111110011111000000000000000033300003300300333303300300033003033003033003000330030330030330030000000011111001111100111110012
00000111110011223000000000000000000330003300300003303300300033003033003033003000330030330030330030000000011111001111100111220033
11100122220022222000000000000000300330303300303003303300303033003033003033003030330030330030330030000000011111111122200222222222
11100111110011111000000000000000033300300333000333000333003003330003330003330030033300033300033300000000011111111111100111111111
11100111110011111000000000000000000000000000000000000000000000000000000000000000000000000000000000000000011111111111100333333333
33300333330033333000000000000000000000000000000000000000000000000000000000000000000000000000000000000000033333333333300333333333
11100222220033333000000000000000000000000000000000000000000000000000000000000000000000000000000000000000022222333333300333332222
22200222220022222000000000000000000000000000000000000000000000000000000000000000000000000000000000000000002222222222000222222222
11100111110011111000000000000000000000000000000000000000000000000000000000000000000000000000000000000000000111111110000111111111
00000000000000000000000000000000000000000000000000000000000000000000000000000000000000000000000000000000000000000000000000000000
00000000000000000000000000000000000000000000000000000000000000000000000000000000000000000000000000000000000000000000000000000000

0x29821a78
00000000000000000000000000000000000000000000000000000000000000000000000000000000000000000000000000000000000000000000000000000000
11001111100000000000000000000000000000000000000000000000000000000000000000000000000000000000000000000000111110011111111110000000
33003333300000000000000000000000000000000000000000000000000000000000000000000000000000000000000000000000333330033333333333000000
33003333300000000000000000000000000000000000000000000000000000000000000000000000000000000000000000000000333330033333221111100000
22002222200000000000000000000000000000000000000000000000000000000000000000000000000000000000000000000000222220022222222222200000
11001111100000000000000000000000000000000000000000000000000000000000000000000000000000000000000000000000111110011111111111100000
11001111100000000000000000000000000033000000333300333330033300330030330000333330333300000000000000000000111110011111111111100000
33001111100000000000000000000303000333000000330030330000330030330030330000330030330030000000000000000000333110011111111111100000
22003333300000000000000000003333300033000000330030330000330000330030330000330030330030000000000000000000222330033333001111100000
22002222200000000000000000000303000033000000333330333300330330330030330000333330333330000000000000000000222220022222002222200000
11001111100000000000000000003333300033000000330300330000330030330030330000330030330300000000000000000000111110011111001111100000
33033333300000000000000000000303000033000000330030330000330030330030330000330030330030000000000000000000113330033333003333300000
33333333300000000000000000000000000333300000330030333330033330033300333330330030330030000000000000000000333330033333333333300000
33333222200000000000000000000000000000000000000000000000000000000000000000000000000000000000000003333300333330022223333222200000
22222222000000000000000000000000000000000000000000000000000000000000000000000000000000000000000002222200222220022222222222000000
11111110000000000000000000000000000000000000000000000000000000000000000000000000000000000000000001111100111110011111111110000000
33333333000000000000000000000000000000000000000000000000000000000000000000000000000000000000000003333300333330033333333111000000
33322111100000000000000000000000000000000000000000000000000000000000000000000000000000000000000003333300333320011111111111100000
22222222200000000000000003330000033300033300033300000333000333000333000003330003330003330000000002222200222220022211111111100000
11011111100000000000000030033000330030300330330030003300303300303300300033003033003033003000000001111100111110011111001111100000
11001111300000000000000000033000330030300330330030003300303300303300300033003033003033003000000001111100111110011111003333300000
11001111100000000000000003330000330030033330330030003300303300303300300033003033003033003000000001111100111110011111001222300000
11001122300000000000000000033000330030000330330030003300303300303300300033003033003033003000000001111100111110011122003333300000
22002222200000000000000030033030330030300330330030303300303300303300303033003033003033003000000001111111112220022222222222200000
11001111100000000000000003330030033300033300033300300333000333000333003003330003330003330000000001111111111110011111111111100000
11001111100000000000000000000000000000000000000000000000000000000000000000000000000000000000000001111111111110033333333333300000
33003333300000000000000000000000000000000000000000000000000000000000000000000000000000000000000003333333333330033333333333300000
22003333300000000000000000000000000000000000000000000000000000000000000000000000000000000000000002222233333330033333222233300000
22002222200000000000000000000000000000000000000000000000000000000000000000000000000000000000000000222222222200022222222222000000
11001111100000000000000000000000000000000000000000000000000000000000000000000000000000000000000000011111111000011111111110000000
00000000000000000000000000000000000000000000000000000000000000000000000000000000000000000000000000000000000000000000000000000000
00000000000000000000000000000000000000000000000000000000000000000000000000000000000000000000000000000000000000000000000000000000

0x29821a97
00000000000000000000000000000000000000000000000000000000000000000000000000000000000000000000000000000000000000000000000000000000
10000000000000000000000000000000000000000000000000000000000000000000000000000000000000000000000011111001111111111000000000000000
30000000000000000000000000000000000000000000000000000000000000000000000000000000000000000000000033333003333333333300000000000000
30000000000000000000000000000000000000000000000000000000000000000000000000000000000000000000000033333003333322111110000000000000
20000000000000000000000000000000000000000000000000000000000000000000000000000000000000000000000022222002222222222220000000000000
10000000000000000000000000000000000000000000000000000000000000000000000000000000000000000000000011111001111111111110000000000000
10000000000000000000000000003300000033330033333003330033003033000033333033330000000000000000000011111001111111111110000000000000
10000000000000000000030300033300000033003033000033003033003033000033003033003000000000000000000033311001111111111110000000000000
30000000000000000000333330003300000033003033000033000033003033000033003033003000000000000000000022233003333300111110000000000000
20000000000000000000030300003300000033333033330033033033003033000033333033333000000000000000000022222002222200222220000000000000
10000000000000000000333330003300000033030033000033003033003033000033003033030000000000000000000011111001111100111110000000000000
30000000000000000000030300003300000033003033000033003033003033000033003033003000000000000000000011333003333300333330000000000000
30000000000000000000000000033330000033003033333003333003330033333033003033003000000000000000000033333003333333333330000000000000
20000000000000000000000000000000000000000000000000000000000000000000000000000000000000000333330033333002222333322220000000000000
00000000000000000000000000000000000000000000000000000000000000000000000000000000000000000222220022222002222222222200000000000000
00000000000000000000000000000000000000000000000000000000000000000000000000000000000000000111110011111001111111111000000000000000
00000000000000000000000000000000000000000000000000000000000000000000000000000000000000000333330033333003333333311100000000000000
10000000000000000000000000000000000000000000000000000000000000000000000000000000000000000333330033332001111111111110000000000000
20000000000000000333000003330003330003330000033300033300033300000333000333000333000000000222220022222002221111111110000000000000
10000000000000003003300033003030033033003000330030330030330030003300303300303300300000000111110011111001111100111110000000000000
30000000000000000003300033003030033033003000330030330030330030003300303300303300300000000111110011111001111100333330000000000000
10000000000000000333000033003003333033003000330030330030330030003300303300303300300000000111110011111001111100122230000000000000
30000000000000000003300033003000033033003000330030330030330030003300303300303300300000000111110011111001112200333330000000000000
20000000000000003003303033003030033033003030330030330030330030303300303300303300300000000111111111222002222222222220000000000000
10000000000000000333003003330003330003330030033300033300033300300333000333000333000000000111111111111001111111111110000000000000
10000000000000000000000000000000000000000000000000000000000000000000000000000000000000000111111111111003333333333330000000000000
30000000000000000000000000000000000000000000000000000000000000000000000000000000000000000333333333333003333333333330000000000000
30000000000000000000000000000000000000000000000000000000000000000000000000000000000000000222223333333003333322223330000000000000
20000000000000000000000000000000000000000000000000000000000000000000000000000000000000000022222222220002222222222200000000000000
10000000000000000000000000000000000000000000000000000000000000000000000000000000000000000001111111100001111111111000000000000000
00000000000000000000000000000000000000000000000000000000000000000000000000000000000000000000000000000000000000000000000000000000
00000000000000000000000000000000000000000000000000000000000000000000000000000000000000000000000000000000000000000000000000000000

0x29821ac6
00000000000000000000000000000000000000000000000000000000000000000000000000000000000000000000000000000000000000000000000000000000
00000000000000000000000000000000000000000000000000000000000000000000000000000000000000001111100111111111100000000000000000000000
00000000000000000000000000000000000000000000000000000000000000000000000000000000000000003333300333333333330000000000000000000000
00000000000000000000000000000000000000000000000000000000000000000000000000000000000000003333300333332211111000000000000000000000
00000000000000000000000000000000000000000000000000000000000000000000000000000000000000002222200222222222222000000000000000000000
00000000000000000000000000000000000000000000000000000000000000000000000000000000000000001111100111111111111000000000000000000000
00000000000000000000330000003333003333300333003300303300003333303333000000000000000000001111100111111111111000000000000000000000
00000000000003030003330000003300303300003300303300303300003300303300300000000000000000003331100111111111111000000000000000000000
00000000000033333000330000003300303300003300003300303300003300303300300000000000000000002223300333330011111000000000000000000000
00000000000003030000330000003333303333003303303300303300003333303333300000000000000000002222200222220022222000000000000000000000
00000000000033333000330000003303003300003300303300303300003300303303000000000000000000001111100111110011111000000000000000000000
00000000000003030000330000003300303300003300303300303300003300303300300000000000000000001133300333330033333000000000000000000000
00000000000000000003333000003300303333300333300333003333303300303300300000000000000000003333300333333333333000000000000000000000
00000000000000000000000000000000000000000000000000000000000000000000000000000000033333003333300222233332222000000000000000000000
00000000000000000000000000000000000000000000000000000000000000000000000000000000022222002222200222222222220000000000000000000000
00000000000000000000000000000000000000000000000000000000000000000000000000000000011111001111100111111111100000000000000000000000
00000000000000000000000000000000000000000000000000000000000000000000000000000000033333003333300333333331110000000000000000000000
00000000000000000000000000000000000000000000000000000000000000000000000000000000033333003333200111111111111000000000000000000000
00000000033300000333000333000333000003330003330003330000033300033300033300000000022222002222200222111111111000000000000000000000
00000000300330003300303003303300300033003033003033003000330030330030330030000000011111001111100111110011111000000000000000000000
00000000000330003300303003303300300033003033003033003000330030330030330030000000011111001111100111110033333000000000000000000000
00000000033300003300300333303300300033003033003033003000330030330030330030000000011111001111100111110012223000000000000000000000
00000000000330003300300003303300300033003033003033003000330030330030330030000000011111001111100111220033333000000000000000000000
00000000300330303300303003303300303033003033003033003030330030330030330030000000011111111122200222222222222000000000000000000000
00000000033300300333000333000333003003330003330003330030033300033300033300000000011111111111100111111111111000000000000000000000
00000000000000000000000000000000000000000000000000000000000000000000000000000000011111111111100333333333333000000000000000000000
00000000000000000000000000000000000000000000000000000000000000000000000000000000033333333333300333333333333000000000000000000000
00000000000000000000000000000000000000000000000000000000000000000000000000000000022222333333300333332222333000000000000000000000
00000000000000000000000000000000000000000000000000000000000000000000000000000000002222222222000222222222220000000000000000000000
00000000000000000000000000000000000000000000000000000000000000000000000000000000000111111110000111111111100000000000000000000000
00000000000000000000000000000000000000000000000000000000000000000000000000000000000000000000000000000000000000000000000000000000
00000000000000000000000000000000000000000000000000000000000000000000000000000000000000000000000000000000000000000000000000000000

0x29821af5
00000000000000000000000000000000000000000000000000000000000000000000000000000000000000000000000000000000000000000000000000000000
00000000000000000000000000000000000000000000000000000000000000000000000000000000111110011111111110000000000000000000000000000000
00000000000000000000000000000000000000000000000000000000000000000000000000000000333330033333333333000000000000000000000000000000
00000000000000000000000000000000000000000000000000000000000000000000000000000000333330033333221111100000000000000000000000000000
00000000000000000000000000000000000000000000000000000000000000000000000000000000222220022222222222200000000000000000000000000000
00000000000000000000000000000000000000000000000000000000000000000000000000000000111110011111111111100000000000000000000000000000
00000000000033000000333300333330033300330030330000333330333300000000000000000000111110011111111111100000000000000000000000000000
00000303000333000000330030330000330030330030330000330030330030000000000000000000333110011111111111100000000000000000000000000000
00003333300033000000330030330000330000330030330000330030330030000000000000000000222330033333001111100000000000000000000000000000
00000303000033000000333330333300330330330030330000333330333330000000000000000000222220022222002222200000000000000000000000000000
00003333300033000000330300330000330030330030330000330030330300000000000000000000111110011111001111100000000000000000000000000000
00000303000033000000330030330000330030330030330000330030330030000000000000000000113330033333003333300000000000000000000000000000
00000000000333300000330030333330033330033300333330330030330030000000000000000000333330033333333333300000000000000000000000000000
00000000000000000000000000000000000000000000000000000000000000000000000003333300333330022223333222200000000000000000000000000000
00000000000000000000000000000000000000000000000000000000000000000000000002222200222220022222222222000000000000000000000000000000
00000000000000000000000000000000000000000000000000000000000000000000000001111100111110011111111110000000000000000000000000000000
00000000000000000000000000000000000000000000000000000000000000000000000003333300333330033333333111000000000000000000000000000000
00000000000000000000000000000000000000000000000000000000000000000000000003333300333320011111111111100000000000000000000000000000
03330000033300033300033300000333000333000333000003330003330003330000000002222200222220022211111111100000000000000000000000000000
30033000330030300330330030003300303300303300300033003033003033003000000001111100111110011111001111100000000000000000000000000000
00033000330030300330330030003300303300303300300033003033003033003000000001111100111110011111003333300000000000000000000000000000
03330000330030033330330030003300303300303300300033003033003033003000000001111100111110011111001222300000000000000000000000000000
00033000330030000330330030003300303300303300300033003033003033003000000001111100111110011122003333300000000000000000000000000000
30033030330030300330330030303300303300303300303033003033003033003000000001111111112220022222222222200000000000000000000000000000
03330030033300033300033300300333000333000333003003330003330003330000000001111111111110011111111111100000000000000000000000000000
00000000000000000000000000000000000000000000000000000000000000000000000001111111111110033333333333300000000000000000000000000000
00000000000000000000000000000000000000000000000000000000000000000000000003333333333330033333333333300000000000000000000000000000
00000000000000000000000000000000000000000000000000000000000000000000000002222233333330033333222233300000000000000000000000000000
00000000000000000000000000000000000000000000000000000000000000000000000000222222222200022222222222000000000000000000000000000000
00000000000000000000000000000000000000000000000000000000000000000000000000011111111000011111111110000000000000000000000000000000
00000000000000000000000000000000000000000000000000000000000000000000000000000000000000000000000000000000000000000000000000000000
00000000000000000000000000000000000000000000000000000000000000000000000000000000000000000000000000000000000000000000000000000000

0x29821b14
00000000000000000000000000000000000000000000000000000000000000000000000000000000000000000000000000000000000000000000000000000000
00000000000000000000000000000000000000000000000000000000000000000000000011111001111111111000000000000000000000000000000000000000
00000000000000000000000000000000000000000000000000000000000000000000000033333003333333333300000000000000000000000000000000000000
00000000000000000000000000000000000000000000000000000000000000000000000033333003333322111110000000000000000000000000000000000000
00000000000000000000000000000000000000000000000000000000000000000000000022222002222222222220000000000000000000000000000000000000
00000000000000000000000000000000000000000000000000000000000000000000000011111001111111111110000000000000000000000000000000000000
00003300000033330033333003330033003033000033333033330000000000000000000011111001111111111110000000000000000000000000000000000000
00033300000033003033000033003033003033000033003033003000000000000000000033311001111111111110000000000000000000000000000000000303
30003300000033003033000033000033003033000033003033003000000000000000000022233003333300111110000000000000000000000000000000003333
00003300000033333033330033033033003033000033333033333000000000000000000022222002222200222220000000000000000000000000000000000303
30003300000033030033000033003033003033000033003033030000000000000000000011111001111100111110000000000000000000000000000000003333
00003300000033003033000033003033003033000033003033003000000000000000000011333003333300333330000000000000000000000000000000000303
00033330000033003033333003333003330033333033003033003000000000000000000033333003333333333330000000000000000000000000000000000000
00000000000000000000000000000000000000000000000000000000000000000333330033333002222333322220000000000000000000000000000000000000
00000000000000000000000000000000000000000000000000000000000000000222220022222002222222222200000000000000000000000000000000000000
00000000000000000000000000000000000000000000000000000000000000000111110011111001111111111000000000000000000000000000000000000000
00000000000000000000000000000000000000000000000000000000000000000333330033333003333333311100000000000000000000000000000000000000
00000000000000000000000000000000000000000000000000000000000000000333330033332001111111111110000000000000000000000000000000000000
03330003330003330000033300033300033300000333000333000333000000000222220022222002221111111110000000000000000000000000000000330000
33003030033033003000330030330030330030003300303300303300300000000111110011111001111100111110000000000000000000000000000003330000
33003030033033003000330030330030330030003300303300303300300000000111110011111001111100333330000000000000000000000000000000330000
33003003333033003000330030330030330030003300303300303300300000000111110011111001111100122230000000000000000000000000000000330000
33003000033033003000330030330030330030003300303300303300300000000111110011111001112200333330000000000000000000000000000000330000
33003030033033003030330030330030330030303300303300303300300000000111111111222002222222222220000000000000000000000000000000330030
03330003330003330030033300033300033300300333000333000333000000000111111111111001111111111110000000000000000000000000000003333030
00000000000000000000000000000000000000000000000000000000000000000111111111111003333333333330000000000000000000000000000000000000
00000000000000000000000000000000000000000000000000000000000000000333333333333003333333333330000000000000000000000000000000000000
00000000000000000000000000000000000000000000000000000000000000000222223333333003333322223330000000000000000000000000000000000000
00000000000000000000000000000000000000000000000000000000000000000022222222220002222222222200000000000000000000000000000000000000
00000000000000000000000000000000000000000000000000000000000000000001111111100001111111111000000000000000000000000000000000000000
00000000000000000000000000000000000000000000000000000000000000000000000000000000000000000000000000000000000000000000000000000000
00000000000000000000000000000000000000000000000000000000000000000000000000000000000000000000000000000000000000000000000000000000

0x29821b34
00000000000000000000000000000000000000000000000000000000000000000000000000000000000000000000000000000000000000000000000000000000
00000000000000000000000000000000000000000000000000000000000000001111100111111111100000000000000000000000000000000000000000000000
00000000000000000000000000000000000000000000000000000000000000003333300333333333330000000000000000000000000000000000000000000000
00000000000000000000000000000000000000000000000000000000000000003333300333332211111000000000000000000000000000000000000000000000
00000000000000000000000000000000000000000000000000000000000000002222200222222222222000000000000000000000000000000000000000000000
00000000000000000000000000000000000000000000000000000000000000001111100111111111111000000000000000000000000000000000000000000000
00003333003333300333003300303300003333303333000000000000000000001111100111111111111000000000000000000000000000000000000000033300
00003300303300003300303300303300003300303300300000000000000000003331100111111111111000000000000000000000000000000000030300300330
00003300303300003300003300303300003300303300300000000000000000002223300333330011111000000000000000000000000000000000333330000330
00003333303333003303303300303300003333303333300000000000000000002222200222220022222000000000000000000000000000000000030300003300
00003303003300003300303300303300003300303303000000000000000000001111100111110011111000000000000000000000000000000000333330033000
00003300303300003300303300303300003300303300300000000000000000001133300333330033333000000000000000000000000000000000030300330000
00003300303333300333300333003333303300303300300000000000000000003333300333333333333000000000000000000000000000000000000000333330
00000000000000000000000000000000000000000000000000000000033333003333300222233332222000000000000000000000000000000000000000000000
00000000000000000000000000000000000000000000000000000000022222002222200222222222220000000000000000000000000000000000000000000000
00000000000000000000000000000000000000000000000000000000011111001111100111111111100000000000000000000000000000000000000000000000
00000000000000000000000000000000000000000000000000000000033333003333300333333331110000000000000000000000000000000000000000000000
00000000000000000000000000000000000000000000000000000000033333003333200111111111111000000000000000000000000000000000000000000000
33000333000003330003330003330000033300033300033300000000022222002222200222111111111000000000000000000000000000000033000003330003
03303300300033003033003033003000330030330030330030000000011111001111100111110011111000000000000000000000000000000333000033003033
03303300300033003033003033003000330030330030330030000000011111001111100111110033333000000000000000000000000000000033000033003033
33303300300033003033003033003000330030330030330030000000011111001111100111110012223000000000000000000000000000000033000003330003
03303300300033003033003033003000330030330030330030000000011111001111100111220033333000000000000000000000000000000033000030033030
03303300303033003033003033003030330030330030330030000000011111111122200222222222222000000000000000000000000000000033003030033030
33000333003003330003330003330030033300033300033300000000011111111111100111111111111000000000000000000000000000000333303003330003
00000000000000000000000000000000000000000000000000000000011111111111100333333333333000000000000000000000000000000000000000000000
00000000000000000000000000000000000000000000000000000000033333333333300333333333333000000000000000000000000000000000000000000000
00000000000000000000000000000000000000000000000000000000022222333333300333332222333000000000000000000000000000000000000000000000
00000000000000000000000000000000000000000000000000000000002222222222000222222222220000000000000000000000000000000000000000000000
00000000000000000000000000000000000000000000000000000000000111111110000111111111100000000000000000000000000000000000000000000000
00000000000000000000000000000000000000000000000000000000000000000000000000000000000000000000000000000000000000000000000000000000
00000000000000000000000000000000000000000000000000000000000000000000000000000000000000000000000000000000000000000000000000000000

0x29821b62
00000000000000000000000000000000000000000000000000000000000000000000000000000000000000000000000000000000000000000000000000000000
00000000000000000000000000000000000000000000000000000000111110011111111110000000000000000000000000000000000000000000000000000000
00000000000000000000000000000000000000000000000000000000333330033333333333000000000000000000000000000000000000000000000000000000
00000000000000000000000000000000000000000000000000000000333330033333221111100000000000000000000000000000000000000000000000000000
00000000000000000000000000000000000000000000000000000000222220022222222222200000000000000000000000000000000000000000000000000000
00000000000000000000000000000000000000000000000000000000111110011111111111100000000000000000000000000000000000000000000000000000
00333330033300330030330000333330333300000000000000000000111110011111111111100000000000000000000000000000000000000003330000003333
30330000330030330030330000330030330030000000000000000000333110011111111111100000000000000000000000000000000003030030033000003300
30330000330000330030330000330030330030000000000000000000222330033333001111100000000000000000000000000000000033333000033000003300
30333300330330330030330000333330333330000000000000000000222220022222002222200000000000000000000000000000000003030000330000003333
00330000330030330030330000330030330300000000000000000000111110011111001111100000000000000000000000000000000033333003300000003303
30330000330030330030330000330030330030000000000000000000113330033333003333300000000000000000000000000000000003030033000000003300
30333330033330033300333330330030330030000000000000000000333330033333333333300000000000000000000000000000000000000033333000003300
00000000000000000000000000000000000000000000000003333300333330022223333222200000000000000000000000000000000000000000000000000000
00000000000000000000000000000000000000000000000002222200222220022222222222000000000000000000000000000000000000000000000000000000
00000000000000000000000000000000000000000000000001111100111110011111111110000000000000000000000000000000000000000000000000000000
00000000000000000000000000000000000000000000000003333300333330033333333111000000000000000000000000000000000000000000000000000000
00000000000000000000000000000000000000000000000003333300333320011111111111100000000000000000000000000000000000000000000000000000
00000333000333000333000003330003330003330000000002222200222220022211111111100000000000000000000000000000003300000333000333000333
30003300303300303300300033003033003033003000000001111100111110011111001111100000000000000000000000000000033300003300303300303300
30003300303300303300300033003033003033003000000001111100111110011111003333300000000000000000000000000000003300003300303300303300
30003300303300303300300033003033003033003000000001111100111110011111001222300000000000000000000000000000003300000333000333003300
30003300303300303300300033003033003033003000000001111100111110011122003333300000000000000000000000000000003300003003303003303300
30303300303300303300303033003033003033003000000001111111112220022222222222200000000000000000000000000000003300303003303003303300
00300333000333000333003003330003330003330000000001111111111110011111111111100000000000000000000000000000033330300333000333000333
00000000000000000000000000000000000000000000000001111111111110033333333333300000000000000000000000000000000000000000000000000000
00000000000000000000000000000000000000000000000003333333333330033333333333300000000000000000000000000000000000000000000000000000
00000000000000000000000000000000000000000000000002222233333330033333222233300000000000000000000000000000000000000000000000000000
00000000000000000000000000000000000000000000000000222222222200022222222222000000000000000000000000000000000000000000000000000000
00000000000000000000000000000000000000000000000000011111111000011111111110000000000000000000000000000000000000000000000000000000
00000000000000000000000000000000000000000000000000000000000000000000000000000000000000000000000000000000000000000000000000000000
00000000000000000000000000000000000000000000000000000000000000000000000000000000000000000000000000000000000000000000000000000000

0x29821b82
00000000000000000000000000000000000000000000000000000000000000000000000000000000000000000000000000000000000000000000000000000000
00000000000000000000000000000000000000000000000011111001111111111000000000000000000000000000000000000000000000000000000000000000
00000000000000000000000000000000000000000000000033333003333333333300000000000000000000000000000000000000000000000000000000000000
00000000000000000000000000000000000000000000000033333003333322111110000000000000000000000000000000000000000000000000000000000000
00000000000000000000000000000000000000000000000022222002222222222220000000000000000000000000000000000000000000000000000000000000
00000000000000000000000000000000000000000000000011111001111111111110000000000000000000000000000000000000000000000000000000000000
03330033003033000033333033330000000000000000000011111001111111111110000000000000000000000000000000000000000333000000333300333330
33003033003033000033003033003000000000000000000033311001111111111110000000000000000000000000000000000303003003300000330030330000
33000033003033000033003033003000000000000000000022233003333300111110000000000000000000000000000000003333300003300000330030330000
33033033003033000033333033333000000000000000000022222002222200222220000000000000000000000000000000000303000033000000333330333300
33003033003033000033003033030000000000000000000011111001111100111110000000000000000000000000000000003333300330000000330300330000
33003033003033000033003033003000000000000000000011333003333300333330000000000000000000000000000000000303003300000000330030330000
03333003330033333033003033003000000000000000000033333003333333333330000000000000000000000000000000000000003333300000330030333330
00000000000000000000000000000000000000000333330033333002222333322220000000000000000000000000000000000000000000000000000000000000
00000000000000000000000000000000000000000222220022222002222222222200000000000000000000000000000000000000000000000000000000000000
00000000000000000000000000000000000000000111110011111001111111111000000000000000000000000000000000000000000000000000000000000000
00000000000000000000000000000000000000000333330033333003333333311100000000000000000000000000000000000000000000000000000000000000
00000000000000000000000000000000000000000333330033332001111111111110000000000000000000000000000000000000000000000000000000000000
00033300033300000333000333000333000000000222220022222002221111111110000000000000000000000000000000330000033300033300033300000333
30330030330030003300303300303300300000000111110011111001111100111110000000000000000000000000000003330000330030330030330030003300
30330030330030003300303300303300300000000111110011111001111100333330000000000000000000000000000000330000330030330030330030003300
30330030330030003300303300303300300000000111110011111001111100122230000000000000000000000000000000330000033300033300330030003300
30330030330030003300303300303300300000000111110011111001112200333330000000000000000000000000000000330000300330300330330030003300
30330030330030303300303300303300300000000111111111222002222222222220000000000000000000000000000000330030300330300330330030303300
00033300033300300333000333000333000000000111111111111001111111111110000000000000000000000000000003333030033300033300033300300333
00000000000000000000000000000000000000000111111111111003333333333330000000000000000000000000000000000000000000000000000000000000
00000000000000000000000000000000000000000333333333333003333333333330000000000000000000000000000000000000000000000000000000000000
00000000000000000000000000000000000000000222223333333003333322223330000000000000000000000000000000000000000000000000000000000000
00000000000000000000000000000000000000000022222222220002222222222200000000000000000000000000000000000000000000000000000000000000
00000000000000000000000000000000000000000001111111100001111111111000000000000000000000000000000000000000000000000000000000000000
00000000000000000000000000000000000000000000000000000000000000000000000000000000000000000000000000000000000000000000000000000000
00000000000000000000000000000000000000000000000000000000000000000000000000000000000000000000000000000000000000000000000000000000

0x29821bb1
00000000000000000000000000000000000000000000000000000000000000000000000000000000000000000000000000000000000000000000000000000000
00000000000000000000000000000000000000001111100111111111100000000000000000000000000000000000000000000000000000000000000000000000
00000000000000000000000000000000000000003333300333333333330000000000000000000000000000000000000000000000000000000000000000000000
00000000000000000000000000000000000000003333300333332211111000000000000000000000000000000000000000000000000000000000000000000000
00000000000000000000000000000000000000002222200222222222222000000000000000000000000000000000000000000000000000000000000000000000
00000000000000000000000000000000000000001111100111111111111000000000000000000000000000000000000000000000000000000000000000000000
00303300003333303333000000000000000000001111100111111111111000000000000000000000000000000000000000033300000033330033333003330033
00303300003300303300300000000000000000003331100111111111111000000000000000000000000000000000030300300330000033003033000033003033
00303300003300303300300000000000000000002223300333330011111000000000000000000000000000000000333330000330000033003033000033000033
00303300003333303333300000000000000000002222200222220022222000000000000000000000000000000000030300003300000033333033330033033033
00303300003300303303000000000000000000001111100111110011111000000000000000000000000000000000333330033000000033030033000033003033
00303300003300303300300000000000000000001133300333330033333000000000000000000000000000000000030300330000000033003033000033003033
33003333303300303300300000000000000000003333300333333333333000000000000000000000000000000000000000333330000033003033333003333003
00000000000000000000000000000000033333003333300222233332222000000000000000000000000000000000000000000000000000000000000000000000
00000000000000000000000000000000022222002222200222222222220000000000000000000000000000000000000000000000000000000000000000000000
00000000000000000000000000000000011111001111100111111111100000000000000000000000000000000000000000000000000000000000000000000000
00000000000000000000000000000000033333003333300333333331110000000000000000000000000000000000000000000000000000000000000000000000
00000000000000000000000000000000033333003333200111111111111000000000000000000000000000000000000000000000000000000000000000000000
03330000033300033300033300000000022222002222200222111111111000000000000000000000000000000033000003330003330003330000033300033300
33003000330030330030330030000000011111001111100111110011111000000000000000000000000000000333000033003033003033003000330030330030
33003000330030330030330030000000011111001111100111110033333000000000000000000000000000000033000033003033003033003000330030330030
33003000330030330030330030000000011111001111100111110012223000000000000000000000000000000033000003330003330033003000330030330030
33003000330030330030330030000000011111001111100111220033333000000000000000000000000000000033000030033030033033003000330030330030
33003030330030330030330030000000011111111122200222222222222000000000000000000000000000000033003030033030033033003030330030330030
03330030033300033300033300000000011111111111100111111111111000000000000000000000000000000333303003330003330003330030033300033300
00000000000000000000000000000000011111111111100333333333333000000000000000000000000000000000000000000000000000000000000000000000
00000000000000000000000000000000033333333333300333333333333000000000000000000000000000000000000000000000000000000000000000000000
00000000000000000000000000000000022222333333300333332222333000000000000000000000000000000000000000000000000000000000000000000000
00000000000000000000000000000000002222222222000222222222220000000000000000000000000000000000000000000000000000000000000000000000
00000000000000000000000000000000000111111110000111111111100000000000000000000000000000000000000000000000000000000000000000000000
00000000000000000000000000000000000000000000000000000000000000000000000000000000000000000000000000000000000000000000000000000000
00000000000000000000000000000000000000000000000000000000000000000000000000000000000000000000000000000000000000000000000000000000

0x29821bdf
00000000000000000000000000000000000000000000000000000000000000000000000000000000000000000000000000000000000000000000000000000000
00000000000000000000000000000000111110011111111110000000000000000000000000000000000000000000000000000000000000000000000000000000
00000000000000000000000000000000333330033333333333000000000000000000000000000000000000000000000000000000000000000000000000000000
00000000000000000000000000000000333330033333221111100000000000000000000000000000000000000000000000000000000000000000000000000000
00000000000000000000000000000000222220022222222222200000000000000000000000000000000000000000000000000000000000000000000000000000
00000000000000000000000000000000111110011111111111100000000000000000000000000000000000000000000000000000000000000000000000000000
00333330333300000000000000000000111110011111111111100000000000000000000000000000000000000003330000003333003333300333003300303300
00330030330030000000000000000000333110011111111111100000000000000000000000000000000003030030033000003300303300003300303300303300
00330030330030000000000000000000222330033333001111100000000000000000000000000000000033333000033000003300303300003300003300303300
00333330333330000000000000000000222220022222002222200000000000000000000000000000000003030000330000003333303333003303303300303300
00330030330300000000000000000000111110011111001111100000000000000000000000000000000033333003300000003303003300003300303300303300
00330030330030000000000000000000113330033333003333300000000000000000000000000000000003030033000000003300303300003300303300303300
30330030330030000000000000000000333330033333333333300000000000000000000000000000000000000033333000003300303333300333300333003333
00000000000000000000000003333300333330022223333222200000000000000000000000000000000000000000000000000000000000000000000000000000
00000000000000000000000002222200222220022222222222000000000000000000000000000000000000000000000000000000000000000000000000000000
00000000000000000000000001111100111110011111111110000000000000000000000000000000000000000000000000000000000000000000000000000000
00000000000000000000000003333300333330033333333111000000000000000000000000000000000000000000000000000000000000000000000000000000
00000000000000000000000003333300333320011111111111100000000000000000000000000000000000000000000000000000000000000000000000000000
03330003330003330000000002222200222220022211111111100000000000000000000000000000003300000333000333000333000003330003330003330000
33003033003033003000000001111100111110011111001111100000000000000000000000000000033300003300303300303300300033003033003033003000
33003033003033003000000001111100111110011111003333300000000000000000000000000000003300003300303300303300300033003033003033003000
33003033003033003000000001111100111110011111001222300000000000000000000000000000003300000333000333003300300033003033003033003000
33003033003033003000000001111100111110011122003333300000000000000000000000000000003300003003303003303300300033003033003033003000
33003033003033003000000001111111112220022222222222200000000000000000000000000000003300303003303003303300303033003033003033003030
03330003330003330000000001111111111110011111111111100000000000000000000000000000033330300333000333000333003003330003330003330030
00000000000000000000000001111111111110033333333333300000000000000000000000000000000000000000000000000000000000000000000000000000
00000000000000000000000003333333333330033333333333300000000000000000000000000000000000000000000000000000000000000000000000000000
00000000000000000000000002222233333330033333222233300000000000000000000000000000000000000000000000000000000000000000000000000000
00000000000000000000000000222222222200022222222222000000000000000000000000000000000000000000000000000000000000000000000000000000
00000000000000000000000000011111111000011111111110000000000000000000000000000000000000000000000000000000000000000000000000000000
00000000000000000000000000000000000000000000000000000000000000000000000000000000000000000000000000000000000000000000000000000000
00000000000000000000000000000000000000000000000000000000000000000000000000000000000000000000000000000000000000000000000000000000

0x29821bff
00000000000000000000000000000000000000000000000000000000000000000000000000000000000000000000000000000000000000000000000000000000
00000000000000000000000011111001111111111000000000000000000000000000000000000000000000000000000000000000000000000000000000000000
00000000000000000000000033333003333333333300000000000000000000000000000000000000000000000000000000000000000000000000000000000000
00000000000000000000000033333003333322111110000000000000000000000000000000000000000000000000000000000000000000000000000000000000
00000000000000000000000022222002222222222220000000000000000000000000000000000000000000000000000000000000000000000000000000000000
00000000000000000000000011111001111111111110000000000000000000000000000000000000000000000000000000000000000000000000000000000000
33330000000000000000000011111001111111111110000000000000000000000000000000000000000333000000333300333330033300330030330000333330
33003000000000000000000033311001111111111110000000000000000000000000000000000303003003300000330030330000330030330030330000330030
33003000000000000000000022233003333300111110000000000000000000000000000000003333300003300000330030330000330000330030330000330030
33333000000000000000000022222002222200222220000000000000000000000000000000000303000033000000333330333300330330330030330000333330
33030000000000000000000011111001111100111110000000000000000000000000000000003333300330000000330300330000330030330030330000330030
33003000000000000000000011333003333300333330000000000000000000000000000000000303003300000000330030330000330030330030330000330030
33003000000000000000000033333003333333333330000000000000000000000000000000000000003333300000330030333330033330033300333330330030
00000000000000000333330033333002222333322220000000000000000000000000000000000000000000000000000000000000000000000000000000000000
00000000000000000222220022222002222222222200000000000000000000000000000000000000000000000000000000000000000000000000000000000000
00000000000000000111110011111001111111111000000000000000000000000000000000000000000000000000000000000000000000000000000000000000
00000000000000000333330033333003333333311100000000000000000000000000000000000000000000000000000000000000000000000000000000000000
00000000000000000333330033332001111111111110000000000000000000000000000000000000000000000000000000000000000000000000000000000000
33000333000000000222220022222002221111111110000000000000000000000000000000330000033300033300033300000333000333000333000003330003
00303300300000000111110011111001111100111110000000000000000000000000000003330000330030330030330030003300303300303300300033003033
00303300300000000111110011111001111100333330000000000000000000000000000000330000330030330030330030003300303300303300300033003033
00303300300000000111110011111001111100122230000000000000000000000000000000330000033300033300330030003300303300303300300033003033
00303300300000000111110011111001112200333330000000000000000000000000000000330000300330300330330030003300303300303300300033003033
00303300300000000111111111222002222222222220000000000000000000000000000000330030300330300330330030303300303300303300303033003033
33000333000000000111111111111001111111111110000000000000000000000000000003333030033300033300033300300333000333000333003003330003
00000000000000000111111111111003333333333330000000000000000000000000000000000000000000000000000000000000000000000000000000000000
00000000000000000333333333333003333333333330000000000000000000000000000000000000000000000000000000000000000000000000000000000000
00000000000000000222223333333003333322223330000000000000000000000000000000000000000000000000000000000000000000000000000000000000
00000000000000000022222222220002222222222200000000000000000000000000000000000000000000000000000000000000000000000000000000000000
00000000000000000001111111100001111111111000000000000000000000000000000000000000000000000000000000000000000000000000000000000000
00000000000000000000000000000000000000000000000000000000000000000000000000000000000000000000000000000000000000000000000000000000
00000000000000000000000000000000000000000000000000000000000000000000000000000000000000000000000000000000000000000000000000000000

0x29821c1e
00000000000000000000000000000000000000000000000000000000000000000000000000000000000000000000000000000000000000000000000000000000
00000000000000001111100111111111100000000000000000000000000000000000000000000000000000000000000000000000000000000000000000000000
00000000000000003333300333333333330000000000000000000000000000000000000000000000000000000000000000000000000000000000000000000000
00000000000000003333300333332211111000000000000000000000000000000000000000000000000000000000000000000000000000000000000000000000
00000000000000002222200222222222222000000000000000000000000000000000000000000000000000000000000000000000000000000000000000000000
00000000000000001111100111111111111000000000000000000000000000000000000000000000000000000000000000000000000000000000000000000000
00000000000000001111100111111111111000000000000000000000000000000000000000033300000033330033333003330033003033000033333033330000
00000000000000003331100111111111111000000000000000000000000000000000030300300330000033003033000033003033003033000033003033003000
00000000000000002223300333330011111000000000000000000000000000000000333330000330000033003033000033000033003033000033003033003000
00000000000000002222200222220022222000000000000000000000000000000000030300003300000033333033330033033033003033000033333033333000
00000000000000001111100111110011111000000000000000000000000000000000333330033000000033030033000033003033003033000033003033030000
00000000000000001133300333330033333000000000000000000000000000000000030300330000000033003033000033003033003033000033003033003000
00000000000000003333300333333333333000000000000000000000000000000000000000333330000033003033333003333003330033333033003033003000
00000000033333003333300222233332222000000000000000000000000000000000000000000000000000000000000000000000000000000000000000000000
00000000022222002222200222222222220000000000000000000000000000000000000000000000000000000000000000000000000000000000000000000000
00000000011111001111100111111111100000000000000000000000000000000000000000000000000000000000000000000000000000000000000000000000
00000000033333003333300333333331110000000000000000000000000000000000000000000000000000000000000000000000000000000000000000000000
00000000033333003333200111111111111000000000000000000000000000000000000000000000000000000000000000000000000000000000000000000000
00000000022222002222200222111111111000000000000000000000000000000033000003330003330003330000033300033300033300000333000333000333
30000000011111001111100111110011111000000000000000000000000000000333000033003033003033003000330030330030330030003300303300303300
30000000011111001111100111110033333000000000000000000000000000000033000033003033003033003000330030330030330030003300303300303300
30000000011111001111100111110012223000000000000000000000000000000033000003330003330033003000330030330030330030003300303300303300
30000000011111001111100111220033333000000000000000000000000000000033000030033030033033003000330030330030330030003300303300303300
30000000011111111122200222222222222000000000000000000000000000000033003030033030033033003030330030330030330030303300303300303300
00000000011111111111100111111111111000000000000000000000000000000333303003330003330003330030033300033300033300300333000333000333
00000000011111111111100333333333333000000000000000000000000000000000000000000000000000000000000000000000000000000000000000000000
00000000033333333333300333333333333000000000000000000000000000000000000000000000000000000000000000000000000000000000000000000000
00000000022222333333300333332222333000000000000000000000000000000000000000000000000000000000000000000000000000000000000000000000
00000000002222222222000222222222220000000000000000000000000000000000000000000000000000000000000000000000000000000000000000000000
00000000000111111110000111111111100000000000000000000000000000000000000000000000000000000000000000000000000000000000000000000000
00000000000000000000000000000000000000000000000000000000000000000000000000000000000000000000000000000000000000000000000000000000
00000000000000000000000000000000000000000000000000000000000000000000000000000000000000000000000000000000000000000000000000000000

0x29821c4d
00000000000000000000000000000000000000000000000000000000000000000000000000000000000000000000000000000000000000000000000000000000
00000000111110011111111110000000000000000000000000000000000000000000000000000000000000000000000000000000000000000000000000000000
00000000333330033333333333000000000000000000000000000000000000000000000000000000000000000000000000000000000000000000000000000000
00000000333330033333221111100000000000000000000000000000000000000000000000000000000000000000000000000000000000000000000000000000
00000000222220022222222222200000000000000000000000000000000000000000000000000000000000000000000000000000000000000000000000000000
00000000111110011111111111100000000000000000000000000000000000000000000000000000000000000000000000000000000000000000000000000000
00000000111110011111111111100000000000000000000000000000000000000003330000003333003333300333003300303300003333303333000000000000
00000000333110011111111111100000000000000000000000000000000003030030033000003300303300003300303300303300003300303300300000000000
00000000222330033333001111100000000000000000000000000000000033333000033000003300303300003300003300303300003300303300300000000000
00000000222220022222002222200000000000000000000000000000000003030000330000003333303333003303303300303300003333303333300000000000
00000000111110011111001111100000000000000000000000000000000033333003300000003303003300003300303300303300003300303303000000000000
00000000113330033333003333300000000000000000000000000000000003030033000000003300303300003300303300303300003300303300300000000000
00000000333330033333333333300000000000000000000000000000000000000033333000003300303333300333300333003333303300303300300000000000
03333300333330022223333222200000000000000000000000000000000000000000000000000000000000000000000000000000000000000000000000000000
02222200222220022222222222000000000000000000000000000000000000000000000000000000000000000000000000000000000000000000000000000000
01111100111110011111111110000000000000000000000000000000000000000000000000000000000000000000000000000000000000000000000000000000
03333300333330033333333111000000000000000000000000000000000000000000000000000000000000000000000000000000000000000000000000000000
03333300333320011111111111100000000000000000000000000000000000000000000000000000000000000000000000000000000000000000000000000000
02222200222220022211111111100000000000000000000000000000003300000333000333000333000003330003330003330000033300033300033300000000
01111100111110011111001111100000000000000000000000000000033300003300303300303300300033003033003033003000330030330030330030000000
01111100111110011111003333300000000000000000000000000000003300003300303300303300300033003033003033003000330030330030330030000000
01111100111110011111001222300000000000000000000000000000003300000333000333003300300033003033003033003000330030330030330030000000
01111100111110011122003333300000000000000000000000000000003300003003303003303300300033003033003033003000330030330030330030000000
01111111112220022222222222200000000000000000000000000000003300303003303003303300303033003033003033003030330030330030330030000000
01111111111110011111111111100000000000000000000000000000033330300333000333000333003003330003330003330030033300033300033300000000
01111111111110033333333333300000000000000000000000000000000000000000000000000000000000000000000000000000000000000000000000000000
03333333333330033333333333300000000000000000000000000000000000000000000000000000000000000000000000000000000000000000000000000000
02222233333330033333222233300000000000000000000000000000000000000000000000000000000000000000000000000000000000000000000000000000
00222222222200022222222222000000000000000000000000000000000000000000000000000000000000000000000000000000000000000000000000000000
00011111111000011111111110000000000000000000000000000000000000000000000000000000000000000000000000000000000000000000000000000000
00000000000000000000000000000000000000000000000000000000000000000000000000000000000000000000000000000000000000000000000000000000
00000000000000000000000000000000000000000000000000000000000000000000000000000000000000000000000000000000000000000000000000000000

0x29821cca
00000000000000000000000000000000000000000000000000000000000000000000000000000000000000000000000000000000000000000000000000000000
00000000111110011111111110000000000000000000000000000000000000000000000000000000000000000000000000000000000000000000000000000000
00000000111110011133333333000000000000000000000000000000000000000000000000000000000000000000000000000000000000000000000000000000
00000000111110011111122223300000000000000000000000000000000000000000000000000000000000000000000000000000000000000000000000000000
00000000112220022222222222200000000000000000000000000000000000000000000000000000000000000000000000000000000000000000000000000000
00000000111110011111111111100000000000000000000000000000000000000000000000000000000000000000000000000000000000000000000000000000
00000000111110011111111111100000000000000000000000000000000000000003330000003333003333300333003300303300003333303333000000000000
00000000333330033333333333300000000000000000000000000000000003030030033000003300303300003300303300303300003300303300300000000000
00000000333330022222002222200000000000000000000000000000000033333000033000003300303300003300003300303300003300303300300000000000
00000000222220022222002222200000000000000000000000000000000003030000330000003333303333003303303300303300003333303333300000000000
00000000111110011111001111100000000000000000000000000000000033333003300000003303003300003300303300303300003300303303000000000000
00000000111110011111001111100000000000000000000000000000000003030033000000003300303300003300303300303300003300303300300000000000
00000000113330033333333333300000000000000000000000000000000000000033333000003300303333300333300333003333303300303300300000000000
01111100111110022222222333300000000000000000000000000000000000000000000000000000000000000000000000000000000000000000000000000000
01111200222220022222222222000000000000000000000000000000000000000000000000000000000000000000000000000000000000000000000000000000
01111100111110011111111110000000000000000000000000000000000000000000000000000000000000000000000000000000000000000000000000000000
03333300333330033333333333000000000000000000000000000000000000000000000000000000000000000000000000000000000000000000000000000000
03333300333330033333333333300000000000000000000000000000000000000000000000000000000000000000000000000000000000000000000000000000
03333300222220022222222222200000000000000000000000000000003300000333000333000333000003330003330003330000033300033300033300000000
02222200222220022221001111100000000000000000000000000000033300003300303300303300300033003033003033003000330030330030330030000000
01111100111110011111001111100000000000000000000000000000003300003300303300303300300033003033003033003000330030330030330030000000
03333300311110011111001111100000000000000000000000000000003300000333000333003300300033003033003033003000330030330030330030000000
02222200111110011111001111100000000000000000000000000000003300003003303003303300300033003033003033003000330030330030330030000000
02222222222220011111111111100000000000000000000000000000003300303003303003303300303033003033003033003030330030330030330030000000
01111111111110011111111111100000000000000000000000000000033330300333000333000333003003330003330003330030033300033300033300000000
01111111111110011111111111100000000000000000000000000000000000000000000000000000000000000000000000000000000000000000000000000000
01111111111110011111111333300000000000000000000000000000000000000000000000000000000000000000000000000000000000000000000000000000
03331111111110011111111111100000000000000000000000000000000000000000000000000000000000000000000000000000000000000000000000000000
00111111111100011122222222000000000000000000000000000000000000000000000000000000000000000000000000000000000000000000000000000000
00011111111000011111111110000000000000000000000000000000000000000000000000000000000000000000000000000000000000000000000000000000
00000000000000000000000000000000000000000000000000000000000000000000000000000000000000000000000000000000000000000000000000000000
00000000000000000000000000000000000000000000000000000000000000000000000000000000000000000000000000000000000000000000000000000000

0x29821d28
00000000000000000000000000000000000000000000000000000000000000000000000000000000000000000000000000000000000000000000000000000000
00000000111110011111111110000000000000000000000000000000000000000000000000000000000000000000000000000000000000000000000000000000
00000000333330033333333333000000000000000000000000000000000000000000000000000000000000000000000000000000000000000000000000000000
00000000333330033333333332200000000000000000000000000000000000000000000000000000000000000000000000000000000000000000000000000000
00000000222220022222222222200000000000000000000000000000000000000000000000000000000000000000000000000000000000000000000000000000
00000000111110011111111111100000000000000000000000000000000000000000000000000000000000000000000000000000000000000000000000000000
00000000111110013333333333300000000000000000000000000000000000000003330000003333003333300333003300303300003333303333000000000000
00000000333330033333333333300000000000000000000000000000000003030030033000003300303300003300303300303300003300303300300000000000
00000000333330033333003333300000000000000000000000000000000033333000033000003300303300003300003300303300003300303300300000000000
00000000222220022222002222200000000000000000000000000000000003030000330000003333303333003303303300303300003333303333300000000000
00000000111110011111001111100000000000000000000000000000000033333003300000003303003300003300303300303300003300303303000000000000
00000000111110011111001111100000000000000000000000000000000003030033000000003300303300003300303300303300003300303300300000000000
00000000111110011111111111100000000000000000000000000000000000000033333000003300303333300333300333003333303300303300300000000000
01111100111110011111111111100000000000000000000000000000000000000000000000000000000000000000000000000000000000000000000000000000
01111100111110011111111111000000000000000000000000000000000000000000000000000000000000000000000000000000000000000000000000000000
01111100111110011111111110000000000000000000000000000000000000000000000000000000000000000000000000000000000000000000000000000000
03333300333330033333333333000000000000000000000000000000000000000000000000000000000000000000000000000000000000000000000000000000
03333300333330033333333333300000000000000000000000000000000000000000000000000000000000000000000000000000000000000000000000000000
01111100222220033333333333300000000000000000000000000000003300000333000333000333000003330003330003330000033300033300033300000000
01222200222220022222002222200000000000000000000000000000033300003300303300303300300033003033003033003000330030330030330030000000
01111100111110011111001111100000000000000000000000000000003300003300303300303300300033003033003033003000330030330030330030000000
03333300333330033333003333300000000000000000000000000000003300000333000333003300300033003033003033003000330030330030330030000000
03222200222220022222002222100000000000000000000000000000003300003003303003303300300033003033003033003000330030330030330030000000
02222222222220022222222222200000000000000000000000000000003300303003303003303300303033003033003033003030330030330030330030000000
01111111111110011111111111100000000000000000000000000000033330300333000333000333003003330003330003330030033300033300033300000000
01111111111110011111111111100000000000000000000000000000000000000000000000000000000000000000000000000000000000000000000000000000
01111111111110011111111111100000000000000000000000000000000000000000000000000000000000000000000000000000000000000000000000000000
03333333333330033333333333300000000000000000000000000000000000000000000000000000000000000000000000000000000000000000000000000000
00333333333300033332222211000000000000000000000000000000000000000000000000000000000000000000000000000000000000000000000000000000
00022222222000022222222220000000000000000000000000000000000000000000000000000000000000000000000000000000000000000000000000000000
00000000000000000000000000000000000000000000000000000000000000000000000000000000000000000000000000000000000000000000000000000000
00000000000000000000000000000000000000000000000000000000000000000000000000000000000000000000000000000000000000000000000000000000

0x29821df3
00000000000000000000000000000000000000000000000000000000000000000000000000000000000000000000000000000000000000000000000000000000
00000000111110011111111110000000000000000000000000000000000000000000000000000000000000000000000000000000000000000000000000000000
00000000333330033333333333000000000000000000000000000000000000000000000000000000000000000000000000000000000000000000000000000000
00000000333330033333333333300000000000000000000000000000000000000000000000000000000000000000000000000000000000000000000000000000
00000000333220022222222222200000000000000000000000000000000000000000000000000000000000000000000000000000000000000000000000000000
00000000222220022222222211100000000000000000000000000000000000000000000000000000000000000000000000000000000000000000000000000000
00000000111110011111111111100000000000000000000000000000000000000003330000003333003333300333003300303300003333303333000000000000
00000000111110011111111113300000000000000000000000000000000003030030033000003300303300003300303300303300003300303300300000000000
00000000111110011111003332200000000000000000000000000000000033333000033000003300303300003300003300303300003300303300300000000000
00000000111110011222002222200000000000000000000000000000000003030000330000003333303333003303303300303300003333303333300000000000
00000000111110011111001111100000000000000000000000000000000033333003300000003303003300003300303300303300003300303303000000000000
00000000111110011111001111100000000000000000000000000000000003030033000000003300303300003300303300303300003300303300300000000000
00000000111110011111111111100000000000000000000000000000000000000033333000003300303333300333300333003333303300303300300000000000
02222200222220022111111111100000000000000000000000000000000000000000000000000000000000000000000000000000000000000000000000000000
02222200222220022222111111000000000000000000000000000000000000000000000000000000000000000000000000000000000000000000000000000000
01111100111110011111111110000000000000000000000000000000000000000000000000000000000000000000000000000000000000000000000000000000
01111100111110033333333333000000000000000000000000000000000000000000000000000000000000000000000000000000000000000000000000000000
01111100111110012222222233300000000000000000000000000000000000000000000000000000000000000000000000000000000000000000000000000000
01111100111110011111111111100000000000000000000000000000003300000333000333000333000003330003330003330000033300033300033300000000
01111100111110011111001112200000000000000000000000000000033300003300303300303300300033003033003033003000330030330030330030000000
03333300333310011111001111100000000000000000000000000000003300003300303300303300300033003033003033003000330030330030330030000000
03333300333330033333003333300000000000000000000000000000003300000333000333003300300033003033003033003000330030330030330030000000
03333300333330033333002222200000000000000000000000000000003300003003303003303300300033003033003033003000330030330030330030000000
02222222222220022222222222200000000000000000000000000000003300303003303003303300303033003033003033003030330030330030330030000000
01111111111110011111111111100000000000000000000000000000033330300333000333000333003003330003330003330030033300033300033300000000
01111111111110011111111111100000000000000000000000000000000000000000000000000000000000000000000000000000000000000000000000000000
01111111111110011111111111100000000000000000000000000000000000000000000000000000000000000000000000000000000000000000000000000000
02221111111110033333333333300000000000000000000000000000000000000000000000000000000000000000000000000000000000000000000000000000
00222221111100011111111112000000000000000000000000000000000000000000000000000000000000000000000000000000000000000000000000000000
00011111111000011111112220000000000000000000000000000000000000000000000000000000000000000000000000000000000000000000000000000000
00000000000000000000000000000000000000000000000000000000000000000000000000000000000000000000000000000000000000000000000000000000
00000000000000000000000000000000000000000000000000000000000000000000000000000000000000000000000000000000000000000000000000000000

0x29821ebe
00000000000000000000000000000000000000000000000000000000000000000000000000000000000000000000000000000000000000000000000000000000
00000000111110011111111110000000000000000000000000000000000000000000000000000000000000000000000000000000000000000000000000000000
00000000111130033333333333000000000000000000000000000000000000000000000000000000000000000000000000000000000000000000000000000000
00000000111110011111222223300000000000000000000000000000000000000000000000000000000000000000000000000000000000000000000000000000
00000000111110011111111112200000000000000000000000000000000000000000000000000000000000000000000000000000000000000000000000000000
00000000111110011111112222200000000000000000000000000000000000000000000000000000000000000000000000000000000000000000000000000000
00000000111110011111111111100000000000000000000000000000000000000003330000003333003333300333003300303300003333303333000000000000
00000000111110011111111111100000000000000000000000000000000003030030033000003300303300003300303300303300003300303300300000000000
00000000111110011111001111100000000000000000000000000000000033333000033000003300303300003300003300303300003300303300300000000000
00000000111110011111001111100000000000000000000000000000000003030000330000003333303333003303303300303300003333303333300000000000
00000000111110011111001111100000000000000000000000000000000033333003300000003303003300003300303300303300003300303303000000000000
00000000333330033333003333300000000000000000000000000000000003030033000000003300303300003300303300303300003300303300300000000000
00000000333330033333332221100000000000000000000000000000000000000033333000003300303333300333300333003333303300303300300000000000
03222200222220022222222222200000000000000000000000000000000000000000000000000000000000000000000000000000000000000000000000000000
02222200222220022222222222000000000000000000000000000000000000000000000000000000000000000000000000000000000000000000000000000000
01111100111110011111111110000000000000000000000000000000000000000000000000000000000000000000000000000000000000000000000000000000
01111100111110011111111111000000000000000000000000000000000000000000000000000000000000000000000000000000000000000000000000000000
01111100111110011111111111100000000000000000000000000000000000000000000000000000000000000000000000000000000000000000000000000000
01111100111110011111111111100000000000000000000000000000003300000333000333000333000003330003330003330000033300033300033300000000
01111100111110011111001111100000000000000000000000000000033300003300303300303300300033003033003033003000330030330030330030000000
03333300333330033333003333300000000000000000000000000000003300003300303300303300300033003033003033003000330030330030330030000000
01122200333330033333003333300000000000000000000000000000003300000333000333003300300033003033003033003000330030330030330030000000
03333300333330033333003333300000000000000000000000000000003300003003303003303300300033003033003033003000330030330030330030000000
02222222222220022222222222200000000000000000000000000000003300303003303003303300303033003033003033003030330030330030330030000000
01111111111110011111111111100000000000000000000000000000033330300333000333000333003003330003330003330030033300033300033300000000
03333333333330033333333331100000000000000000000000000000000000000000000000000000000000000000000000000000000000000000000000000000
03333333333330033322211111100000000000000000000000000000000000000000000000000000000000000000000000000000000000000000000000000000
02222222222220022222222222200000000000000000000000000000000000000000000000000000000000000000000000000000000000000000000000000000
00222222222200022222222222000000000000000000000000000000000000000000000000000000000000000000000000000000000000000000000000000000
00011111111000011111111110000000000000000000000000000000000000000000000000000000000000000000000000000000000000000000000000000000
00000000000000000000000000000000000000000000000000000000000000000000000000000000000000000000000000000000000000000000000000000000
00000000000000000000000000000000000000000000000000000000000000000000000000000000000000000000000000000000000000000000000000000000

0x29821f99
00000000000000000000000000000000000000000000000000000000000000000000000000000000000000000000000000000000000000000000000000000000
00000000111110011111111110000000000000000000000000000000000000000000000000000000000000000000000000000000000000000000000000000000
00000000333330033333333333000000000000000000000000000000000000000000000000000000000000000000000000000000000000000000000000000000
00000000333330033333221111100000000000000000000000000000000000000000000000000000000000000000000000000000000000000000000000000000
00000000222220022222222222200000000000000000000000000000000000000000000000000000000000000000000000000000000000000000000000000000
00000000111110011111111111100000000000000000000000000000000000000000000000000000000000000000000000000000000000000000000000000000
00000000111110011111111111100000000000000000000000000000000000000003330000003333003333300333003300303300003333303333000000000000
00000000333110011111111111100000000000000000000000000000000003030030033000003300303300003300303300303300003300303300300000000000
00000000222330033333001111100000000000000000000000000000000033333000033000003300303300003300003300303300003300303300300000000000
00000000222220022222002222200000000000000000000000000000000003030000330000003333303333003303303300303300003333303333300000000000
00000000111110011111001111100000000000000000000000000000000033333003300000003303003300003300303300303300003300303303000000000000
00000000113330033333003333300000000000000000000000000000000003030033000000003300303300003300303300303300003300303300300000000000
00000000333330033333333333300000000000000000000000000000000000000033333000003300303333300333300333003333303300303300300000000000
03333300333330022223333222200000000000000000000000000000000000000000000000000000000000000000000000000000000000000000000000000000
02222200222220022222222222000000000000000000000000000000000000000000000000000000000000000000000000000000000000000000000000000000
01111100111110011111111110000000000000000000000000000000000000000000000000000000000000000000000000000000000000000000000000000000
03333300333330033333333111000000000000000000000000000000000000000000000000000000000000000000000000000000000000000000000000000000
03333300333320011111111111100000000000000000000000000000000000000000000000000000000000000000000000000000000000000000000000000000
02222200222220022211111111100000000000000000000000000000003300000333000333000333000003330003330003330000033300033300033300000000
01111100111110011111001111100000000000000000000000000000033300003300303300303300300033003033003033003000330030330030330030000000
01111100111110011111003333300000000000000000000000000000003300003300303300303300300033003033003033003000330030330030330030000000
01111100111110011111001222300000000000000000000000000000003300000333000333003300300033003033003033003000330030330030330030000000
01111100111110011122003333300000000000000000000000000000003300003003303003303300300033003033003033003000330030330030330030000000
01111111112220022222222222200000000000000000000000000000003300303003303003303300303033003033003033003030330030330030330030000000
01111111111110011111111111100000000000000000000000000000033330300333000333000333003003330003330003330030033300033300033300000000
01111111111110033333333333300000000000000000000000000000000000000000000000000000000000000000000000000000000000000000000000000000
03333333333330033333333333300000000000000000000000000000000000000000000000000000000000000000000000000000000000000000000000000000
02222233333330033333222233300000000000000000000000000000000000000000000000000000000000000000000000000000000000000000000000000000
00222222222200022222222222000000000000000000000000000000000000000000000000000000000000000000000000000000000000000000000000000000
00011111111000011111111110000000000000000000000000000000000000000000000000000000000000000000000000000000000000000000000000000000
00000000000000000000000000000000000000000000000000000000000000000000000000000000000000000000000000000000000000000000000000000000
00000000000000000000000000000000000000000000000000000000000000000000000000000000000000000000000000000000000000000000000000000000

0x29822064
00000000000000000000000000000000000000000000000000000000000000000000000000000000000000000000000000000000000000000000000000000000
00000000111110011111111110000000000000000000000000000000000000000000000000000000000000000000000000000000000000000000000000000000
00000000111110011133333333000000000000000000000000000000000000000000000000000000000000000000000000000000000000000000000000000000
00000000111110011111122223300000000000000000000000000000000000000000000000000000000000000000000000000000000000000000000000000000
00000000112220022222222222200000000000000000000000000000000000000000000000000000000000000000000000000000000000000000000000000000
00000000111110011111111111100000000000000000000000000000000000000000000000000000000000000000000000000000000000000000000000000000
00000000111110011111111111100000000000000000000000000000000000000003330000003333003333300333003300303300003333303333000000000000
00000000333330033333333333300000000000000000000000000000000003030030033000003300303300003300303300303300003300303300300000000000
00000000333330022222002222200000000000000000000000000000000033333000033000003300303300003300003300303300003300303300300000000000
00000000222220022222002222200000000000000000000000000000000003030000330000003333303333003303303300303300003333303333300000000000
00000000111110011111001111100000000000000000000000000000000033333003300000003303003300003300303300303300003300303303000000000000
00000000111110011111001111100000000000000000000000000000000003030033000000003300303300003300303300303300003300303300300000000000
00000000113330033333333333300000000000000000000000000000000000000033333000003300303333300333300333003333303300303300300000000000
01111100111110022222222333300000000000000000000000000000000000000000000000000000000000000000000000000000000000000000000000000000
01111200222220022222222222000000000000000000000000000000000000000000000000000000000000000000000000000000000000000000000000000000
01111100111110011111111110000000000000000000000000000000000000000000000000000000000000000000000000000000000000000000000000000000
03333300333330033333333333000000000000000000000000000000000000000000000000000000000000000000000000000000000000000000000000000000
03333300333330033333333333300000000000000000000000000000000000000000000000000000000000000000000000000000000000000000000000000000
03333300222220022222222222200000000000000000000000000000003300000333000333000333000003330003330003330000033300033300033300000000
02222200222220022221001111100000000000000000000000000000033300003300303300303300300033003033003033003000330030330030330030000000
01111100111110011111001111100000000000000000000000000000003300003300303300303300300033003033003033003000330030330030330030000000
03333300311110011111001111100000000000000000000000000000003300000333000333003300300033003033003033003000330030330030330030000000
02222200111110011111001111100000000000000000000000000000003300003003303003303300300033003033003033003000330030330030330030000000
02222222222220011111111111100000000000000000000000000000003300303003303003303300303033003033003033003030330030330030330030000000
01111111111110011111111111100000000000000000000000000000033330300333000333000333003003330003330003330030033300033300033300000000
01111111111110011111111111100000000000000000000000000000000000000000000000000000000000000000000000000000000000000000000000000000
01111111111110011111111333300000000000000000000000000000000000000000000000000000000000000000000000000000000000000000000000000000
03331111111110011111111111100000000000000000000000000000000000000000000000000000000000000000000000000000000000000000000000000000
00111111111100011122222222000000000000000000000000000000000000000000000000000000000000000000000000000000000000000000000000000000
00011111111000011111111110000000000000000000000000000000000000000000000000000000000000000000000000000000000000000000000000000000
00000000000000000000000000000000000000000000000000000000000000000000000000000000000000000000000000000000000000000000000000000000
00000000000000000000000000000000000000000000000000000000000000000000000000000000000000000000000000000000000000000000000000000000

0x2982212f
00000000000000000000000000000000000000000000000000000000000000000000000000000000000000000000000000000000000000000000000000000000
00000000111110011111111110000000000000000000000000000000000000000000000000000000000000000000000000000000000000000000000000000000
00000000333330033333333333000000000000000000000000000000000000000000000000000000000000000000000000000000000000000000000000000000
00000000333330033333333332200000000000000000000000000000000000000000000000000000000000000000000000000000000000000000000000000000
00000000222220022222222222200000000000000000000000000000000000000000000000000000000000000000000000000000000000000000000000000000
00000000111110011111111111100000000000000000000000000000000000000000000000000000000000000000000000000000000000000000000000000000
00000000111110013333333333300000000000000000000000000000000000000003330000003333003333300333003300303300003333303333000000000000
00000000333330033333333333300000000000000000000000000000000003030030033000003300303300003300303300303300003300303300300000000000
00000000333330033333003333300000000000000000000000000000000033333000033000003300303300003300003300303300003300303300300000000000
00000000222220022222002222200000000000000000000000000000000003030000330000003333303333003303303300303300003333303333300000000000
00000000111110011111001111100000000000000000000000000000000033333003300000003303003300003300303300303300003300303303000000000000
00000000111110011111001111100000000000000000000000000000000003030033000000003300303300003300303300303300003300303300300000000000
00000000111110011111111111100000000000000000000000000000000000000033333000003300303333300333300333003333303300303300300000000000
01111100111110011111111111100000000000000000000000000000000000000000000000000000000000000000000000000000000000000000000000000000
01111100111110011111111111000000000000000000000000000000000000000000000000000000000000000000000000000000000000000000000000000000
01111100111110011111111110000000000000000000000000000000000000000000000000000000000000000000000000000000000000000000000000000000
03333300333330033333333333000000000000000000000000000000000000000000000000000000000000000000000000000000000000000000000000000000
03333300333330033333333333300000000000000000000000000000000000000000000000000000000000000000000000000000000000000000000000000000
01111100222220033333333333300000000000000000000000000000003300000333000333000333000003330003330003330000033300033300033300000000
01222200222220022222002222200000000000000000000000000000033300003300303300303300300033003033003033003000330030330030330030000000
01111100111110011111001111100000000000000000000000000000003300003300303300303300300033003033003033003000330030330030330030000000
03333300333330033333003333300000000000000000000000000000003300000333000333003300300033003033003033003000330030330030330030000000
03222200222220022222002222100000000000000000000000000000003300003003303003303300300033003033003033003000330030330030330030000000
02222222222220022222222222200000000000000000000000000000003300303003303003303300303033003033003033003030330030330030330030000000
01111111111110011111111111100000000000000000000000000000033330300333000333000333003003330003330003330030033300033300033300000000
01111111111110011111111111100000000000000000000000000000000000000000000000000000000000000000000000000000000000000000000000000000
01111111111110011111111111100000000000000000000000000000000000000000000000000000000000000000000000000000000000000000000000000000
03333333333330033333333333300000000000000000000000000000000000000000000000000000000000000000000000000000000000000000000000000000
00333333333300033332222211000000000000000000000000000000000000000000000000000000000000000000000000000000000000000000000000000000
00022222222000022222222220000000000000000000000000000000000000000000000000000000000000000000000000000000000000000000000000000000
00000000000000000000000000000000000000000000000000000000000000000000000000000000000000000000000000000000000000000000000000000000
00000000000000000000000000000000000000000000000000000000000000000000000000000000000000000000000000000000000000000000000000000000

0x2982220a
00000000000000000000000000000000000000000000000000000000000000000000000000000000000000000000000000000000000000000000000000000000
00000000111110011111111110000000000000000000000000000000000000000000000000000000000000000000000000000000000000000000000000000000
00000000333330033333333333000000000000000000000000000000000000000000000000000000000000000000000000000000000000000000000000000000
00000000333330033333333333300000000000000000000000000000000000000000000000000000000000000000000000000000000000000000000000000000
00000000333220022222222222200000000000000000000000000000000000000000000000000000000000000000000000000000000000000000000000000000
00000000222220022222222211100000000000000000000000000000000000000000000000000000000000000000000000000000000000000000000000000000
00000000111110011111111111100000000000000000000000000000000000000003330000003333003333300333003300303300003333303333000000000000
00000000111110011111111113300000000000000000000000000000000003030030033000003300303300003300303300303300003300303300300000000000
00000000111110011111003332200000000000000000000000000000000033333000033000003300303300003300003300303300003300303300300000000000
00000000111110011222002222200000000000000000000000000000000003030000330000003333303333003303303300303300003333303333300000000000
00000000111110011111001111100000000000000000000000000000000033333003300000003303003300003300303300303300003300303303000000000000
00000000111110011111001111100000000000000000000000000000000003030033000000003300303300003300303300303300003300303300300000000000
00000000111110011111111111100000000000000000000000000000000000000033333000003300303333300333300333003333303300303300300000000000
02222200222220022111111111100000000000000000000000000000000000000000000000000000000000000000000000000000000000000000000000000000
02222200222220022222111111000000000000000000000000000000000000000000000000000000000000000000000000000000000000000000000000000000
01111100111110011111111110000000000000000000000000000000000000000000000000000000000000000000000000000000000000000000000000000000
01111100111110033333333333000000000000000000000000000000000000000000000000000000000000000000000000000000000000000000000000000000
01111100111110012222222233300000000000000000000000000000000000000000000000000000000000000000000000000000000000000000000000000000
01111100111110011111111111100000000000000000000000000000003300000333000333000333000003330003330003330000033300033300033300000000
01111100111110011111001112200000000000000000000000000000033300003300303300303300300033003033003033003000330030330030330030000000
03333300333310011111001111100000000000000000000000000000003300003300303300303300300033003033003033003000330030330030330030000000
03333300333330033333003333300000000000000000000000000000003300000333000333003300300033003033003033003000330030330030330030000000
03333300333330033333002222200000000000000000000000000000003300003003303003303300300033003033003033003000330030330030330030000000
02222222222220022222222222200000000000000000000000000000003300303003303003303300303033003033003033003030330030330030330030000000
01111111111110011111111111100000000000000000000000000000033330300333000333000333003003330003330003330030033300033300033300000000
01111111111110011111111111100000000000000000000000000000000000000000000000000000000000000000000000000000000000000000000000000000
01111111111110011111111111100000000000000000000000000000000000000000000000000000000000000000000000000000000000000000000000000000
02221111111110033333333333300000000000000000000000000000000000000000000000000000000000000000000000000000000000000000000000000000
00222221111100011111111112000000000000000000000000000000000000000000000000000000000000000000000000000000000000000000000000000000
00011111111000011111112220000000000000000000000000000000000000000000000000000000000000000000000000000000000000000000000000000000
00000000000000000000000000000000000000000000000000000000000000000000000000000000000000000000000000000000000000000000000000000000
00000000000000000000000000000000000000000000000000000000000000000000000000000000000000000000000000000000000000000000000000000000

0x298222d5
00000000000000000000000000000000000000000000000000000000000000000000000000000000000000000000000000000000000000000000000000000000
00000000111110011111111110000000000000000000000000000000000000000000000000000000000000000000000000000000000000000000000000000000
00000000111130033333333333000000000000000000000000000000000000000000000000000000000000000000000000000000000000000000000000000000
00000000111110011111222223300000000000000000000000000000000000000000000000000000000000000000000000000000000000000000000000000000
00000000111110011111111112200000000000000000000000000000000000000000000000000000000000000000000000000000000000000000000000000000
00000000111110011111112222200000000000000000000000000000000000000000000000000000000000000000000000000000000000000000000000000000
00000000111110011111111111100000000000000000000000000000000000000003330000003333003333300333003300303300003333303333000000000000
00000000111110011111111111100000000000000000000000000000000003030030033000003300303300003300303300303300003300303300300000000000
00000000111110011111001111100000000000000000000000000000000033333000033000003300303300003300003300303300003300303300300000000000
00000000111110011111001111100000000000000000000000000000000003030000330000003333303333003303303300303300003333303333300000000000
00000000111110011111001111100000000000000000000000000000000033333003300000003303003300003300303300303300003300303303000000000000
00000000333330033333003333300000000000000000000000000000000003030033000000003300303300003300303300303300003300303300300000000000
00000000333330033333332221100000000000000000000000000000000000000033333000003300303333300333300333003333303300303300300000000000
03222200222220022222222222200000000000000000000000000000000000000000000000000000000000000000000000000000000000000000000000000000
02222200222220022222222222000000000000000000000000000000000000000000000000000000000000000000000000000000000000000000000000000000
01111100111110011111111110000000000000000000000000000000000000000000000000000000000000000000000000000000000000000000000000000000
01111100111110011111111111000000000000000000000000000000000000000000000000000000000000000000000000000000000000000000000000000000
01111100111110011111111111100000000000000000000000000000000000000000000000000000000000000000000000000000000000000000000000000000
01111100111110011111111111100000000000000000000000000000003300000333000333000333000003330003330003330000033300033300033300000000
01111100111110011111001111100000000000000000000000000000033300003300303300303300300033003033003033003000330030330030330030000000
03333300333330033333003333300000000000000000000000000000003300003300303300303300300033003033003033003000330030330030330030000000
01122200333330033333003333300000000000000000000000000000003300000333000333003300300033003033003033003000330030330030330030000000
03333300333330033333003333300000000000000000000000000000003300003003303003303300300033003033003033003000330030330030330030000000
02222222222220022222222222200000000000000000000000000000003300303003303003303300303033003033003033003030330030330030330030000000
01111111111110011111111111100000000000000000000000000000033330300333000333000333003003330003330003330030033300033300033300000000
03333333333330033333333331100000000000000000000000000000000000000000000000000000000000000000000000000000000000000000000000000000
03333333333330033322211111100000000000000000000000000000000000000000000000000000000000000000000000000000000000000000000000000000
02222222222220022222222222200000000000000000000000000000000000000000000000000000000000000000000000000000000000000000000000000000
00222222222200022222222222000000000000000000000000000000000000000000000000000000000000000000000000000000000000000000000000000000
00011111111000011111111110000000000000000000000000000000000000000000000000000000000000000000000000000000000000000000000000000000
00000000000000000000000000000000000000000000000000000000000000000000000000000000000000000000000000000000000000000000000000000000
00000000000000000000000000000000000000000000000000000000000000000000000000000000000000000000000000000000000000000000000000000000

0x29822390
00000000000000000000000000000000000000000000000000000000000000000000000000000000000000000000000000000000000000000000000000000000
00000000111110011111111110000000000000000000000000000000000000000000000000000000000000000000000000000000000000000000000000000000
00000000333330033333333333000000000000000000000000000000000000000000000000000000000000000000000000000000000000000000000000000000
00000000333330033333221111100000000000000000000000000000000000000000000000000000000000000000000000000000000000000000000000000000
00000000222220022222222222200000000000000000000000000000000000000000000000000000000000000000000000000000000000000000000000000000
00000000111110011111111111100000000000000000000000000000000000000000000000000000000000000000000000000000000000000000000000000000
00000000111110011111111111100000000000000000000000000000000000000003330000003333003333300333003300303300003333303333000000000000
00000000333110011111111111100000000000000000000000000000000003030030033000003300303300003300303300303300003300303300300000000000
00000000222330033333001111100000000000000000000000000000000033333000033000003300303300003300003300303300003300303300300000000000
00000000222220022222002222200000000000000000000000000000000003030000330000003333303333003303303300303300003333303333300000000000
00000000111110011111001111100000000000000000000000000000000033333003300000003303003300003300303300303300003300303303000000000000
00000000113330033333003333300000000000000000000000000000000003030033000000003300303300003300303300303300003300303300300000000000
00000000333330033333333333300000000000000000000000000000000000000033333000003300303333300333300333003333303300303300300000000000
03333300333330022223333222200000000000000000000000000000000000000000000000000000000000000000000000000000000000000000000000000000
02222200222220022222222222000000000000000000000000000000000000000000000000000000000000000000000000000000000000000000000000000000
01111100111110011111111110000000000000000000000000000000000000000000000000000000000000000000000000000000000000000000000000000000
03333300333330033333333111000000000000000000000000000000000000000000000000000000000000000000000000000000000000000000000000000000
03333300333320011111111111100000000000000000000000000000000000000000000000000000000000000000000000000000000000000000000000000000
02222200222220022211111111100000000000000000000000000000003300000333000333000333000003330003330003330000033300033300033300000000
01111100111110011111001111100000000000000000000000000000033300003300303300303300300033003033003033003000330030330030330030000000
01111100111110011111003333300000000000000000000000000000003300003300303300303300300033003033003033003000330030330030330030000000
01111100111110011111001222300000000000000000000000000000003300000333000333003300300033003033003033003000330030330030330030000000
01111100111110011122003333300000000000000000000000000000003300003003303003303300300033003033003033003000330030330030330030000000
01111111112220022222222222200000000000000000000000000000003300303003303003303300303033003033003033003030330030330030330030000000
01111111111110011111111111100000000000000000000000000000033330300333000333000333003003330003330003330030033300033300033300000000
01111111111110033333333333300000000000000000000000000000000000000000000000000000000000000000000000000000000000000000000000000000
03333333333330033333333333300000000000000000000000000000000000000000000000000000000000000000000000000000000000000000000000000000
02222233333330033333222233300000000000000000000000000000000000000000000000000000000000000000000000000000000000000000000000000000
00222222222200022222222222000000000000000000000000000000000000000000000000000000000000000000000000000000000000000000000000000000
00011111111000011111111110000000000000000000000000000000000000000000000000000000000000000000000000000000000000000000000000000000
00000000000000000000000000000000000000000000000000000000000000000000000000000000000000000000000000000000000000000000000000000000
00000000000000000000000000000000000000000000000000000000000000000000000000000000000000000000000000000000000000000000000000000000

0x2982246b
00000000000000000000000000000000000000000000000000000000000000000000000000000000000000000000000000000000000000000000000000000000
00000000111110011111111110000000000000000000000000000000000000000000000000000000000000000000000000000000000000000000000000000000
00000000111110011133333333000000000000000000000000000000000000000000000000000000000000000000000000000000000000000000000000000000
00000000111110011111122223300000000000000000000000000000000000000000000000000000000000000000000000000000000000000000000000000000
00000000112220022222222222200000000000000000000000000000000000000000000000000000000000000000000000000000000000000000000000000000
00000000111110011111111111100000000000000000000000000000000000000000000000000000000000000000000000000000000000000000000000000000
00000000111110011111111111100000000000000000000000000000000000000003330000003333003333300333003300303300003333303333000000000000
00000000333330033333333333300000000000000000000000000000000003030030033000003300303300003300303300303300003300303300300000000000
00000000333330022222002222200000000000000000000000000000000033333000033000003300303300003300003300303300003300303300300000000000
00000000222220022222002222200000000000000000000000000000000003030000330000003333303333003303303300303300003333303333300000000000
00000000111110011111001111100000000000000000000000000000000033333003300000003303003300003300303300303300003300303303000000000000
00000000111110011111001111100000000000000000000000000000000003030033000000003300303300003300303300303300003300303300300000000000
00000000113330033333333333300000000000000000000000000000000000000033333000003300303333300333300333003333303300303300300000000000
01111100111110022222222333300000000000000000000000000000000000000000000000000000000000000000000000000000000000000000000000000000
01111200222220022222222222000000000000000000000000000000000000000000000000000000000000000000000000000000000000000000000000000000
01111100111110011111111110000000000000000000000000000000000000000000000000000000000000000000000000000000000000000000000000000000
03333300333330033333333333000000000000000000000000000000000000000000000000000000000000000000000000000000000000000000000000000000
03333300333330033333333333300000000000000000000000000000000000000000000000000000000000000000000000000000000000000000000000000000
03333300222220022222222222200000000000000000000000000000003300000333000333000333000003330003330003330000033300033300033300000000
02222200222220022221001111100000000000000000000000000000033300003300303300303300300033003033003033003000330030330030330030000000
01111100111110011111001111100000000000000000000000000000003300003300303300303300300033003033003033003000330030330030330030000000
03333300311110011111001111100000000000000000000000000000003300000333000333003300300033003033003033003000330030330030330030000000
02222200111110011111001111100000000000000000000000000000003300003003303003303300300033003033003033003000330030330030330030000000
02222222222220011111111111100000000000000000000000000000003300303003303003303300303033003033003033003030330030330030330030000000
01111111111110011111111111100000000000000000000000000000033330300333000333000333003003330003330003330030033300033300033300000000
01111111111110011111111111100000000000000000000000000000000000000000000000000000000000000000000000000000000000000000000000000000
01111111111110011111111333300000000000000000000000000000000000000000000000000000000000000000000000000000000000000000000000000000
03331111111110011111111111100000000000000000000000000000000000000000000000000000000000000000000000000000000000000000000000000000
00111111111100011122222222000000000000000000000000000000000000000000000000000000000000000000000000000000000000000000000000000000
00011111111000011111111110000000000000000000000000000000000000000000000000000000000000000000000000000000000000000000000000000000
00000000000000000000000000000000000000000000000000000000000000000000000000000000000000000000000000000000000000000000000000000000
00000000000000000000000000000000000000000000000000000000000000000000000000000000000000000000000000000000000000000000000000000000

0x29822536
00000000000000000000000000000000000000000000000000000000000000000000000000000000000000000000000000000000000000000000000000000000
00000000111110011111111110000000000000000000000000000000000000000000000000000000000000000000000000000000000000000000000000000000
00000000333330033333333333000000000000000000000000000000000000000000000000000000000000000000000000000000000000000000000000000000
00000000333330033333333332200000000000000000000000000000000000000000000000000000000000000000000000000000000000000000000000000000
00000000222220022222222222200000000000000000000000000000000000000000000000000000000000000000000000000000000000000000000000000000
00000000111110011111111111100000000000000000000000000000000000000000000000000000000000000000000000000000000000000000000000000000
00000000111110013333333333300000000000000000000000000000000000000003330000003333003333300333003300303300003333303333000000000000
00000000333330033333333333300000000000000000000000000000000003030030033000003300303300003300303300303300003300303300300000000000
00000000333330033333003333300000000000000000000000000000000033333000033000003300303300003300003300303300003300303300300000000000
00000000222220022222002222200000000000000000000000000000000003030000330000003333303333003303303300303300003333303333300000000000
00000000111110011111001111100000000000000000000000000000000033333003300000003303003300003300303300303300003300303303000000000000
00000000111110011111001111100000000000000000000000000000000003030033000000003300303300003300303300303300003300303300300000000000
00000000111110011111111111100000000000000000000000000000000000000033333000003300303333300333300333003333303300303300300000000000
01111100111110011111111111100000000000000000000000000000000000000000000000000000000000000000000000000000000000000000000000000000
01111100111110011111111111000000000000000000000000000000000000000000000000000000000000000000000000000000000000000000000000000000
01111100111110011111111110000000000000000000000000000000000000000000000000000000000000000000000000000000000000000000000000000000
03333300333330033333333333000000000000000000000000000000000000000000000000000000000000000000000000000000000000000000000000000000
03333300333330033333333333300000000000000000000000000000000000000000000000000000000000000000000000000000000000000000000000000000
01111100222220033333333333300000000000000000000000000000003300000333000333000333000003330003330003330000033300033300033300000000
01222200222220022222002222200000000000000000000000000000033300003300303300303300300033003033003033003000330030330030330030000000
01111100111110011111001111100000000000000000000000000000003300003300303300303300300033003033003033003000330030330030330030000000
03333300333330033333003333300000000000000000000000000000003300000333000333003300300033003033003033003000330030330030330030000000
03222200222220022222002222100000000000000000000000000000003300003003303003303300300033003033003033003000330030330030330030000000
02222222222220022222222222200000000000000000000000000000003300303003303003303300303033003033003033003030330030330030330030000000
01111111111110011111111111100000000000000000000000000000033330300333000333000333003003330003330003330030033300033300033300000000
01111111111110011111111111100000000000000000000000000000000000000000000000000000000000000000000000000000000000000000000000000000
01111111111110011111111111100000000000000000000000000000000000000000000000000000000000000000000000000000000000000000000000000000
03333333333330033333333333300000000000000000000000000000000000000000000000000000000000000000000000000000000000000000000000000000
00333333333300033332222211000000000000000000000000000000000000000000000000000000000000000000000000000000000000000000000000000000
00022222222000022222222220000000000000000000000000000000000000000000000000000000000000000000000000000000000000000000000000000000
00000000000000000000000000000000000000000000000000000000000000000000000000000000000000000000000000000000000000000000000000000000
00000000000000000000000000000000000000000000000000000000000000000000000000000000000000000000000000000000000000000000000000000000

0x29822601
00000000000000000000000000000000000000000000000000000000000000000000000000000000000000000000000000000000000000000000000000000000
00000000111110011111111110000000000000000000000000000000000000000000000000000000000000000000000000000000000000000000000000000000
00000000333330033333333333000000000000000000000000000000000000000000000000000000000000000000000000000000000000000000000000000000
00000000333330033333333333300000000000000000000000000000000000000000000000000000000000000000000000000000000000000000000000000000
00000000333220022222222222200000000000000000000000000000000000000000000000000000000000000000000000000000000000000000000000000000
00000000222220022222222211100000000000000000000000000000000000000000000000000000000000000000000000000000000000000000000000000000
00000000111110011111111111100000000000000000000000000000000000000003330000003333003333300333003300303300003333303333000000000000
00000000111110011111111113300000000000000000000000000000000003030030033000003300303300003300303300303300003300303300300000000000
00000000111110011111003332200000000000000000000000000000000033333000033000003300303300003300003300303300003300303300300000000000
00000000111110011222002222200000000000000000000000000000000003030000330000003333303333003303303300303300003333303333300000000000
00000000111110011111001111100000000000000000000000000000000033333003300000003303003300003300303300303300003300303303000000000000
00000000111110011111001111100000000000000000000000000000000003030033000000003300303300003300303300303300003300303300300000000000
00000000111110011111111111100000000000000000000000000000000000000033333000003300303333300333300333003333303300303300300000000000
02222200222220022111111111100000000000000000000000000000000000000000000000000000000000000000000000000000000000000000000000000000
02222200222220022222111111000000000000000000000000000000000000000000000000000000000000000000000000000000000000000000000000000000
01111100111110011111111110000000000000000000000000000000000000000000000000000000000000000000000000000000000000000000000000000000
01111100111110033333333333000000000000000000000000000000000000000000000000000000000000000000000000000000000000000000000000000000
01111100111110012222222233300000000000000000000000000000000000000000000000000000000000000000000000000000000000000000000000000000
01111100111110011111111111100000000000000000000000000000003300000333000333000333000003330003330003330000033300033300033300000000
01111100111110011111001112200000000000000000000000000000033300003300303300303300300033003033003033003000330030330030330030000000
03333300333310011111001111100000000000000000000000000000003300003300303300303300300033003033003033003000330030330030330030000000
03333300333330033333003333300000000000000000000000000000003300000333000333003300300033003033003033003000330030330030330030000000
03333300333330033333002222200000000000000000000000000000003300003003303003303300300033003033003033003000330030330030330030000000
02222222222220022222222222200000000000000000000000000000003300303003303003303300303033003033003033003030330030330030330030000000
01111111111110011111111111100000000000000000000000000000033330300333000333000333003003330003330003330030033300033300033300000000
01111111111110011111111111100000000000000000000000000000000000000000000000000000000000000000000000000000000000000000000000000000
01111111111110011111111111100000000000000000000000000000000000000000000000000000000000000000000000000000000000000000000000000000
02221111111110033333333333300000000000000000000000000000000000000000000000000000000000000000000000000000000000000000000000000000
00222221111100011111111112000000000000000000000000000000000000000000000000000000000000000000000000000000000000000000000000000000
00011111111000011111112220000000000000000000000000000000000000000000000000000000000000000000000000000000000000000000000000000000
00000000000000000000000000000000000000000000000000000000000000000000000000000000000000000000000000000000000000000000000000000000
00000000000000000000000000000000000000000000000000000000000000000000000000000000000000000000000000000000000000000000000000000000

0x298226dc
00000000000000000000000000000000000000000000000000000000000000000000000000000000000000000000000000000000000000000000000000000000
00000000111110011111111110000000000000000000000000000000000000000000000000000000000000000000000000000000000000000000000000000000
00000000111130033333333333000000000000000000000000000000000000000000000000000000000000000000000000000000000000000000000000000000
00000000111110011111222223300000000000000000000000000000000000000000000000000000000000000000000000000000000000000000000000000000
00000000111110011111111112200000000000000000000000000000000000000000000000000000000000000000000000000000000000000000000000000000
00000000111110011111112222200000000000000000000000000000000000000000000000000000000000000000000000000000000000000000000000000000
00000000111110011111111111100000000000000000000000000000000000000003330000003333003333300333003300303300003333303333000000000000
00000000111110011111111111100000000000000000000000000000000003030030033000003300303300003300303300303300003300303300300000000000
00000000111110011111001111100000000000000000000000000000000033333000033000003300303300003300003300303300003300303300300000000000
00000000111110011111001111100000000000000000000000000000000003030000330000003333303333003303303300303300003333303333300000000000
00000000111110011111001111100000000000000000000000000000000033333003300000003303003300003300303300303300003300303303000000000000
00000000333330033333003333300000000000000000000000000000000003030033000000003300303300003300303300303300003300303300300000000000
00000000333330033333332221100000000000000000000000000000000000000033333000003300303333300333300333003333303300303300300000000000
03222200222220022222222222200000000000000000000000000000000000000000000000000000000000000000000000000000000000000000000000000000
02222200222220022222222222000000000000000000000000000000000000000000000000000000000000000000000000000000000000000000000000000000
01111100111110011111111110000000000000000000000000000000000000000000000000000000000000000000000000000000000000000000000000000000
01111100111110011111111111000000000000000000000000000000000000000000000000000000000000000000000000000000000000000000000000000000
01111100111110011111111111100000000000000000000000000000000000000000000000000000000000000000000000000000000000000000000000000000
01111100111110011111111111100000000000000000000000000000003300000333000333000333000003330003330003330000033300033300033300000000
01111100111110011111001111100000000000000000000000000000033300003300303300303300300033003033003033003000330030330030330030000000
03333300333330033333003333300000000000000000000000000000003300003300303300303300300033003033003033003000330030330030330030000000
01122200333330033333003333300000000000000000000000000000003300000333000333003300300033003033003033003000330030330030330030000000
03333300333330033333003333300000000000000000000000000000003300003003303003303300300033003033003033003000330030330030330030000000
02222222222220022222222222200000000000000000000000000000003300303003303003303300303033003033003033003030330030330030330030000000
01111111111110011111111111100000000000000000000000000000033330300333000333000333003003330003330003330030033300033300033300000000
03333333333330033333333331100000000000000000000000000000000000000000000000000000000000000000000000000000000000000000000000000000
03333333333330033322211111100000000000000000000000000000000000000000000000000000000000000000000000000000000000000000000000000000
02222222222220022222222222200000000000000000000000000000000000000000000000000000000000000000000000000000000000000000000000000000
00222222222200022222222222000000000000000000000000000000000000000000000000000000000000000000000000000000000000000000000000000000
00011111111000011111111110000000000000000000000000000000000000000000000000000000000000000000000000000000000000000000000000000000
00000000000000000000000000000000000000000000000000000000000000000000000000000000000000000000000000000000000000000000000000000000
00000000000000000000000000000000000000000000000000000000000000000000000000000000000000000000000000000000000000000000000000000000

0x298227d6
00000000000000000000000000000000000000000000000000000000000000000000000000000000000000000000000000000000000000000000000000000000
11111001111111111000000000000000000000000000000000000000000000000000000000000000000000000000000000000000000000000000000001111100
11113003333333333300000000000000000000000000000000000000000000000000000000000000000000000000000000000000000000000000000003333300
11111001111122222330000000000000000000000000000000000000000000000000000000000000000000000000000000000000000000000000000003333300
11111001111111111220000000000000000000000000000000000000000000000000000000000000000000000000000000000000000000000000000002222200
11111001111111222220000000000000000000000000000000000000000000000000000000000000000000000000000000000000000000000000000001111100
11111001111111111110000000000000000000000000000000000000000333000000333300333330033300330030330000333330333300000000000001111100
11111001111111111110000000000000000000000000000000000303003003300000330030330000330030330030330000330030330030000000000003333300
11111001111100111110000000000000000000000000000000003333300003300000330030330000330000330030330000330030330030000000000002222200
11111001111100111110000000000000000000000000000000000303000033000000333330333300330330330030330000333330333330000000000002222200
11111001111100111110000000000000000000000000000000003333300330000000330300330000330030330030330000330030330300000000000001111100
33333003333300333330000000000000000000000000000000000303003300000000330030330000330030330030330000330030330030000000000001111100
33333003333333222110000000000000000000000000000000000000003333300000330030333330033330033300333330330030330030000000000003333300
22222002222222222220000000000000000000000000000000000000000000000000000000000000000000000000000000000000000000000000000003333300
22222002222222222200000000000000000000000000000000000000000000000000000000000000000000000000000000000000000000000000000002222200
11111001111111111000000000000000000000000000000000000000000000000000000000000000000000000000000000000000000000000000000001111100
11111001111111111100000000000000000000000000000000000000000000000000000000000000000000000000000000000000000000000000000003333300
11111001111111111110000000000000000000000000000000000000000000000000000000000000000000000000000000000000000000000000000003333300
11111001111111111110000000000000000000000000000000330000033300033300033300000333000333000333000003330003330003330000000002222200
11111001111100111110000000000000000000000000000003330000330030330030330030003300303300303300300033003033003033003000000001111100
33333003333300333330000000000000000000000000000000330000330030330030330030003300303300303300300033003033003033003000000001111100
33333003333300333330000000000000000000000000000000330000033300033300330030003300303300303300300033003033003033003000000001111100
33333003333300333330000000000000000000000000000000330000300330300330330030003300303300303300300033003033003033003000000001111100
22222002222222222220000000000000000000000000000000330030300330300330330030303300303300303300303033003033003033003000000001111111
11111001111111111110000000000000000000000000000003333030033300033300033300300333000333000333003003330003330003330000000001111111
33333003333333333110000000000000000000000000000000000000000000000000000000000000000000000000000000000000000000000000000001111111
33333003332221111110000000000000000000000000000000000000000000000000000000000000000000000000000000000000000000000000000003333333
22222002222222222220000000000000000000000000000000000000000000000000000000000000000000000000000000000000000000000000000002222233
22220002222222222200000000000000000000000000000000000000000000000000000000000000000000000000000000000000000000000000000002222222
11100001111111111000000000000000000000000000000000000000000000000000000000000000000000000000000000000000000000000000000001111111
00000000000000000000000000000000000000000000000000000000000000000000000000000000000000000000000000000000000000000000000000000000
00000000000000000000000000000000000000000000000000000000000000000000000000000000000000000000000000000000000000000000000000000000

0x29822805
00000000000000000000000000000000000000000000000000000000000000000000000000000000000000000000000000000000000000000000000000000000
11111111100000000000000000000000000000000000000000000000000000000000000000000000000000000000000000000000000000000111110000000000
33333333330000000000000000000000000000000000000000000000000000000000000000000000000000000000000000000000000000000333330000000000
11112222233000000000000000000000000000000000000000000000000000000000000000000000000000000000000000000000000000000333330000000003
11111111122000000000000000000000000000000000000000000000000000000000000000000000000000000000000000000000000000000222220000000002
11111122222000000000000000000000000000000000000000000000000000000000000000000000000000000000000000000000000000000111110000000001
11111111111000000000000000000000000000000000000000033300000033330033333003330033003033000033333033330000000000000111110000000001
11111111111000000000000000000000000000000000030300300330000033003033000033003033003033000033003033003000000000000333330000000001
11110011111000000000000000000000000000000000333330000330000033003033000033000033003033000033003033003000000000000222220000000003
11110011111000000000000000000000000000000000030300003300000033333033330033033033003033000033333033333000000000000222220000000002
11110011111000000000000000000000000000000000333330033000000033030033000033003033003033000033003033030000000000000111110000000001
33330033333000000000000000000000000000000000030300330000000033003033000033003033003033000033003033003000000000000111110000000003
33333322211000000000000000000000000000000000000000333330000033003033333003333003330033333033003033003000000000000333330000000003
22222222222000000000000000000000000000000000000000000000000000000000000000000000000000000000000000000000000000000333330000000002
22222222220000000000000000000000000000000000000000000000000000000000000000000000000000000000000000000000000000000222220000000002
11111111100000000000000000000000000000000000000000000000000000000000000000000000000000000000000000000000000000000111110000000001
11111111110000000000000000000000000000000000000000000000000000000000000000000000000000000000000000000000000000000333330000000003
11111111111000000000000000000000000000000000000000000000000000000000000000000000000000000000000000000000000000000333330000000001
11111111111000000000000000000000000000000033000003330003330003330000033300033300033300000333000333000333000000000222220000000002
11110011111000000000000000000000000000000333000033003033003033003000330030330030330030003300303300303300300000000111110000000001
33330033333000000000000000000000000000000033000033003033003033003000330030330030330030003300303300303300300000000111110000000001
33330033333000000000000000000000000000000033000003330003330033003000330030330030330030003300303300303300300000000111110000000001
33330033333000000000000000000000000000000033000030033030033033003000330030330030330030003300303300303300300000000111110000000001
22222222222000000000000000000000000000000033003030033030033033003030330030330030330030303300303300303300300000000111111111222002
11111111111000000000000000000000000000000333303003330003330003330030033300033300033300300333000333000333000000000111111111111001
33333333311000000000000000000000000000000000000000000000000000000000000000000000000000000000000000000000000000000111111111111003
33222111111000000000000000000000000000000000000000000000000000000000000000000000000000000000000000000000000000000333333333333003
22222222222000000000000000000000000000000000000000000000000000000000000000000000000000000000000000000000000000000222223333333003
22222222220000000000000000000000000000000000000000000000000000000000000000000000000000000000000000000000000000000222222222222000
11111111100000000000000000000000000000000000000000000000000000000000000000000000000000000000000000000000000000000111111111111000
00000000000000000000000000000000000000000000000000000000000000000000000000000000000000000000000000000000000000000000000000000000
00000000000000000000000000000000000000000000000000000000000000000000000000000000000000000000000000000000000000000000000000000000

0x29822824
00000000000000000000000000000000000000000000000000000000000000000000000000000000000000000000000000000000000000000000000000000000
10000000000000000000000000000000000000000000000000000000000000000000000000000000000000000000000000000000011111000000000001111111
33000000000000000000000000000000000000000000000000000000000000000000000000000000000000000000000000000000033333000000000033333333
23300000000000000000000000000000000000000000000000000000000000000000000000000000000000000000000000000000033333000000000333332211
12200000000000000000000000000000000000000000000000000000000000000000000000000000000000000000000000000000022222000000000222222222
22200000000000000000000000000000000000000000000000000000000000000000000000000000000000000000000000000000011111000000000111111111
11100000000000000000000000000000000000000003330000003333003333300333003300303300003333303333000000000000011111000000000111111111
11100000000000000000000000000000000003030030033000003300303300003300303300303300003300303300300000000000033333000000000111111111
11100000000000000000000000000000000033333000033000003300303300003300003300303300003300303300300000000000022222000000000333330011
11100000000000000000000000000000000003030000330000003333303333003303303300303300003333303333300000000000022222000000000222220022
11100000000000000000000000000000000033333003300000003303003300003300303300303300003300303303000000000000011111000000000111110011
33300000000000000000000000000000000003030033000000003300303300003300303300303300003300303300300000000000011111000000000333330033
21100000000000000000000000000000000000000033333000003300303333300333300333003333303300303300300000000000033333000000000333330033
22200000000000000000000000000000000000000000000000000000000000000000000000000000000000000000000000000000033333000000000222230032
22000000000000000000000000000000000000000000000000000000000000000000000000000000000000000000000000000000022222000000000222220022
10000000000000000000000000000000000000000000000000000000000000000000000000000000000000000000000000000000011111000000000111110011
11000000000000000000000000000000000000000000000000000000000000000000000000000000000000000000000000000000033333000000000333330031
11100000000000000000000000000000000000000000000000000000000000000000000000000000000000000000000000000000033333000000000111110011
11100000000000000000000000000000003300000333000333000333000003330003330003330000033300033300033300000000022222000000000222110011
11100000000000000000000000000000033300003300303300303300300033003033003033003000330030330030330030000000011111000000000111110011
33300000000000000000000000000000003300003300303300303300300033003033003033003000330030330030330030000000011111000000000111110033
33300000000000000000000000000000003300000333000333003300300033003033003033003000330030330030330030000000011111000000000111110012
33300000000000000000000000000000003300003003303003303300300033003033003033003000330030330030330030000000011111000000000111220033
22200000000000000000000000000000003300303003303003303300303033003033003033003030330030330030330030000000011111111122200222222222
11100000000000000000000000000000033330300333000333000333003003330003330003330030033300033300033300000000011111111111100111111111
31100000000000000000000000000000000000000000000000000000000000000000000000000000000000000000000000000000011111111111100333333333
11100000000000000000000000000000000000000000000000000000000000000000000000000000000000000000000000000000033333333333300333333333
22200000000000000000000000000000000000000000000000000000000000000000000000000000000000000000000000000000022222333333300333332222
22000000000000000000000000000000000000000000000000000000000000000000000000000000000000000000000000000000022222222222200022222222
10000000000000000000000000000000000000000000000000000000000000000000000000000000000000000000000000000000011111111111100001111111
00000000000000000000000000000000000000000000000000000000000000000000000000000000000000000000000000000000000000000000000000000000
00000000000000000000000000000000000000000000000000000000000000000000000000000000000000000000000000000000000000000000000000000000

0x29822843
00000000000000000000000000000000000000000000000000000000000000000000000000000000000000000000000000000000000000000000000000000000
00000000000000000000000000000000000000000000000000000000000000000000000000000000000000000000000001111100000000000111111110000111
00000000000000000000000000000000000000000000000000000000000000000000000000000000000000000000000003333300000000003333333333000111
00000000000000000000000000000000000000000000000000000000000000000000000000000000000000000000000003333300000000033333221111100111
00000000000000000000000000000000000000000000000000000000000000000000000000000000000000000000000002222200000000022222222222200222
00000000000000000000000000000000000000000000000000000000000000000000000000000000000000000000000001111100000000011111111111100111
00000000000000000000000000000000000333000000333300333330033300330030330000333330333300000000000001111100000000011111111111100111
00000000000000000000000000000303003003300000330030330000330030330030330000330030330030000000000003333300000000011111111111100111
00000000000000000000000000003333300003300000330030330000330000330030330000330030330030000000000002222200000000033333001111100111
00000000000000000000000000000303000033000000333330333300330330330030330000333330333330000000000002222200000000022222002222200111
00000000000000000000000000003333300330000000330300330000330030330030330000330030330300000000000001111100000000011111001111100111
00000000000000000000000000000303003300000000330030330000330030330030330000330030330030000000000001111100000000033333003333300333
00000000000000000000000000000000003333300000330030333330033330033300333330330030330030000000000003333300000000033333003333300333
00000000000000000000000000000000000000000000000000000000000000000000000000000000000000000000000003333300000000022223003222200222
00000000000000000000000000000000000000000000000000000000000000000000000000000000000000000000000002222200000000022222002222200222
00000000000000000000000000000000000000000000000000000000000000000000000000000000000000000000000001111100000000011111001111100111
00000000000000000000000000000000000000000000000000000000000000000000000000000000000000000000000003333300000000033333003111100111
00000000000000000000000000000000000000000000000000000000000000000000000000000000000000000000000003333300000000011111001111100111
00000000000000000000000000330000033300033300033300000333000333000333000003330003330003330000000002222200000000022211001111100111
00000000000000000000000003330000330030330030330030003300303300303300300033003033003033003000000001111100000000011111001111100111
00000000000000000000000000330000330030330030330030003300303300303300300033003033003033003000000001111100000000011111003333300333
00000000000000000000000000330000033300033300330030003300303300303300300033003033003033003000000001111100000000011111001222300333
00000000000000000000000000330000300330300330330030003300303300303300300033003033003033003000000001111100000000011122003333300333
00000000000000000000000000330030300330300330330030303300303300303300303033003033003033003000000001111111112220022222222222200222
00000000000000000000000003333030033300033300033300300333000333000333003003330003330003330000000001111111111110011111111111100111
00000000000000000000000000000000000000000000000000000000000000000000000000000000000000000000000001111111111110033333333333300333
00000000000000000000000000000000000000000000000000000000000000000000000000000000000000000000000003333333333330033333333333300333
00000000000000000000000000000000000000000000000000000000000000000000000000000000000000000000000002222233333330033333222233300222
00000000000000000000000000000000000000000000000000000000000000000000000000000000000000000000000002222222222220002222222222000222
00000000000000000000000000000000000000000000000000000000000000000000000000000000000000000000000001111111111110000111111110000111
00000000000000000000000000000000000000000000000000000000000000000000000000000000000000000000000000000000000000000000000000000000
00000000000000000000000000000000000000000000000000000000000000000000000000000000000000000000000000000000000000000000000000000000

0x29822882
00000000000000000000000000000000000000000000000000000000000000000000000000000000000000000000000000000000000000000000000000000000
00000000000000000000000000000000000000000000000000000000000000000000000000000000000000000111110000000000011111111000011111000001
00000000000000000000000000000000000000000000000000000000000000000000000000000000000000000333330000000000333333333300011111000001
00000000000000000000000000000000000000000000000000000000000000000000000000000000000000000333330000000003333322111110011111100001
00000000000000000000000000000000000000000000000000000000000000000000000000000000000000000222220000000002222222222220022222200001
00000000000000000000000000000000000000000000000000000000000000000000000000000000000000000111110000000001111111111110011111110001
00000000000000000000000000033300000033330033333003330033003033000033333033330000000000000111110000000001111111111110011111110001
00000000000000000000030300300330000033003033000033003033003033000033003033003000000000000333330000000001111111111110011111111001
00000000000000000000333330000330000033003033000033000033003033000033003033003000000000000222220000000003333300111110011111111001
00000000000000000000030300003300000033333033330033033033003033000033333033333000000000000222220000000002222200222220011111111101
00000000000000000000333330033000000033030033000033003033003033000033003033030000000000000111110000000001111100111110011111111101
00000000000000000000030300330000000033003033000033003033003033000033003033003000000000000111110000000003333300333330033333333333
00000000000000000000000000333330000033003033333003333003330033333033003033003000000000000333330000000003333300333330033333333333
00000000000000000000000000000000000000000000000000000000000000000000000000000000000000000333330000000002222300322220022222222222
00000000000000000000000000000000000000000000000000000000000000000000000000000000000000000222220000000002222200222220022222222222
00000000000000000000000000000000000000000000000000000000000000000000000000000000000000000111110000000001111100111110011111011111
00000000000000000000000000000000000000000000000000000000000000000000000000000000000000000333330000000003333300311110011111011111
00000000000000000000000000000000000000000000000000000000000000000000000000000000000000000333330000000001111100111110011111001111
00000000000000000033000003330003330003330000033300033300033300000333000333000333000000000222220000000002221100111110011111001111
00000000000000000333000033003033003033003000330030330030330030003300303300303300300000000111110000000001111100111110011111000111
00000000000000000033000033003033003033003000330030330030330030003300303300303300300000000111110000000001111100333330033333000333
00000000000000000033000003330003330033003000330030330030330030003300303300303300300000000111110000000001111100122230033333000033
00000000000000000033000030033030033033003000330030330030330030003300303300303300300000000111110000000001112200333330033333000033
00000000000000000033003030033030033033003030330030330030330030303300303300303300300000000111111111222002222222222220022222000002
00000000000000000333303003330003330003330030033300033300033300300333000333000333000000000111111111111001111111111110011111000001
00000000000000000000000000000000000000000000000000000000000000000000000000000000000000000111111111111003333333333330033333000003
00000000000000000000000000000000000000000000000000000000000000000000000000000000000000000333333333333003333333333330033333000003
00000000000000000000000000000000000000000000000000000000000000000000000000000000000000000222223333333003333322223330022222000002
00000000000000000000000000000000000000000000000000000000000000000000000000000000000000000222222222222000222222222200022222000002
00000000000000000000000000000000000000000000000000000000000000000000000000000000000000000111111111111000011111111000011111000001
00000000000000000000000000000000000000000000000000000000000000000000000000000000000000000000000000000000000000000000000000000000
00000000000000000000000000000000000000000000000000000000000000000000000000000000000000000000000000000000000000000000000000000000

0x298228a1
00000000000000000000000000000000000000000000000000000000000000000000000000000000000000000000000000000000000000000000000000000000
00000000000000000000000000000000000000000000000000000000000000000000000000000000011111000000000001111111100001111100000111110000
00000000000000000000000000000000000000000000000000000000000000000000000000000000033333000000000033333333330001111100000111330000
00000000000000000000000000000000000000000000000000000000000000000000000000000000033333000000000333332211111001111110000111110000
00000000000000000000000000000000000000000000000000000000000000000000000000000000022222000000000222222222222002222220000111110000
00000000000000000000000000000000000000000000000000000000000000000000000000000000011111000000000111111111111001111111000111110000
00000000000000000003330000003333003333300333003300303300003333303333000000000000011111000000000111111111111001111111000111110000
00000000000003030030033000003300303300003300303300303300003300303300300000000000033333000000000111111111111001111111100111110000
00000000000033333000033000003300303300003300003300303300003300303300300000000000022222000000000333330011111001111111100111110000
00000000000003030000330000003333303333003303303300303300003333303333300000000000022222000000000222220022222001111111110111110000
00000000000033333003300000003303003300003300303300303300003300303303000000000000011111000000000111110011111001111111110111110000
00000000000003030033000000003300303300003300303300303300003300303300300000000000011111000000000333330033333003333333333333330000
00000000000000000033333000003300303333300333300333003333303300303300300000000000033333000000000333330033333003333333333333320000
00000000000000000000000000000000000000000000000000000000000000000000000000000000033333000000000222230032222002222222222222220000
00000000000000000000000000000000000000000000000000000000000000000000000000000000022222000000000222220022222002222222222222220000
00000000000000000000000000000000000000000000000000000000000000000000000000000000011111000000000111110011111001111101111111110000
00000000000000000000000000000000000000000000000000000000000000000000000000000000033333000000000333330031111001111101111111110000
00000000000000000000000000000000000000000000000000000000000000000000000000000000033333000000000111110011111001111100111111110000
00000000003300000333000333000333000003330003330003330000033300033300033300000000022222000000000222110011111001111100111111110000
00000000033300003300303300303300300033003033003033003000330030330030330030000000011111000000000111110011111001111100011111110000
00000000003300003300303300303300300033003033003033003000330030330030330030000000011111000000000111110033333003333300033333330000
00000000003300000333000333003300300033003033003033003000330030330030330030000000011111000000000111110012223003333300003333330000
00000000003300003003303003303300300033003033003033003000330030330030330030000000011111000000000111220033333003333300003333330000
00000000003300303003303003303300303033003033003033003030330030330030330030000000011111111122200222222222222002222200000222220000
00000000033330300333000333000333003003330003330003330030033300033300033300000000011111111111100111111111111001111100000111110000
00000000000000000000000000000000000000000000000000000000000000000000000000000000011111111111100333333333333003333300000333330000
00000000000000000000000000000000000000000000000000000000000000000000000000000000033333333333300333333333333003333300000333330000
00000000000000000000000000000000000000000000000000000000000000000000000000000000022222333333300333332222333002222200000222220000
00000000000000000000000000000000000000000000000000000000000000000000000000000000022222222222200022222222220002222200000222220000
00000000000000000000000000000000000000000000000000000000000000000000000000000000011111111111100001111111100001111100000111110000
00000000000000000000000000000000000000000000000000000000000000000000000000000000000000000000000000000000000000000000000000000000
00000000000000000000000000000000000000000000000000000000000000000000000000000000000000000000000000000000000000000000000000000000

0x298228c0
00000000000000000000000000000000000000000000000000000000000000000000000000000000000000000000000000000000000000000000000000000000
00000000000000000000000000000000000000000000000000000000000000000000000001111100000000000111111110000111110000011111000000000000
00000000000000000000000000000000000000000000000000000000000000000000000003333300000000003333333333000111110000011133000000000000
00000000000000000000000000000000000000000000000000000000000000000000000003333300000000033333221111100111111000011111000000000000
00000000000000000000000000000000000000000000000000000000000000000000000002222200000000022222222222200222222000011111000000000000
00000000000000000000000000000000000000000000000000000000000000000000000001111100000000011111111111100111111100011111000000000000
00000000000333000000333300333330033300330030330000333330333300000000000001111100000000011111111111100111111100011111000000000000
00000303003003300000330030330000330030330030330000330030330030000000000003333300000000011111111111100111111110011111000000000000
00003333300003300000330030330000330000330030330000330030330030000000000002222200000000033333001111100111111110011111000000000000
00000303000033000000333330333300330330330030330000333330333330000000000002222200000000022222002222200111111111011111000000000000
00003333300330000000330300330000330030330030330000330030330300000000000001111100000000011111001111100111111111011111000000000000
00000303003300000000330030330000330030330030330000330030330030000000000001111100000000033333003333300333333333333333000000000000
00000000003333300000330030333330033330033300333330330030330030000000000003333300000000033333003333300333333333333332000000000000
00000000000000000000000000000000000000000000000000000000000000000000000003333300000000022223003222200222222222222222000000000000
00000000000000000000000000000000000000000000000000000000000000000000000002222200000000022222002222200222222222222222000000000000
00000000000000000000000000000000000000000000000000000000000000000000000001111100000000011111001111100111110111111111000000000000
00000000000000000000000000000000000000000000000000000000000000000000000003333300000000033333003111100111110111111111000000000000
00000000000000000000000000000000000000000000000000000000000000000000000003333300000000011111001111100111110011111111000000000000
00330000033300033300033300000333000333000333000003330003330003330000000002222200000000022211001111100111110011111111000000000000
03330000330030330030330030003300303300303300300033003033003033003000000001111100000000011111001111100111110001111111000000000000
00330000330030330030330030003300303300303300300033003033003033003000000001111100000000011111003333300333330003333333000000000000
00330000033300033300330030003300303300303300300033003033003033003000000001111100000000011111001222300333330000333333000000000000
00330000300330300330330030003300303300303300300033003033003033003000000001111100000000011122003333300333330000333333000000000000
00330030300330300330330030303300303300303300303033003033003033003000000001111111112220022222222222200222220000022222000000000000
03333030033300033300033300300333000333000333003003330003330003330000000001111111111110011111111111100111110000011111000000000000
00000000000000000000000000000000000000000000000000000000000000000000000001111111111110033333333333300333330000033333000000000000
00000000000000000000000000000000000000000000000000000000000000000000000003333333333330033333333333300333330000033333000000000000
00000000000000000000000000000000000000000000000000000000000000000000000002222233333330033333222233300222220000022222000000000000
00000000000000000000000000000000000000000000000000000000000000000000000002222222222220002222222222000222220000022222000000000000
00000000000000000000000000000000000000000000000000000000000000000000000001111111111110000111111110000111110000011111000000000000
00000000000000000000000000000000000000000000000000000000000000000000000000000000000000000000000000000000000000000000000000000000
00000000000000000000000000000000000000000000000000000000000000000000000000000000000000000000000000000000000000000000000000000000

0x298228e0
00000000000000000000000000000000000000000000000000000000000000000000000000000000000000000000000000000000000000000000000000000000
00000000000000000000000000000000000000000000000000000000000000000111110000000000011111111000011111000001111100000000000000000000
00000000000000000000000000000000000000000000000000000000000000000333330000000000333333333300011111000001113300000000000000000000
00000000000000000000000000000000000000000000000000000000000000000333330000000003333322111110011111100001111100000000000000000000
00000000000000000000000000000000000000000000000000000000000000000222220000000002222222222220022222200001111100000000000000000000
00000000000000000000000000000000000000000000000000000000000000000111110000000001111111111110011111110001111100000000000000000000
00033300000033330033333003330033003033000033333033330000000000000111110000000001111111111110011111110001111100000000000000000000
00300330000033003033000033003033003033000033003033003000000000000333330000000001111111111110011111111001111100000000000000000303
30000330000033003033000033000033003033000033003033003000000000000222220000000003333300111110011111111001111100000000000000003333
00003300000033333033330033033033003033000033333033333000000000000222220000000002222200222220011111111101111100000000000000000303
30033000000033030033000033003033003033000033003033030000000000000111110000000001111100111110011111111101111100000000000000003333
00330000000033003033000033003033003033000033003033003000000000000111110000000003333300333330033333333333333300000000000000000303
00333330000033003033333003333003330033333033003033003000000000000333330000000003333300333330033333333333333200000000000000000000
00000000000000000000000000000000000000000000000000000000000000000333330000000002222300322220022222222222222200000000000000000000
00000000000000000000000000000000000000000000000000000000000000000222220000000002222200222220022222222222222200000000000000000000
00000000000000000000000000000000000000000000000000000000000000000111110000000001111100111110011111011111111100000000000000000000
00000000000000000000000000000000000000000000000000000000000000000333330000000003333300311110011111011111111100000000000000000000
00000000000000000000000000000000000000000000000000000000000000000333330000000001111100111110011111001111111100000000000000000000
03330003330003330000033300033300033300000333000333000333000000000222220000000002221100111110011111001111111100000000000000330000
33003033003033003000330030330030330030003300303300303300300000000111110000000001111100111110011111000111111100000000000003330000
33003033003033003000330030330030330030003300303300303300300000000111110000000001111100333330033333000333333300000000000000330000
03330003330033003000330030330030330030003300303300303300300000000111110000000001111100122230033333000033333300000000000000330000
30033030033033003000330030330030330030003300303300303300300000000111110000000001112200333330033333000033333300000000000000330000
30033030033033003030330030330030330030303300303300303300300000000111111111222002222222222220022222000002222200000000000000330030
03330003330003330030033300033300033300300333000333000333000000000111111111111001111111111110011111000001111100000000000003333030
00000000000000000000000000000000000000000000000000000000000000000111111111111003333333333330033333000003333300000000000000000000
00000000000000000000000000000000000000000000000000000000000000000333333333333003333333333330033333000003333300000000000000000000
00000000000000000000000000000000000000000000000000000000000000000222223333333003333322223330022222000002222200000000000000000000
00000000000000000000000000000000000000000000000000000000000000000222222222222000222222222200022222000002222200000000000000000000
00000000000000000000000000000000000000000000000000000000000000000111111111111000011111111000011111000001111100000000000000000000
00000000000000000000000000000000000000000000000000000000000000000000000000000000000000000000000000000000000000000000000000000000
00000000000000000000000000000000000000000000000000000000000000000000000000000000000000000000000000000000000000000000000000000000

0x2982290e
00000000000000000000000000000000000000000000000000000000000000000000000000000000000000000000000000000000000000000000000000000000
00000000000000000000000000000000000000000000000000000000011111000000000001111111100001111100000111110000000000000000000000000000
00000000000000000000000000000000000000000000000000000000033333000000000033333333330001111100000111330000000000000000000000000000
00000000000000000000000000000000000000000000000000000000033333000000000333332211111001111110000111110000000000000000000000000000
00000000000000000000000000000000000000000000000000000000022222000000000222222222222002222220000111110000000000000000000000000000
00000000000000000000000000000000000000000000000000000000011111000000000111111111111001111111000111110000000000000000000000000000
00003333003333300333003300303300003333303333000000000000011111000000000111111111111001111111000111110000000000000000000000033300
00003300303300003300303300303300003300303300300000000000033333000000000111111111111001111111100111110000000000000000030300300330
00003300303300003300003300303300003300303300300000000000022222000000000333330011111001111111100111110000000000000000333330000330
00003333303333003303303300303300003333303333300000000000022222000000000222220022222001111111110111110000000000000000030300033300
00003303003300003300303300303300003300303303000000000000011111000000000111110011111001111111110111110000000000000000333330000330
00003300303300003300303300303300003300303300300000000000011111000000000333330033333003333333333333330000000000000000030300300330
00003300303333300333300333003333303300303300300000000000033333000000000333330033333003333333333333320000000000000000000000033300
00000000000000000000000000000000000000000000000000000000033333000000000222230032222002222222222222220000000000000000000000000000
00000000000000000000000000000000000000000000000000000000022222000000000222220022222002222222222222220000000000000000000000000000
00000000000000000000000000000000000000000000000000000000011111000000000111110011111001111101111111110000000000000000000000000000
00000000000000000000000000000000000000000000000000000000033333000000000333330031111001111101111111110000000000000000000000000000
00000000000000000000000000000000000000000000000000000000033333000000000111110011111001111100111111110000000000000000000000000000
33000333000003330003330003330000033300033300033300000000022222000000000222110011111001111100111111110000000000000033000003330033
00303300300033003033003033003000330030330030330030000000011111000000000111110011111001111100011111110000000000000333000030033030
00303300300033003033003033003000330030330030330030000000011111000000000111110033333003333300033333330000000000000033000030033033
33003300300033003033003033003000330030330030330030000000011111000000000111110012223003333300003333330000000000000033000003333000
03303300300033003033003033003000330030330030330030000000011111000000000111220033333003333300003333330000000000000033000000033000
03303300303033003033003033003030330030330030330030000000011111111122200222222222222002222200000222220000000000000033003030033030
33000333003003330003330003330030033300033300033300000000011111111111100111111111111001111100000111110000000000000333303003330003
00000000000000000000000000000000000000000000000000000000011111111111100333333333333003333300000333330000000000000000000000000000
00000000000000000000000000000000000000000000000000000000033333333333300333333333333003333300000333330000000000000000000000000000
00000000000000000000000000000000000000000000000000000000022222333333300333332222333002222200000222220000000000000000000000000000
00000000000000000000000000000000000000000000000000000000022222222222200022222222220002222200000222220000000000000000000000000000
00000000000000000000000000000000000000000000000000000000011111111111100001111111100001111100000111110000000000000000000000000000
00000000000000000000000000000000000000000000000000000000000000000000000000000000000000000000000000000000000000000000000000000000
00000000000000000000000000000000000000000000000000000000000000000000000000000000000000000000000000000000000000000000000000000000

0x2982292e
00000000000000000000000000000000000000000000000000000000000000000000000000000000000000000000000000000000000000000000000000000000
00000000000000000000000000000000000000000000000001111100000000000111111110000111110000011111000000000000000000000000000000000000
00000000000000000000000000000000000000000000000003333300000000003333333333000111110000011133000000000000000000000000000000000000
00000000000000000000000000000000000000000000000003333300000000033333221111100111111000011111000000000000000000000000000000000000
00000000000000000000000000000000000000000000000002222200000000022222222222200222222000011111000000000000000000000000000000000000
00000000000000000000000000000000000000000000000001111100000000011111111111100111111100011111000000000000000000000000000000000000
00333330033300330030330000333330333300000000000001111100000000011111111111100111111100011111000000000000000000000003330000003333
30330000330030330030330000330030330030000000000003333300000000011111111111100111111110011111000000000000000003030030033000003300
30330000330000330030330000330030330030000000000002222200000000033333001111100111111110011111000000000000000033333000033000003300
30333300330330330030330000333330333330000000000002222200000000022222002222200111111111011111000000000000000003030003330000003333
00330000330030330030330000330030330300000000000001111100000000011111001111100111111111011111000000000000000033333000033000003303
30330000330030330030330000330030330030000000000001111100000000033333003333300333333333333333000000000000000003030030033000003300
30333330033330033300333330330030330030000000000003333300000000033333003333300333333333333332000000000000000000000003330000003300
00000000000000000000000000000000000000000000000003333300000000022223003222200222222222222222000000000000000000000000000000000000
00000000000000000000000000000000000000000000000002222200000000022222002222200222222222222222000000000000000000000000000000000000
00000000000000000000000000000000000000000000000001111100000000011111001111100111110111111111000000000000000000000000000000000000
00000000000000000000000000000000000000000000000003333300000000033333003111100111110111111111000000000000000000000000000000000000
00000000000000000000000000000000000000000000000003333300000000011111001111100111110011111111000000000000000000000000000000000000
00000333000333000333000003330003330003330000000002222200000000022211001111100111110011111111000000000000003300000333003333300333
30003300303300303300300033003033003033003000000001111100000000011111001111100111110001111111000000000000033300003003303000003300
30003300303300303300300033003033003033003000000001111100000000011111003333300333330003333333000000000000003300003003303333003300
30003300303300303300300033003033003033003000000001111100000000011111001222300333330000333333000000000000003300000333300003303300
30003300303300303300300033003033003033003000000001111100000000011122003333300333330000333333000000000000003300000003300003303300
30303300303300303300303033003033003033003000000001111111112220022222222222200222220000022222000000000000003300303003303003303300
00300333000333000333003003330003330003330000000001111111111110011111111111100111110000011111000000000000033330300333000333000333
00000000000000000000000000000000000000000000000001111111111110033333333333300333330000033333000000000000000000000000000000000000
00000000000000000000000000000000000000000000000003333333333330033333333333300333330000033333000000000000000000000000000000000000
00000000000000000000000000000000000000000000000002222233333330033333222233300222220000022222000000000000000000000000000000000000
00000000000000000000000000000000000000000000000002222222222220002222222222000222220000022222000000000000000000000000000000000000
00000000000000000000000000000000000000000000000001111111111110000111111110000111110000011111000000000000000000000000000000000000
00000000000000000000000000000000000000000000000000000000000000000000000000000000000000000000000000000000000000000000000000000000
00000000000000000000000000000000000000000000000000000000000000000000000000000000000000000000000000000000000000000000000000000000

0x2982295d
00000000000000000000000000000000000000000000000000000000000000000000000000000000000000000000000000000000000000000000000000000000
00000000000000000000000000000000000000000111110000000000011111111000011111000001111100000000000000000000000000000000000000000000
00000000000000000000000000000000000000000333330000000000333333333300011111000001113300000000000000000000000000000000000000000000
00000000000000000000000000000000000000000333330000000003333322111110011111100001111100000000000000000000000000000000000000000000
00000000000000000000000000000000000000000222220000000002222222222220022222200001111100000000000000000000000000000000000000000000
00000000000000000000000000000000000000000111110000000001111111111110011111110001111100000000000000000000000000000000000000000000
03330033003033000033333033330000000000000111110000000001111111111110011111110001111100000000000000000000000333000000333300333330
33003033003033000033003033003000000000000333330000000001111111111110011111111001111100000000000000000303003003300000330030330000
33000033003033000033003033003000000000000222220000000003333300111110011111111001111100000000000000003333300003300000330030330000
33033033003033000033333033333000000000000222220000000002222200222220011111111101111100000000000000000303000333000000333330333300
33003033003033000033003033030000000000000111110000000001111100111110011111111101111100000000000000003333300003300000330300330000
33003033003033000033003033003000000000000111110000000003333300333330033333333333333300000000000000000303003003300000330030330000
03333003330033333033003033003000000000000333330000000003333300333330033333333333333200000000000000000000000333000000330030333330
00000000000000000000000000000000000000000333330000000002222300322220022222222222222200000000000000000000000000000000000000000000
00000000000000000000000000000000000000000222220000000002222200222220022222222222222200000000000000000000000000000000000000000000
00000000000000000000000000000000000000000111110000000001111100111110011111011111111100000000000000000000000000000000000000000000
00000000000000000000000000000000000000000333330000000003333300311110011111011111111100000000000000000000000000000000000000000000
00000000000000000000000000000000000000000333330000000001111100111110011111001111111100000000000000000000000000000000000000000000
00033300033300000333000333000333000000000222220000000002221100111110011111001111111100000000000000330000033300333330033300000333
30330030330030003300303300303300300000000111110000000001111100111110011111000111111100000000000003330000300330300000330030003300
30330030330030003300303300303300300000000111110000000001111100333330033333000333333300000000000000330000300330333300330030003300
30330030330030003300303300303300300000000111110000000001111100122230033333000033333300000000000000330000033330000330330030003300
30330030330030003300303300303300300000000111110000000001112200333330033333000033333300000000000000330000000330000330330030003300
30330030330030303300303300303300300000000111111111222002222222222220022222000002222200000000000000330030300330300330330030303300
00033300033300300333000333000333000000000111111111111001111111111110011111000001111100000000000003333030033300033300033300300333
00000000000000000000000000000000000000000111111111111003333333333330033333000003333300000000000000000000000000000000000000000000
00000000000000000000000000000000000000000333333333333003333333333330033333000003333300000000000000000000000000000000000000000000
00000000000000000000000000000000000000000222223333333003333322223330022222000002222200000000000000000000000000000000000000000000
00000000000000000000000000000000000000000222222222222000222222222200022222000002222200000000000000000000000000000000000000000000
00000000000000000000000000000000000000000111111111111000011111111000011111000001111100000000000000000000000000000000000000000000
00000000000000000000000000000000000000000000000000000000000000000000000000000000000000000000000000000000000000000000000000000000
00000000000000000000000000000000000000000000000000000000000000000000000000000000000000000000000000000000000000000000000000000000

0x2982298b
00000000000000000000000000000000000000000000000000000000000000000000000000000000000000000000000000000000000000000000000000000000
00000000000000000000000000000000011111000000000001111111100001111100000111110000000000000000000000000000000000000000000000000000
00000000000000000000000000000000033333000000000033333333330001111100000111330000000000000000000000000000000000000000000000000000
00000000000000000000000000000000033333000000000333332211111001111110000111110000000000000000000000000000000000000000000000000000
00000000000000000000000000000000022222000000000222222222222002222220000111110000000000000000000000000000000000000000000000000000
00000000000000000000000000000000011111000000000111111111111001111111000111110000000000000000000000000000000000000000000000000000
00303300003333303333000000000000011111000000000111111111111001111111000111110000000000000000000000033300000033330033333003330033
00303300003300303300300000000000033333000000000111111111111001111111100111110000000000000000030300300330000033003033000033003033
00303300003300303300300000000000022222000000000333330011111001111111100111110000000000000000333330000330000033003033000033000033
00303300003333303333300000000000022222000000000222220022222001111111110111110000000000000000030300033300000033333033330033033033
00303300003300303303000000000000011111000000000111110011111001111111110111110000000000000000333330000330000033030033000033003033
00303300003300303300300000000000011111000000000333330033333003333333333333330000000000000000030300300330000033003033000033003033
33003333303300303300300000000000033333000000000333330033333003333333333333320000000000000000000000033300000033003033333003333003
00000000000000000000000000000000033333000000000222230032222002222222222222220000000000000000000000000000000000000000000000000000
00000000000000000000000000000000022222000000000222220022222002222222222222220000000000000000000000000000000000000000000000000000
00000000000000000000000000000000011111000000000111110011111001111101111111110000000000000000000000000000000000000000000000000000
00000000000000000000000000000000033333000000000333330031111001111101111111110000000000000000000000000000000000000000000000000000
00000000000000000000000000000000033333000000000111110011111001111100111111110000000000000000000000000000000000000000000000000000
03330000033300033300033300000000022222000000000222110011111001111100111111110000000000000033000003330033333003330000033300033300
33003000330030330030330030000000011111000000000111110011111001111100011111110000000000000333000030033030000033003000330030330030
33003000330030330030330030000000011111000000000111110033333003333300033333330000000000000033000030033033330033003000330030330030
33003000330030330030330030000000011111000000000111110012223003333300003333330000000000000033000003333000033033003000330030330030
33003000330030330030330030000000011111000000000111220033333003333300003333330000000000000033000000033000033033003000330030330030
33003030330030330030330030000000011111111122200222222222222002222200000222220000000000000033003030033030033033003030330030330030
03330030033300033300033300000000011111111111100111111111111001111100000111110000000000000333303003330003330003330030033300033300
00000000000000000000000000000000011111111111100333333333333003333300000333330000000000000000000000000000000000000000000000000000
00000000000000000000000000000000033333333333300333333333333003333300000333330000000000000000000000000000000000000000000000000000
00000000000000000000000000000000022222333333300333332222333002222200000222220000000000000000000000000000000000000000000000000000
00000000000000000000000000000000022222222222200022222222220002222200000222220000000000000000000000000000000000000000000000000000
00000000000000000000000000000000011111111111100001111111100001111100000111110000000000000000000000000000000000000000000000000000
00000000000000000000000000000000000000000000000000000000000000000000000000000000000000000000000000000000000000000000000000000000
00000000000000000000000000000000000000000000000000000000000000000000000000000000000000000000000000000000000000000000000000000000

0x298229ab
00000000000000000000000000000000000000000000000000000000000000000000000000000000000000000000000000000000000000000000000000000000
00000000000000000000000001111100000000000111111110000111110000011111000000000000000000000000000000000000000000000000000000000000
00000000000000000000000003333300000000003333333333000111110000011133000000000000000000000000000000000000000000000000000000000000
00000000000000000000000003333300000000033333221111100111111000011111000000000000000000000000000000000000000000000000000000000000
00000000000000000000000002222200000000022222222222200222222000011111000000000000000000000000000000000000000000000000000000000000
00000000000000000000000001111100000000011111111111100111111100011111000000000000000000000000000000000000000000000000000000000000
00333330333300000000000001111100000000011111111111100111111100011111000000000000000000000003330000003333003333300333003300303300
00330030330030000000000003333300000000011111111111100111111110011111000000000000000003030030033000003300303300003300303300303300
00330030330030000000000002222200000000033333001111100111111110011111000000000000000033333000033000003300303300003300003300303300
00333330333330000000000002222200000000022222002222200111111111011111000000000000000003030003330000003333303333003303303300303300
00330030330300000000000001111100000000011111001111100111111111011111000000000000000033333000033000003303003300003300303300303300
00330030330030000000000001111100000000033333003333300333333333333333000000000000000003030030033000003300303300003300303300303300
30330030330030000000000003333300000000033333003333300333333333333332000000000000000000000003330000003300303333300333300333003333
00000000000000000000000003333300000000022223003222200222222222222222000000000000000000000000000000000000000000000000000000000000
00000000000000000000000002222200000000022222002222200222222222222222000000000000000000000000000000000000000000000000000000000000
00000000000000000000000001111100000000011111001111100111110111111111000000000000000000000000000000000000000000000000000000000000
00000000000000000000000003333300000000033333003111100111110111111111000000000000000000000000000000000000000000000000000000000000
00000000000000000000000003333300000000011111001111100111110011111111000000000000000000000000000000000000000000000000000000000000
03330003330003330000000002222200000000022211001111100111110011111111000000000000003300000333003333300333000003330003330003330000
33003033003033003000000001111100000000011111001111100111110001111111000000000000033300003003303000003300300033003033003033003000
33003033003033003000000001111100000000011111003333300333330003333333000000000000003300003003303333003300300033003033003033003000
33003033003033003000000001111100000000011111001222300333330000333333000000000000003300000333300003303300300033003033003033003000
33003033003033003000000001111100000000011122003333300333330000333333000000000000003300000003300003303300300033003033003033003000
33003033003033003000000001111111112220022222222222200222220000022222000000000000003300303003303003303300303033003033003033003030
03330003330003330000000001111111111110011111111111100111110000011111000000000000033330300333000333000333003003330003330003330030
00000000000000000000000001111111111110033333333333300333330000033333000000000000000000000000000000000000000000000000000000000000
00000000000000000000000003333333333330033333333333300333330000033333000000000000000000000000000000000000000000000000000000000000
00000000000000000000000002222233333330033333222233300222220000022222000000000000000000000000000000000000000000000000000000000000
00000000000000000000000002222222222220002222222222000222220000022222000000000000000000000000000000000000000000000000000000000000
00000000000000000000000001111111111110000111111110000111110000011111000000000000000000000000000000000000000000000000000000000000
00000000000000000000000000000000000000000000000000000000000000000000000000000000000000000000000000000000000000000000000000000000
00000000000000000000000000000000000000000000000000000000000000000000000000000000000000000000000000000000000000000000000000000000

0x298229ca
00000000000000000000000000000000000000000000000000000000000000000000000000000000000000000000000000000000000000000000000000000000
00000000000000000111110000000000011111111000011111000001111100000000000000000000000000000000000000000000000000000000000000000000
00000000000000000333330000000000333333333300011111000001113300000000000000000000000000000000000000000000000000000000000000000000
00000000000000000333330000000003333322111110011111100001111100000000000000000000000000000000000000000000000000000000000000000000
00000000000000000222220000000002222222222220022222200001111100000000000000000000000000000000000000000000000000000000000000000000
00000000000000000111110000000001111111111110011111110001111100000000000000000000000000000000000000000000000000000000000000000000
33330000000000000111110000000001111111111110011111110001111100000000000000000000000333000000333300333330033300330030330000333330
33003000000000000333330000000001111111111110011111111001111100000000000000000303003003300000330030330000330030330030330000330030
33003000000000000222220000000003333300111110011111111001111100000000000000003333300003300000330030330000330000330030330000330030
33333000000000000222220000000002222200222220011111111101111100000000000000000303000333000000333330333300330330330030330000333330
33030000000000000111110000000001111100111110011111111101111100000000000000003333300003300000330300330000330030330030330000330030
33003000000000000111110000000003333300333330033333333333333300000000000000000303003003300000330030330000330030330030330000330030
33003000000000000333330000000003333300333330033333333333333200000000000000000000000333000000330030333330033330033300333330330030
00000000000000000333330000000002222300322220022222222222222200000000000000000000000000000000000000000000000000000000000000000000
00000000000000000222220000000002222200222220022222222222222200000000000000000000000000000000000000000000000000000000000000000000
00000000000000000111110000000001111100111110011111011111111100000000000000000000000000000000000000000000000000000000000000000000
00000000000000000333330000000003333300311110011111011111111100000000000000000000000000000000000000000000000000000000000000000000
00000000000000000333330000000001111100111110011111001111111100000000000000000000000000000000000000000000000000000000000000000000
33000333000000000222220000000002221100111110011111001111111100000000000000330000033300333330033300000333000333000333000003330003
00303300300000000111110000000001111100111110011111000111111100000000000003330000300330300000330030003300303300303300300033003033
00303300300000000111110000000001111100333330033333000333333300000000000000330000300330333300330030003300303300303300300033003033
00303300300000000111110000000001111100122230033333000033333300000000000000330000033330000330330030003300303300303300300033003033
00303300300000000111110000000001112200333330033333000033333300000000000000330000000330000330330030003300303300303300300033003033
00303300300000000111111111222002222222222220022222000002222200000000000000330030300330300330330030303300303300303300303033003033
33000333000000000111111111111001111111111110011111000001111100000000000003333030033300033300033300300333000333000333003003330003
00000000000000000111111111111003333333333330033333000003333300000000000000000000000000000000000000000000000000000000000000000000
00000000000000000333333333333003333333333330033333000003333300000000000000000000000000000000000000000000000000000000000000000000
00000000000000000222223333333003333322223330022222000002222200000000000000000000000000000000000000000000000000000000000000000000
00000000000000000222222222222000222222222200022222000002222200000000000000000000000000000000000000000000000000000000000000000000
00000000000000000111111111111000011111111000011111000001111100000000000000000000000000000000000000000000000000000000000000000000
00000000000000000000000000000000000000000000000000000000000000000000000000000000000000000000000000000000000000000000000000000000
00000000000000000000000000000000000000000000000000000000000000000000000000000000000000000000000000000000000000000000000000000000

0x298229f9
00000000000000000000000000000000000000000000000000000000000000000000000000000000000000000000000000000000000000000000000000000000
00000000011111000000000001111111100001111100000111110000000000000000000000000000000000000000000000000000000000000000000000000000
00000000033333000000000033333333330001111100000111330000000000000000000000000000000000000000000000000000000000000000000000000000
00000000033333000000000333332211111001111110000111110000000000000000000000000000000000000000000000000000000000000000000000000000
00000000022222000000000222222222222002222220000111110000000000000000000000000000000000000000000000000000000000000000000000000000
00000000011111000000000111111111111001111111000111110000000000000000000000000000000000000000000000000000000000000000000000000000
00000000011111000000000111111111111001111111000111110000000000000000000000033300000033330033333003330033003033000033333033330000
00000000033333000000000111111111111001111111100111110000000000000000030300300330000033003033000033003033003033000033003033003000
00000000022222000000000333330011111001111111100111110000000000000000333330000330000033003033000033000033003033000033003033003000
00000000022222000000000222220022222001111111110111110000000000000000030300033300000033333033330033033033003033000033333033333000
00000000011111000000000111110011111001111111110111110000000000000000333330000330000033030033000033003033003033000033003033030000
00000000011111000000000333330033333003333333333333330000000000000000030300300330000033003033000033003033003033000033003033003000
00000000033333000000000333330033333003333333333333320000000000000000000000033300000033003033333003333003330033333033003033003000
00000000033333000000000222230032222002222222222222220000000000000000000000000000000000000000000000000000000000000000000000000000
00000000022222000000000222220022222002222222222222220000000000000000000000000000000000000000000000000000000000000000000000000000
00000000011111000000000111110011111001111101111111110000000000000000000000000000000000000000000000000000000000000000000000000000
00000000033333000000000333330031111001111101111111110000000000000000000000000000000000000000000000000000000000000000000000000000
00000000033333000000000111110011111001111100111111110000000000000000000000000000000000000000000000000000000000000000000000000000
00000000022222000000000222110011111001111100111111110000000000000033000003330033333003330000033300033300033300000333000333000333
30000000011111000000000111110011111001111100011111110000000000000333000030033030000033003000330030330030330030003300303300303300
30000000011111000000000111110033333003333300033333330000000000000033000030033033330033003000330030330030330030003300303300303300
30000000011111000000000111110012223003333300003333330000000000000033000003333000033033003000330030330030330030003300303300303300
30000000011111000000000111220033333003333300003333330000000000000033000000033000033033003000330030330030330030003300303300303300
30000000011111111122200222222222222002222200000222220000000000000033003030033030033033003030330030330030330030303300303300303300
00000000011111111111100111111111111001111100000111110000000000000333303003330003330003330030033300033300033300300333000333000333
00000000011111111111100333333333333003333300000333330000000000000000000000000000000000000000000000000000000000000000000000000000
00000000033333333333300333333333333003333300000333330000000000000000000000000000000000000000000000000000000000000000000000000000
00000000022222333333300333332222333002222200000222220000000000000000000000000000000000000000000000000000000000000000000000000000
00000000022222222222200022222222220002222200000222220000000000000000000000000000000000000000000000000000000000000000000000000000
00000000011111111111100001111111100001111100000111110000000000000000000000000000000000000000000000000000000000000000000000000000
00000000000000000000000000000000000000000000000000000000000000000000000000000000000000000000000000000000000000000000000000000000
00000000000000000000000000000000000000000000000000000000000000000000000000000000000000000000000000000000000000000000000000000000

0x29822a18
00000000000000000000000000000000000000000000000000000000000000000000000000000000000000000000000000000000000000000000000000000000
01111100000000000111111110000111110000011111000000000000000000000000000000000000000000000000000000000000000000000000000000000000
03333300000000003333333333000111110000011133000000000000000000000000000000000000000000000000000000000000000000000000000000000000
03333300000000033333221111100111111000011111000000000000000000000000000000000000000000000000000000000000000000000000000000000000
02222200000000022222222222200222222000011111000000000000000000000000000000000000000000000000000000000000000000000000000000000000
01111100000000011111111111100111111100011111000000000000000000000000000000000000000000000000000000000000000000000000000000000000
01111100000000011111111111100111111100011111000000000000000000000003330000003333003333300333003300303300003333303333000000000000
03333300000000011111111111100111111110011111000000000000000003030030033000003300303300003300303300303300003300303300300000000000
02222200000000033333001111100111111110011111000000000000000033333000033000003300303300003300003300303300003300303300300000000000
02222200000000022222002222200111111111011111000000000000000003030003330000003333303333003303303300303300003333303333300000000000
01111100000000011111001111100111111111011111000000000000000033333000033000003303003300003300303300303300003300303303000000000000
01111100000000033333003333300333333333333333000000000000000003030030033000003300303300003300303300303300003300303300300000000000
03333300000000033333003333300333333333333332000000000000000000000003330000003300303333300333300333003333303300303300300000000000
03333300000000022223003222200222222222222222000000000000000000000000000000000000000000000000000000000000000000000000000000000000
02222200000000022222002222200222222222222222000000000000000000000000000000000000000000000000000000000000000000000000000000000000
01111100000000011111001111100111110111111111000000000000000000000000000000000000000000000000000000000000000000000000000000000000
03333300000000033333003111100111110111111111000000000000000000000000000000000000000000000000000000000000000000000000000000000000
03333300000000011111001111100111110011111111000000000000000000000000000000000000000000000000000000000000000000000000000000000000
02222200000000022211001111100111110011111111000000000000003300000333003333300333000003330003330003330000033300033300033300000000
01111100000000011111001111100111110001111111000000000000033300003003303000003300300033003033003033003000330030330030330030000000
01111100000000011111003333300333330003333333000000000000003300003003303333003300300033003033003033003000330030330030330030000000
01111100000000011111001222300333330000333333000000000000003300000333300003303300300033003033003033003000330030330030330030000000
01111100000000011122003333300333330000333333000000000000003300000003300003303300300033003033003033003000330030330030330030000000
01111111112220022222222222200222220000022222000000000000003300303003303003303300303033003033003033003030330030330030330030000000
01111111111110011111111111100111110000011111000000000000033330300333000333000333003003330003330003330030033300033300033300000000
01111111111110033333333333300333330000033333000000000000000000000000000000000000000000000000000000000000000000000000000000000000
03333333333330033333333333300333330000033333000000000000000000000000000000000000000000000000000000000000000000000000000000000000
02222233333330033333222233300222220000022222000000000000000000000000000000000000000000000000000000000000000000000000000000000000
02222222222220002222222222000222220000022222000000000000000000000000000000000000000000000000000000000000000000000000000000000000
01111111111110000111111110000111110000011111000000000000000000000000000000000000000000000000000000000000000000000000000000000000
00000000000000000000000000000000000000000000000000000000000000000000000000000000000000000000000000000000000000000000000000000000
00000000000000000000000000000000000000000000000000000000000000000000000000000000000000000000000000000000000000000000000000000000

0x29822aa5
00000000000000000000000000000000000000000000000000000000000000000000000000000000000000000000000000000000000000000000000000000000
01111100000000000111111110000111110000011111000000000000000000000000000000000000000000000000000000000000000000000000000000000000
03333300000000001133333333000333330000033333000000000000000000000000000000000000000000000000000000000000000000000000000000000000
01111100000000011111122223300333333000033333000000000000000000000000000000000000000000000000000000000000000000000000000000000000
01111100000000022222222222200222222000022222000000000000000000000000000000000000000000000000000000000000000000000000000000000000
01111100000000011111111111100111111100011111000000000000000000000000000000000000000000000000000000000000000000000000000000000000
03333300000000011111111111100111111100011111000000000000000000000003330000003333003333300333003300303300003333303333000000000000
03333300000000033333333333300333333310011111000000000000000003030030033000003300303300003300303300303300003300303300300000000000
03333300000000022222002222200222222230033333000000000000000033333000033000003300303300003300003300303300003300303300300000000000
02222200000000022222002222200222222222022222000000000000000003030003330000003333303333003303303300303300003333303333300000000000
01111100000000011111001111100111111111011111000000000000000033333000033000003303003300003300303300303300003300303303000000000000
01111100000000011111001111100111333333333333000000000000000003030030033000003300303300003300303300303300003300303300300000000000
01111100000000033333003333300333333333333333000000000000000000000003330000003300303333300333300333003333303300303300300000000000
01111100000000022222002333300333333332222333000000000000000000000000000000000000000000000000000000000000000000000000000000000000
01111200000000022222002222200222222222222222000000000000000000000000000000000000000000000000000000000000000000000000000000000000
01111100000000011111001111100111110111111111000000000000000000000000000000000000000000000000000000000000000000000000000000000000
03333300000000033333003333300333330333333333000000000000000000000000000000000000000000000000000000000000000000000000000000000000
03333300000000033333003333300333330021111111000000000000000000000000000000000000000000000000000000000000000000000000000000000000
03333300000000022222002222200222220022222111000000000000003300000333003333300333000003330003330003330000033300033300033300000000
02222200000000022221001111100111110001111111000000000000033300003003303000003300300033003033003033003000330030330030330030000000
01111100000000011111001111100111110001113333000000000000003300003003303333003300300033003033003033003000330030330030330030000000
03333300000000011111001111100111110000111112000000000000003300000333300003303300300033003033003033003000330030330030330030000000
02222200000000011111001111100111110000223333000000000000003300000003300003303300300033003033003033003000330030330030330030000000
02222222222220011111111111100122220000022222000000000000003300303003303003303300303033003033003033003030330030330030330030000000
01111111111110011111111111100111110000011111000000000000033330300333000333000333003003330003330003330030033300033300033300000000
01111111111110011111111111100111110000011111000000000000000000000000000000000000000000000000000000000000000000000000000000000000
01111111111110011111111333300333330000033333000000000000000000000000000000000000000000000000000000000000000000000000000000000000
03331111111110011111111111100222220000033333000000000000000000000000000000000000000000000000000000000000000000000000000000000000
01111111111110001122222222000222220000022222000000000000000000000000000000000000000000000000000000000000000000000000000000000000
01111111111110000111111110000111110000011111000000000000000000000000000000000000000000000000000000000000000000000000000000000000
00000000000000000000000000000000000000000000000000000000000000000000000000000000000000000000000000000000000000000000000000000000
00000000000000000000000000000000000000000000000000000000000000000000000000000000000000000000000000000000000000000000000000000000

0x29822b12
00000000000000000000000000000000000000000000000000000000000000000000000000000000000000000000000000000000000000000000000000000000
01111100000000000111111110000111110000011111000000000000000000000000000000000000000000000000000000000000000000000000000000000000
03333300000000003333333333000333330000011111000000000000000000000000000000000000000000000000000000000000000000000000000000000000
03333300000000033333333332200111111000011111000000000000000000000000000000000000000000000000000000000000000000000000000000000000
02222200000000022222222222200221111000022222000000000000000000000000000000000000000000000000000000000000000000000000000000000000
01111100000000011111111111100111111100011111000000000000000000000000000000000000000000000000000000000000000000000000000000000000
01111100000000013333333333300333111100011111000000000000000000000003330000003333003333300333003300303300003333303333000000000000
03333300000000033333333333300333333330033333000000000000000003030030033000003300303300003300303300303300003300303300300000000000
02222300000000033333003333300333333330022222000000000000000033333000033000003300303300003300003300303300003300303300300000000000
02222200000000022222002222200222222222022222000000000000000003030003330000003333303333003303303300303300003333303333300000000000
01111100000000011111001111100111111111011111000000000000000033333000033000003303003300003300303300303300003300303303000000000000
01111100000000011111001111100111111111111111000000000000000003030030033000003300303300003300303300303300003300303300300000000000
01111100000000011111001111100113333333333333000000000000000000000003330000003300303333300333300333003333303300303300300000000000
01111100000000011111001111100111111222222222000000000000000000000000000000000000000000000000000000000000000000000000000000000000
01111100000000011111001111200222222222222222000000000000000000000000000000000000000000000000000000000000000000000000000000000000
01111100000000011111001111100111110111111111000000000000000000000000000000000000000000000000000000000000000000000000000000000000
03333300000000033333003333300333330333333333000000000000000000000000000000000000000000000000000000000000000000000000000000000000
03333300000000033333003333300333330033333333000000000000000000000000000000000000000000000000000000000000000000000000000000000000
01111100000000033333003333300222220022222222000000000000003300000333003333300333000003330003330003330000033300033300033300000000
01222200000000022222002222200222220002222211000000000000033300003003303000003300300033003033003033003000330030330030330030000000
01111100000000011111001111100111110001111111000000000000003300003003303333003300300033003033003033003000330030330030330030000000
03333300000000033333003333300111110000111111000000000000003300000333300003303300300033003033003033003000330030330030330030000000
03222200000000022222002222100111110000111111000000000000003300000003300003303300300033003033003033003000330030330030330030000000
02222222222220022222222222200222220000011111000000000000003300303003303003303300303033003033003033003030330030330030330030000000
01111111111110011111111111100111110000011111000000000000033330300333000333000333003003330003330003330030033300033300033300000000
01111111111110011111111111100111110000011111000000000000000000000000000000000000000000000000000000000000000000000000000000000000
01111111111110011111111111100111110000011111000000000000000000000000000000000000000000000000000000000000000000000000000000000000
03333333333330033333333333300333330000011111000000000000000000000000000000000000000000000000000000000000000000000000000000000000
03333333333330003332222211000111110000011111000000000000000000000000000000000000000000000000000000000000000000000000000000000000
02222222222220000222222220000111110000011111000000000000000000000000000000000000000000000000000000000000000000000000000000000000
00000000000000000000000000000000000000000000000000000000000000000000000000000000000000000000000000000000000000000000000000000000
00000000000000000000000000000000000000000000000000000000000000000000000000000000000000000000000000000000000000000000000000000000

0x29822bfc
00000000000000000000000000000000000000000000000000000000000000000000000000000000000000000000000000000000000000000000000000000000
01111100000000000111111110000111110000011111000000000000000000000000000000000000000000000000000000000000000000000000000000000000
03333300000000003333333333000333330000033333000000000000000000000000000000000000000000000000000000000000000000000000000000000000
03333300000000033333333333300333333000033333000000000000000000000000000000000000000000000000000000000000000000000000000000000000
03333300000000022222222222200222222000022222000000000000000000000000000000000000000000000000000000000000000000000000000000000000
02222200000000022222222211100111111100011111000000000000000000000000000000000000000000000000000000000000000000000000000000000000
01111100000000011111111111100111111100011333000000000000000000000003330000003333003333300333003300303300003333303333000000000000
01111100000000011111111113300333333330033333000000000000000003030030033000003300303300003300303300303300003300303300300000000000
01111100000000011111003332200233333330033333000000000000000033333000033000003300303300003300003300303300003300303300300000000000
01111100000000011222002222200222222222022222000000000000000003030003330000003333303333003303303300303300003333303333300000000000
01111100000000011111001111100111111111011111000000000000000033333000033000003303003300003300303300303300003300303303000000000000
03333300000000011111001111100111111111111111000000000000000003030030033000003300303300003300303300303300003300303300300000000000
02221100000000011111001111100111111111111111000000000000000000000003330000003300303333300333300333003333303300303300300000000000
02222200000000022111001111100111111111111111000000000000000000000000000000000000000000000000000000000000000000000000000000000000
02222200000000022222001111100111111111111111000000000000000000000000000000000000000000000000000000000000000000000000000000000000
01111100000000011111001111100111110111111111000000000000000000000000000000000000000000000000000000000000000000000000000000000000
01111100000000033333003333300333330333333333000000000000000000000000000000000000000000000000000000000000000000000000000000000000
01111100000000012222002233300333330033333333000000000000000000000000000000000000000000000000000000000000000000000000000000000000
01111100000000011111001111100222220033333333000000000000003300000333003333300333000003330003330003330000033300033300033300000000
01111100000000011111001112200222220002222222000000000000033300003003303000003300300033003033003033003000330030330030330030000000
03333300000000011111001111100111110001111111000000000000003300003003303333003300300033003033003033003000330030330030330030000000
03333300000000033333003333300333330000333333000000000000003300000333300003303300300033003033003033003000330030330030330030000000
03333300000000033333002222200222220000222222000000000000003300000003300003303300300033003033003033003000330030330030330030000000
02222222222220022222222222200222220000022222000000000000003300303003303003303300303033003033003033003030330030330030330030000000
01111111111110011111111111100111110000011111000000000000033330300333000333000333003003330003330003330030033300033300033300000000
01111111111110011111111111100111110000011111000000000000000000000000000000000000000000000000000000000000000000000000000000000000
01111111111110011111111111100111110000011111000000000000000000000000000000000000000000000000000000000000000000000000000000000000
02221111111110033333333333300333330000033333000000000000000000000000000000000000000000000000000000000000000000000000000000000000
02222221111110001111111112000333330000033333000000000000000000000000000000000000000000000000000000000000000000000000000000000000
01111111111110000111112220000222220000022222000000000000000000000000000000000000000000000000000000000000000000000000000000000000
00000000000000000000000000000000000000000000000000000000000000000000000000000000000000000000000000000000000000000000000000000000
00000000000000000000000000000000000000000000000000000000000000000000000000000000000000000000000000000000000000000000000000000000

0x29822cd7
00000000000000000000000000000000000000000000000000000000000000000000000000000000000000000000000000000000000000000000000000000000
01111100000000000111111110000111110000011111000000000000000000000000000000000000000000000000000000000000000000000000000000000000
01111100000000003333333333000333330000033333000000000000000000000000000000000000000000000000000000000000000000000000000000000000
01111100000000011111222223300333333000033333000000000000000000000000000000000000000000000000000000000000000000000000000000000000
02222200000000011111111112200233333000033222000000000000000000000000000000000000000000000000000000000000000000000000000000000000
01111100000000011111112222200222222200022222000000000000000000000000000000000000000000000000000000000000000000000000000000000000
01111100000000011111111111100111111100011111000000000000000000000003330000003333003333300333003300303300003333303333000000000000
01111100000000011111111111100111111110011111000000000000000003030030033000003300303300003300303300303300003300303300300000000000
01111100000000011111001111100111111110011111000000000000000033333000033000003300303300003300003300303300003300303300300000000000
02111100000000011111001111100111111111011122000000000000000003030003330000003333303333003303303300303300003333303333300000000000
01111100000000011111001111100111111111011111000000000000000033333000033000003303003300003300303300303300003300303303000000000000
03333300000000033333003333300111111111111111000000000000000003030030033000003300303300003300303300303300003300303300300000000000
03333300000000033333002221100111111111111111000000000000000000000003330000003300303333300333300333003333303300303300300000000000
03222200000000022222002222200222222222111111000000000000000000000000000000000000000000000000000000000000000000000000000000000000
02222200000000022222002222200222222222222111000000000000000000000000000000000000000000000000000000000000000000000000000000000000
01111100000000011111001111100111110111111111000000000000000000000000000000000000000000000000000000000000000000000000000000000000
01111100000000011111001111100111110133333333000000000000000000000000000000000000000000000000000000000000000000000000000000000000
01111100000000011111001111100111110011122222000000000000000000000000000000000000000000000000000000000000000000000000000000000000
01111100000000011111001111100111110011111111000000000000003300000333003333300333000003330003330003330000033300033300033300000000
01111100000000011111001111100111110001111111000000000000033300003003303000003300300033003033003033003000330030330030330030000000
03333300000000033333003333300333110001111111000000000000003300003003303333003300300033003033003033003000330030330030330030000000
01122200000000033333003333300333330000333333000000000000003300000333300003303300300033003033003033003000330030330030330030000000
03333300000000033333003333300333330000333322000000000000003300000003300003303300300033003033003033003000330030330030330030000000
02222222222220022222222222200222220000022222000000000000003300303003303003303300303033003033003033003030330030330030330030000000
01111111111110011111111111100111110000011111000000000000033330300333000333000333003003330003330003330030033300033300033300000000
03333333333330033333333331100111110000011111000000000000000000000000000000000000000000000000000000000000000000000000000000000000
03333333333330033322211111100111110000011111000000000000000000000000000000000000000000000000000000000000000000000000000000000000
02222222222220022222222222200222220000011111000000000000000000000000000000000000000000000000000000000000000000000000000000000000
02222222222220002222222222000222220000011111000000000000000000000000000000000000000000000000000000000000000000000000000000000000
01111111111110000111111110000111110000011111000000000000000000000000000000000000000000000000000000000000000000000000000000000000
00000000000000000000000000000000000000000000000000000000000000000000000000000000000000000000000000000000000000000000000000000000
00000000000000000000000000000000000000000000000000000000000000000000000000000000000000000000000000000000000000000000000000000000

0x29822dc2
00000000000000000000000000000000000000000000000000000000000000000000000000000000000000000000000000000000000000000000000000000000
01111100000000000111111110000111110000011111000000000000000000000000000000000000000000000000000000000000000000000000000000000000
03333300000000003333333333000111110000011133000000000000000000000000000000000000000000000000000000000000000000000000000000000000
03333300000000033333221111100111111000011111000000000000000000000000000000000000000000000000000000000000000000000000000000000000
02222200000000022222222222200222222000011111000000000000000000000000000000000000000000000000000000000000000000000000000000000000
01111100000000011111111111100111111100011111000000000000000000000000000000000000000000000000000000000000000000000000000000000000
01111100000000011111111111100111111100011111000000000000000000000003330000003333003333300333003300303300003333303333000000000000
03333300000000011111111111100111111110011111000000000000000003030030033000003300303300003300303300303300003300303300300000000000
02222200000000033333001111100111111110011111000000000000000033333000033000003300303300003300003300303300003300303300300000000000
02222200000000022222002222200111111111011111000000000000000003030003330000003333303333003303303300303300003333303333300000000000
01111100000000011111001111100111111111011111000000000000000033333000033000003303003300003300303300303300003300303303000000000000
01111100000000033333003333300333333333333333000000000000000003030030033000003300303300003300303300303300003300303300300000000000
03333300000000033333003333300333333333333332000000000000000000000003330000003300303333300333300333003333303300303300300000000000
03333300000000022223003222200222222222222222000000000000000000000000000000000000000000000000000000000000000000000000000000000000
02222200000000022222002222200222222222222222000000000000000000000000000000000000000000000000000000000000000000000000000000000000
01111100000000011111001111100111110111111111000000000000000000000000000000000000000000000000000000000000000000000000000000000000
03333300000000033333003111100111110111111111000000000000000000000000000000000000000000000000000000000000000000000000000000000000
03333300000000011111001111100111110011111111000000000000000000000000000000000000000000000000000000000000000000000000000000000000
02222200000000022211001111100111110011111111000000000000003300000333003333300333000003330003330003330000033300033300033300000000
01111100000000011111001111100111110001111111000000000000033300003003303000003300300033003033003033003000330030330030330030000000
01111100000000011111003333300333330003333333000000000000003300003003303333003300300033003033003033003000330030330030330030000000
01111100000000011111001222300333330000333333000000000000003300000333300003303300300033003033003033003000330030330030330030000000
01111100000000011122003333300333330000333333000000000000003300000003300003303300300033003033003033003000330030330030330030000000
01111111112220022222222222200222220000022222000000000000003300303003303003303300303033003033003033003030330030330030330030000000
01111111111110011111111111100111110000011111000000000000033330300333000333000333003003330003330003330030033300033300033300000000
01111111111110033333333333300333330000033333000000000000000000000000000000000000000000000000000000000000000000000000000000000000
03333333333330033333333333300333330000033333000000000000000000000000000000000000000000000000000000000000000000000000000000000000
02222233333330033333222233300222220000022222000000000000000000000000000000000000000000000000000000000000000000000000000000000000
02222222222220002222222222000222220000022222000000000000000000000000000000000000000000000000000000000000000000000000000000000000
01111111111110000111111110000111110000011111000000000000000000000000000000000000000000000000000000000000000000000000000000000000
00000000000000000000000000000000000000000000000000000000000000000000000000000000000000000000000000000000000000000000000000000000
00000000000000000000000000000000000000000000000000000000000000000000000000000000000000000000000000000000000000000000000000000000

0x29822eac
00000000000000000000000000000000000000000000000000000000000000000000000000000000000000000000000000000000000000000000000000000000
01111100000000000111111110000111110000011111000000000000000000000000000000000000000000000000000000000000000000000000000000000000
03333300000000001133333333000333330000033333000000000000000000000000000000000000000000000000000000000000000000000000000000000000
01111100000000011111122223300333333000033333000000000000000000000000000000000000000000000000000000000000000000000000000000000000
01111100000000022222222222200222222000022222000000000000000000000000000000000000000000000000000000000000000000000000000000000000
01111100000000011111111111100111111100011111000000000000000000000000000000000000000000000000000000000000000000000000000000000000
03333300000000011111111111100111111100011111000000000000000000000003330000003333003333300333003300303300003333303333000000000000
03333300000000033333333333300333333310011111000000000000000003030030033000003300303300003300303300303300003300303300300000000000
03333300000000022222002222200222222230033333000000000000000033333000033000003300303300003300003300303300003300303300300000000000
02222200000000022222002222200222222222022222000000000000000003030003330000003333303333003303303300303300003333303333300000000000
01111100000000011111001111100111111111011111000000000000000033333000033000003303003300003300303300303300003300303303000000000000
01111100000000011111001111100111333333333333000000000000000003030030033000003300303300003300303300303300003300303300300000000000
01111100000000033333003333300333333333333333000000000000000000000003330000003300303333300333300333003333303300303300300000000000
01111100000000022222002333300333333332222333000000000000000000000000000000000000000000000000000000000000000000000000000000000000
01111200000000022222002222200222222222222222000000000000000000000000000000000000000000000000000000000000000000000000000000000000
01111100000000011111001111100111110111111111000000000000000000000000000000000000000000000000000000000000000000000000000000000000
03333300000000033333003333300333330333333333000000000000000000000000000000000000000000000000000000000000000000000000000000000000
03333300000000033333003333300333330021111111000000000000000000000000000000000000000000000000000000000000000000000000000000000000
03333300000000022222002222200222220022222111000000000000003300000333003333300333000003330003330003330000033300033300033300000000
02222200000000022221001111100111110001111111000000000000033300003003303000003300300033003033003033003000330030330030330030000000
01111100000000011111001111100111110001113333000000000000003300003003303333003300300033003033003033003000330030330030330030000000
03333300000000011111001111100111110000111112000000000000003300000333300003303300300033003033003033003000330030330030330030000000
02222200000000011111001111100111110000223333000000000000003300000003300003303300300033003033003033003000330030330030330030000000
02222222222220011111111111100122220000022222000000000000003300303003303003303300303033003033003033003030330030330030330030000000
01111111111110011111111111100111110000011111000000000000033330300333000333000333003003330003330003330030033300033300033300000000
01111111111110011111111111100111110000011111000000000000000000000000000000000000000000000000000000000000000000000000000000000000
01111111111110011111111333300333330000033333000000000000000000000000000000000000000000000000000000000000000000000000000000000000
03331111111110011111111111100222220000033333000000000000000000000000000000000000000000000000000000000000000000000000000000000000
01111111111110001122222222000222220000022222000000000000000000000000000000000000000000000000000000000000000000000000000000000000
01111111111110000111111110000111110000011111000000000000000000000000000000000000000000000000000000000000000000000000000000000000
00000000000000000000000000000000000000000000000000000000000000000000000000000000000000000000000000000000000000000000000000000000
00000000000000000000000000000000000000000000000000000000000000000000000000000000000000000000000000000000000000000000000000000000

0x29822f96
00000000000000000000000000000000000000000000000000000000000000000000000000000000000000000000000000000000000000000000000000000000
01111100000000000111111110000111110000011111000000000000000000000000000000000000000000000000000000000000000000000000000000000000
03333300000000003333333333000333330000011111000000000000000000000000000000000000000000000000000000000000000000000000000000000000
03333300000000033333333332200111111000011111000000000000000000000000000000000000000000000000000000000000000000000000000000000000
02222200000000022222222222200221111000022222000000000000000000000000000000000000000000000000000000000000000000000000000000000000
01111100000000011111111111100111111100011111000000000000000000000000000000000000000000000000000000000000000000000000000000000000
01111100000000013333333333300333111100011111000000000000000000000003330000003333003333300333003300303300003333303333000000000000
03333300000000033333333333300333333330033333000000000000000003030030033000003300303300003300303300303300003300303300300000000000
02222300000000033333003333300333333330022222000000000000000033333000033000003300303300003300003300303300003300303300300000000000
02222200000000022222002222200222222222022222000000000000000003030003330000003333303333003303303300303300003333303333300000000000
01111100000000011111001111100111111111011111000000000000000033333000033000003303003300003300303300303300003300303303000000000000
01111100000000011111001111100111111111111111000000000000000003030030033000003300303300003300303300303300003300303300300000000000
01111100000000011111001111100113333333333333000000000000000000000003330000003300303333300333300333003333303300303300300000000000
01111100000000011111001111100111111222222222000000000000000000000000000000000000000000000000000000000000000000000000000000000000
01111100000000011111001111200222222222222222000000000000000000000000000000000000000000000000000000000000000000000000000000000000
01111100000000011111001111100111110111111111000000000000000000000000000000000000000000000000000000000000000000000000000000000000
03333300000000033333003333300333330333333333000000000000000000000000000000000000000000000000000000000000000000000000000000000000
03333300000000033333003333300333330033333333000000000000000000000000000000000000000000000000000000000000000000000000000000000000
01111100000000033333003333300222220022222222000000000000003300000333003333300333000003330003330003330000033300033300033300000000
01222200000000022222002222200222220002222211000000000000033300003003303000003300300033003033003033003000330030330030330030000000
01111100000000011111001111100111110001111111000000000000003300003003303333003300300033003033003033003000330030330030330030000000
03333300000000033333003333300111110000111111000000000000003300000333300003303300300033003033003033003000330030330030330030000000
03222200000000022222002222100111110000111111000000000000003300000003300003303300300033003033003033003000330030330030330030000000
02222222222220022222222222200222220000011111000000000000003300303003303003303300303033003033003033003030330030330030330030000000
01111111111110011111111111100111110000011111000000000000033330300333000333000333003003330003330003330030033300033300033300000000
01111111111110011111111111100111110000011111000000000000000000000000000000000000000000000000000000000000000000000000000000000000
01111111111110011111111111100111110000011111000000000000000000000000000000000000000000000000000000000000000000000000000000000000
03333333333330033333333333300333330000011111000000000000000000000000000000000000000000000000000000000000000000000000000000000000
03333333333330003332222211000111110000011111000000000000000000000000000000000000000000000000000000000000000000000000000000000000
02222222222220000222222220000111110000011111000000000000000000000000000000000000000000000000000000000000000000000000000000000000
00000000000000000000000000000000000000000000000000000000000000000000000000000000000000000000000000000000000000000000000000000000
00000000000000000000000000000000000000000000000000000000000000000000000000000000000000000000000000000000000000000000000000000000

0x29823081
00000000000000000000000000000000000000000000000000000000000000000000000000000000000000000000000000000000000000000000000000000000
01111100000000000111111110000111110000011111000000000000000000000000000000000000000000000000000000000000000000000000000000000000
03333300000000003333333333000333330000033333000000000000000000000000000000000000000000000000000000000000000000000000000000000000
03333300000000033333333333300333333000033333000000000000000000000000000000000000000000000000000000000000000000000000000000000000
03333300000000022222222222200222222000022222000000000000000000000000000000000000000000000000000000000000000000000000000000000000
02222200000000022222222211100111111100011111000000000000000000000000000000000000000000000000000000000000000000000000000000000000
01111100000000011111111111100111111100011333000000000000000000000003330000003333003333300333003300303300003333303333000000000000
01111100000000011111111113300333333330033333000000000000000003030030033000003300303300003300303300303300003300303300300000000000
01111100000000011111003332200233333330033333000000000000000033333000033000003300303300003300003300303300003300303300300000000000
01111100000000011222002222200222222222022222000000000000000003030003330000003333303333003303303300303300003333303333300000000000
01111100000000011111001111100111111111011111000000000000000033333000033000003303003300003300303300303300003300303303000000000000
03333300000000011111001111100111111111111111000000000000000003030030033000003300303300003300303300303300003300303300300000000000
02221100000000011111001111100111111111111111000000000000000000000003330000003300303333300333300333003333303300303300300000000000
02222200000000022111001111100111111111111111000000000000000000000000000000000000000000000000000000000000000000000000000000000000
02222200000000022222001111100111111111111111000000000000000000000000000000000000000000000000000000000000000000000000000000000000
01111100000000011111001111100111110111111111000000000000000000000000000000000000000000000000000000000000000000000000000000000000
01111100000000033333003333300333330333333333000000000000000000000000000000000000000000000000000000000000000000000000000000000000
01111100000000012222002233300333330033333333000000000000000000000000000000000000000000000000000000000000000000000000000000000000
01111100000000011111001111100222220033333333000000000000003300000333003333300333000003330003330003330000033300033300033300000000
01111100000000011111001112200222220002222222000000000000033300003003303000003300300033003033003033003000330030330030330030000000
03333300000000011111001111100111110001111111000000000000003300003003303333003300300033003033003033003000330030330030330030000000
03333300000000033333003333300333330000333333000000000000003300000333300003303300300033003033003033003000330030330030330030000000
03333300000000033333002222200222220000222222000000000000003300000003300003303300300033003033003033003000330030330030330030000000
02222222222220022222222222200222220000022222000000000000003300303003303003303300303033003033003033003030330030330030330030000000
01111111111110011111111111100111110000011111000000000000033330300333000333000333003003330003330003330030033300033300033300000000
01111111111110011111111111100111110000011111000000000000000000000000000000000000000000000000000000000000000000000000000000000000
01111111111110011111111111100111110000011111000000000000000000000000000000000000000000000000000000000000000000000000000000000000
02221111111110033333333333300333330000033333000000000000000000000000000000000000000000000000000000000000000000000000000000000000
02222221111110001111111112000333330000033333000000000000000000000000000000000000000000000000000000000000000000000000000000000000
01111111111110000111112220000222220000022222000000000000000000000000000000000000000000000000000000000000000000000000000000000000
00000000000000000000000000000000000000000000000000000000000000000000000000000000000000000000000000000000000000000000000000000000
00000000000000000000000000000000000000000000000000000000000000000000000000000000000000000000000000000000000000000000000000000000

0x2982316b
00000000000000000000000000000000000000000000000000000000000000000000000000000000000000000000000000000000000000000000000000000000
01111100000000000111111110000111110000011111000000000000000000000000000000000000000000000000000000000000000000000000000000000000
01111100000000003333333333000333330000033333000000000000000000000000000000000000000000000000000000000000000000000000000000000000
01111100000000011111222223300333333000033333000000000000000000000000000000000000000000000000000000000000000000000000000000000000
02222200000000011111111112200233333000033222000000000000000000000000000000000000000000000000000000000000000000000000000000000000
01111100000000011111112222200222222200022222000000000000000000000000000000000000000000000000000000000000000000000000000000000000
01111100000000011111111111100111111100011111000000000000000000000003330000003333003333300333003300303300003333303333000000000000
01111100000000011111111111100111111110011111000000000000000003030030033000003300303300003300303300303300003300303300300000000000
01111100000000011111001111100111111110011111000000000000000033333000033000003300303300003300003300303300003300303300300000000000
02111100000000011111001111100111111111011122000000000000000003030003330000003333303333003303303300303300003333303333300000000000
01111100000000011111001111100111111111011111000000000000000033333000033000003303003300003300303300303300003300303303000000000000
03333300000000033333003333300111111111111111000000000000000003030030033000003300303300003300303300303300003300303300300000000000
03333300000000033333002221100111111111111111000000000000000000000003330000003300303333300333300333003333303300303300300000000000
03222200000000022222002222200222222222111111000000000000000000000000000000000000000000000000000000000000000000000000000000000000
02222200000000022222002222200222222222222111000000000000000000000000000000000000000000000000000000000000000000000000000000000000
01111100000000011111001111100111110111111111000000000000000000000000000000000000000000000000000000000000000000000000000000000000
01111100000000011111001111100111110133333333000000000000000000000000000000000000000000000000000000000000000000000000000000000000
01111100000000011111001111100111110011122222000000000000000000000000000000000000000000000000000000000000000000000000000000000000
01111100000000011111001111100111110011111111000000000000003300000333003333300333000003330003330003330000033300033300033300000000
01111100000000011111001111100111110001111111000000000000033300003003303000003300300033003033003033003000330030330030330030000000
03333300000000033333003333300333110001111111000000000000003300003003303333003300300033003033003033003000330030330030330030000000
01122200000000033333003333300333330000333333000000000000003300000333300003303300300033003033003033003000330030330030330030000000
03333300000000033333003333300333330000333322000000000000003300000003300003303300300033003033003033003000330030330030330030000000
02222222222220022222222222200222220000022222000000000000003300303003303003303300303033003033003033003030330030330030330030000000
01111111111110011111111111100111110000011111000000000000033330300333000333000333003003330003330003330030033300033300033300000000
03333333333330033333333331100111110000011111000000000000000000000000000000000000000000000000000000000000000000000000000000000000
03333333333330033322211111100111110000011111000000000000000000000000000000000000000000000000000000000000000000000000000000000000
02222222222220022222222222200222220000011111000000000000000000000000000000000000000000000000000000000000000000000000000000000000
02222222222220002222222222000222220000011111000000000000000000000000000000000000000000000000000000000000000000000000000000000000
01111111111110000111111110000111110000011111000000000000000000000000000000000000000000000000000000000000000000000000000000000000
00000000000000000000000000000000000000000000000000000000000000000000000000000000000000000000000000000000000000000000000000000000
00000000000000000000000000000000000000000000000000000000000000000000000000000000000000000000000000000000000000000000000000000000

0x29823255
00000000000000000000000000000000000000000000000000000000000000000000000000000000000000000000000000000000000000000000000000000000
01111100000000000111111110000111110000011111000000000000000000000000000000000000000000000000000000000000000000000000000000000000
03333300000000003333333333000111110000011133000000000000000000000000000000000000000000000000000000000000000000000000000000000000
03333300000000033333221111100111111000011111000000000000000000000000000000000000000000000000000000000000000000000000000000000000
02222200000000022222222222200222222000011111000000000000000000000000000000000000000000000000000000000000000000000000000000000000
01111100000000011111111111100111111100011111000000000000000000000000000000000000000000000000000000000000000000000000000000000000
01111100000000011111111111100111111100011111000000000000000000000003330000003333003333300333003300303300003333303333000000000000
03333300000000011111111111100111111110011111000000000000000003030030033000003300303300003300303300303300003300303300300000000000
02222200000000033333001111100111111110011111000000000000000033333000033000003300303300003300003300303300003300303300300000000000
02222200000000022222002222200111111111011111000000000000000003030003330000003333303333003303303300303300003333303333300000000000
01111100000000011111001111100111111111011111000000000000000033333000033000003303003300003300303300303300003300303303000000000000
01111100000000033333003333300333333333333333000000000000000003030030033000003300303300003300303300303300003300303300300000000000
03333300000000033333003333300333333333333332000000000000000000000003330000003300303333300333300333003333303300303300300000000000
03333300000000022223003222200222222222222222000000000000000000000000000000000000000000000000000000000000000000000000000000000000
02222200000000022222002222200222222222222222000000000000000000000000000000000000000000000000000000000000000000000000000000000000
01111100000000011111001111100111110111111111000000000000000000000000000000000000000000000000000000000000000000000000000000000000
03333300000000033333003111100111110111111111000000000000000000000000000000000000000000000000000000000000000000000000000000000000
03333300000000011111001111100111110011111111000000000000000000000000000000000000000000000000000000000000000000000000000000000000
02222200000000022211001111100111110011111111000000000000003300000333003333300333000003330003330003330000033300033300033300000000
01111100000000011111001111100111110001111111000000000000033300003003303000003300300033003033003033003000330030330030330030000000
01111100000000011111003333300333330003333333000000000000003300003003303333003300300033003033003033003000330030330030330030000000
01111100000000011111001222300333330000333333000000000000003300000333300003303300300033003033003033003000330030330030330030000000
01111100000000011122003333300333330000333333000000000000003300000003300003303300300033003033003033003000330030330030330030000000
01111111112220022222222222200222220000022222000000000000003300303003303003303300303033003033003033003030330030330030330030000000
01111111111110011111111111100111110000011111000000000000033330300333000333000333003003330003330003330030033300033300033300000000
01111111111110033333333333300333330000033333000000000000000000000000000000000000000000000000000000000000000000000000000000000000
03333333333330033333333333300333330000033333000000000000000000000000000000000000000000000000000000000000000000000000000000000000
02222233333330033333222233300222220000022222000000000000000000000000000000000000000000000000000000000000000000000000000000000000
02222222222220002222222222000222220000022222000000000000000000000000000000000000000000000000000000000000000000000000000000000000
01111111111110000111111110000111110000011111000000000000000000000000000000000000000000000000000000000000000000000000000000000000
00000000000000000000000000000000000000000000000000000000000000000000000000000000000000000000000000000000000000000000000000000000
00000000000000000000000000000000000000000000000000000000000000000000000000000000000000000000000000000000000000000000000000000000

0x29823340
00000000000000000000000000000000000000000000000000000000000000000000000000000000000000000000000000000000000000000000000000000000
01111100000000000111111110000111110000011111000000000000000000000000000000000000000000000000000000000000000000000000000000000000
03333300000000001133333333000333330000033333000000000000000000000000000000000000000000000000000000000000000000000000000000000000
01111100000000011111122223300333333000033333000000000000000000000000000000000000000000000000000000000000000000000000000000000000
01111100000000022222222222200222222000022222000000000000000000000000000000000000000000000000000000000000000000000000000000000000
01111100000000011111111111100111111100011111000000000000000000000000000000000000000000000000000000000000000000000000000000000000
03333300000000011111111111100111111100011111000000000000000000000003330000003333003333300333003300303300003333303333000000000000
03333300000000033333333333300333333310011111000000000000000003030030033000003300303300003300303300303300003300303300300000000000
03333300000000022222002222200222222230033333000000000000000033333000033000003300303300003300003300303300003300303300300000000000
02222200000000022222002222200222222222022222000000000000000003030003330000003333303333003303303300303300003333303333300000000000
01111100000000011111001111100111111111011111000000000000000033333000033000003303003300003300303300303300003300303303000000000000
01111100000000011111001111100111333333333333000000000000000003030030033000003300303300003300303300303300003300303300300000000000
01111100000000033333003333300333333333333333000000000000000000000003330000003300303333300333300333003333303300303300300000000000
01111100000000022222002333300333333332222333000000000000000000000000000000000000000000000000000000000000000000000000000000000000
01111200000000022222002222200222222222222222000000000000000000000000000000000000000000000000000000000000000000000000000000000000
01111100000000011111001111100111110111111111000000000000000000000000000000000000000000000000000000000000000000000000000000000000
03333300000000033333003333300333330333333333000000000000000000000000000000000000000000000000000000000000000000000000000000000000
03333300000000033333003333300333330021111111000000000000000000000000000000000000000000000000000000000000000000000000000000000000
03333300000000022222002222200222220022222111000000000000003300000333003333300333000003330003330003330000033300033300033300000000
02222200000000022221001111100111110001111111000000000000033300003003303000003300300033003033003033003000330030330030330030000000
01111100000000011111001111100111110001113333000000000000003300003003303333003300300033003033003033003000330030330030330030000000
03333300000000011111001111100111110000111112000000000000003300000333300003303300300033003033003033003000330030330030330030000000
02222200000000011111001111100111110000223333000000000000003300000003300003303300300033003033003033003000330030330030330030000000
02222222222220011111111111100122220000022222000000000000003300303003303003303300303033003033003033003030330030330030330030000000
01111111111110011111111111100111110000011111000000000000033330300333000333000333003003330003330003330030033300033300033300000000
01111111111110011111111111100111110000011111000000000000000000000000000000000000000000000000000000000000000000000000000000000000
01111111111110011111111333300333330000033333000000000000000000000000000000000000000000000000000000000000000000000000000000000000
03331111111110011111111111100222220000033333000000000000000000000000000000000000000000000000000000000000000000000000000000000000
01111111111110001122222222000222220000022222000000000000000000000000000000000000000000000000000000000000000000000000000000000000
01111111111110000111111110000111110000011111000000000000000000000000000000000000000000000000000000000000000000000000000000000000
00000000000000000000000000000000000000000000000000000000000000000000000000000000000000000000000000000000000000000000000000000000
00000000000000000000000000000000000000000000000000000000000000000000000000000000000000000000000000000000000000000000000000000000

0x2982342a
00000000000000000000000000000000000000000000000000000000000000000000000000000000000000000000000000000000000000000000000000000000
01111100000000000111111110000111110000011111000000000000000000000000000000000000000000000000000000000000000000000000000000000000
03333300000000003333333333000333330000011111000000000000000000000000000000000000000000000000000000000000000000000000000000000000
03333300000000033333333332200111111000011111000000000000000000000000000000000000000000000000000000000000000000000000000000000000
02222200000000022222222222200221111000022222000000000000000000000000000000000000000000000000000000000000000000000000000000000000
01111100000000011111111111100111111100011111000000000000000000000000000000000000000000000000000000000000000000000000000000000000
01111100000000013333333333300333111100011111000000000000000000000003330000003333003333300333003300303300003333303333000000000000
03333300000000033333333333300333333330033333000000000000000003030030033000003300303300003300303300303300003300303300300000000000
02222300000000033333003333300333333330022222000000000000000033333000033000003300303300003300003300303300003300303300300000000000
02222200000000022222002222200222222222022222000000000000000003030003330000003333303333003303303300303300003333303333300000000000
01111100000000011111001111100111111111011111000000000000000033333000033000003303003300003300303300303300003300303303000000000000
01111100000000011111001111100111111111111111000000000000000003030030033000003300303300003300303300303300003300303300300000000000
01111100000000011111001111100113333333333333000000000000000000000003330000003300303333300333300333003333303300303300300000000000
01111100000000011111001111100111111222222222000000000000000000000000000000000000000000000000000000000000000000000000000000000000
01111100000000011111001111200222222222222222000000000000000000000000000000000000000000000000000000000000000000000000000000000000
01111100000000011111001111100111110111111111000000000000000000000000000000000000000000000000000000000000000000000000000000000000
03333300000000033333003333300333330333333333000000000000000000000000000000000000000000000000000000000000000000000000000000000000
03333300000000033333003333300333330033333333000000000000000000000000000000000000000000000000000000000000000000000000000000000000
01111100000000033333003333300222220022222222000000000000003300000333003333300333000003330003330003330000033300033300033300000000
01222200000000022222002222200222220002222211000000000000033300003003303000003300300033003033003033003000330030330030330030000000
01111100000000011111001111100111110001111111000000000000003300003003303333003300300033003033003033003000330030330030330030000000
03333300000000033333003333300111110000111111000000000000003300000333300003303300300033003033003033003000330030330030330030000000
03222200000000022222002222100111110000111111000000000000003300000003300003303300300033003033003033003000330030330030330030000000
02222222222220022222222222200222220000011111000000000000003300303003303003303300303033003033003033003030330030330030330030000000
01111111111110011111111111100111110000011111000000000000033330300333000333000333003003330003330003330030033300033300033300000000
01111111111110011111111111100111110000011111000000000000000000000000000000000000000000000000000000000000000000000000000000000000
01111111111110011111111111100111110000011111000000000000000000000000000000000000000000000000000000000000000000000000000000000000
03333333333330033333333333300333330000011111000000000000000000000000000000000000000000000000000000000000000000000000000000000000
03333333333330003332222211000111110000011111000000000000000000000000000000000000000000000000000000000000000000000000000000000000
02222222222220000222222220000111110000011111000000000000000000000000000000000000000000000000000000000000000000000000000000000000
00000000000000000000000000000000000000000000000000000000000000000000000000000000000000000000000000000000000000000000000000000000
00000000000000000000000000000000000000000000000000000000000000000000000000000000000000000000000000000000000000000000000000000000

0x29823534
00000000000000000000000000000000000000000000000000000000000000000000000000000000000000000000000000000000000000000000000000000000
00000000011111111000011111000001111100000000000000000000000000000000000000000000000000000000000000000000000000000000000001111111
00000000333333333300033333000001111100000000000000000000000000000000000000000000000000000000000000000000000000000000000003333333
00000003333333333220011111100001111100000000000000000000000000000000000000000000000000000000000000000000000000000000000003333333
00000002222222222220022111100002222200000000000000000000000000000000000000000000000000000000000000000000000000000000000002222222
00000001111111111110011111110001111100000000000000000000000000000000000000000000000000000000000000000000000000000000000001111111
00000001333333333330033311110001111100000000000000000000000333000000333300333330033300330030330000333330333300000000000001111111
00000003333333333330033333333003333300000000000000000303003003300000330030330000330030330030330000330030330030000000000003333333
00000003333300333330033333333002222200000000000000003333300003300000330030330000330000330030330000330030330030000000000002222200
00000002222200222220022222222202222200000000000000000303000333000000333330333300330330330030330000333330333330000000000002222200
00000001111100111110011111111101111100000000000000003333300003300000330300330000330030330030330000330030330300000000000001111100
00000001111100111110011111111111111100000000000000000303003003300000330030330000330030330030330000330030330030000000000001111100
00000001111100111110011333333333333300000000000000000000000333000000330030333330033330033300333330330030330030000000000003333300
00000001111100111110011111122222222200000000000000000000000000000000000000000000000000000000000000000000000000000000000003333300
00000001111100111120022222222222222200000000000000000000000000000000000000000000000000000000000000000000000000000000000002222200
00000001111100111110011111011111111100000000000000000000000000000000000000000000000000000000000000000000000000000000000001111100
00000003333300333330033333033333333300000000000000000000000000000000000000000000000000000000000000000000000000000000000003333300
00000003333300333330033333003333333300000000000000000000000000000000000000000000000000000000000000000000000000000000000003333300
00000003333300333330022222002222222200000000000000330000033300333330033300000333000333000333000003330003330003330000000002222200
00000002222200222220022222000222221100000000000003330000300330300000330030003300303300303300300033003033003033003000000001111100
00000001111100111110011111000111111100000000000000330000300330333300330030003300303300303300300033003033003033003000000001111100
00000003333300333330011111000011111100000000000000330000033330000330330030003300303300303300300033003033003033003000000001111100
00000002222200222210011111000011111100000000000000330000000330000330330030003300303300303300300033003033003033003000000001111100
22222002222222222220022222000001111100000000000000330030300330300330330030303300303300303300303033003033003033003000000001111111
11111001111111111110011111000001111100000000000003333030033300033300033300300333000333000333003003330003330003330000000001111111
11111001111111111110011111000001111100000000000000000000000000000000000000000000000000000000000000000000000000000000000001111111
11111001111111111110011111000001111100000000000000000000000000000000000000000000000000000000000000000000000000000000000003333333
33333003333333333330033333000001111100000000000000000000000000000000000000000000000000000000000000000000000000000000000002222233
33333000333222221100011111000001111100000000000000000000000000000000000000000000000000000000000000000000000000000000000002222222
22222000022222222000011111000001111100000000000000000000000000000000000000000000000000000000000000000000000000000000000001111111
00000000000000000000000000000000000000000000000000000000000000000000000000000000000000000000000000000000000000000000000000000000
00000000000000000000000000000000000000000000000000000000000000000000000000000000000000000000000000000000000000000000000000000000

0x29823563
00000000000000000000000000000000000000000000000000000000000000000000000000000000000000000000000000000000000000000000000000000000
01111111100001111100000111110000000000000000000000000000000000000000000000000000000000000000000000000000000000000111111111100000
33333333330003333300000111110000000000000000000000000000000000000000000000000000000000000000000000000000000000000333333333330000
33333333322001111110000111110000000000000000000000000000000000000000000000000000000000000000000000000000000000000333333333333003
22222222222002211110000222220000000000000000000000000000000000000000000000000000000000000000000000000000000000000222222222222002
11111111111001111111000111110000000000000000000000000000000000000000000000000000000000000000000000000000000000000111111111111001
33333333333003331111000111110000000000000000000000033300000033330033333003330033003033000033333033330000000000000111111111111001
33333333333003333333300333330000000000000000030300300330000033003033000033003033003033000033003033003000000000000333333333311001
33330033333003333333300222220000000000000000333330000330000033003033000033000033003033000033003033003000000000000222220022233003
22220022222002222222220222220000000000000000030300033300000033333033330033033033003033000033333033333000000000000222220022222002
11110011111001111111110111110000000000000000333330000330000033030033000033003033003033000033003033030000000000000111110011111001
11110011111001111111111111110000000000000000030300300330000033003033000033003033003033000033003033003000000000000111110011333003
11110011111001133333333333330000000000000000000000033300000033003033333003333003330033333033003033003000000000000333330033333003
11110011111001111112222222220000000000000000000000000000000000000000000000000000000000000000000000000000000000000333330033333002
11110011112002222222222222220000000000000000000000000000000000000000000000000000000000000000000000000000000000000222220022222002
11110011111001111101111111110000000000000000000000000000000000000000000000000000000000000000000000000000000000000111110011111001
33330033333003333303333333330000000000000000000000000000000000000000000000000000000000000000000000000000000000000333330033333003
33330033333003333300333333330000000000000000000000000000000000000000000000000000000000000000000000000000000000000333330033332001
33330033333002222200222222220000000000000033000003330033333003330000033300033300033300000333000333000333000000000222220022222002
22220022222002222200022222110000000000000333000030033030000033003000330030330030330030003300303300303300300000000111110011111001
11110011111001111100011111110000000000000033000030033033330033003000330030330030330030003300303300303300300000000111110011111001
33330033333001111100001111110000000000000033000003333000033033003000330030330030330030003300303300303300300000000111110011111001
22220022221001111100001111110000000000000033000000033000033033003000330030330030330030003300303300303300300000000111110011111001
22222222222002222200000111110000000000000033003030033030033033003030330030330030330030303300303300303300300000000111111111222002
11111111111001111100000111110000000000000333303003330003330003330030033300033300033300300333000333000333000000000111111111111001
11111111111001111100000111110000000000000000000000000000000000000000000000000000000000000000000000000000000000000111111111111003
11111111111001111100000111110000000000000000000000000000000000000000000000000000000000000000000000000000000000000333333333333003
33333333333003333300000111110000000000000000000000000000000000000000000000000000000000000000000000000000000000000222223333333003
33322222110001111100000111110000000000000000000000000000000000000000000000000000000000000000000000000000000000000222222222220002
02222222200001111100000111110000000000000000000000000000000000000000000000000000000000000000000000000000000000000111111111100001
00000000000000000000000000000000000000000000000000000000000000000000000000000000000000000000000000000000000000000000000000000000
00000000000000000000000000000000000000000000000000000000000000000000000000000000000000000000000000000000000000000000000000000000

0x29823582
00000000000000000000000000000000000000000000000000000000000000000000000000000000000000000000000000000000000000000000000000000000
10000111110000011111000000000000000000000000000000000000000000000000000000000000000000000000000000000000011111111110000001111111
33000333330000011111000000000000000000000000000000000000000000000000000000000000000000000000000000000000033333333333000033333333
32200111111000011111000000000000000000000000000000000000000000000000000000000000000000000000000000000000033333333333300333332211
22200221111000022222000000000000000000000000000000000000000000000000000000000000000000000000000000000000022222222222200222222222
11100111111100011111000000000000000000000000000000000000000000000000000000000000000000000000000000000000011111111111100111111111
33300333111100011111000000000000000000000003330000003333003333300333003300303300003333303333000000000000011111111111100111111111
33300333333330033333000000000000000003030030033000003300303300003300303300303300003300303300300000000000033333333331100111111111
33300333333330022222000000000000000033333000033000003300303300003300003300303300003300303300300000000000022222002223300333330011
22200222222222022222000000000000000003030003330000003333303333003303303300303300003333303333300000000000022222002222200222220022
11100111111111011111000000000000000033333000033000003303003300003300303300303300003300303303000000000000011111001111100111110011
11100111111111111111000000000000000003030030033000003300303300003300303300303300003300303300300000000000011111001133300333330033
11100113333333333333000000000000000000000003330000003300303333300333300333003333303300303300300000000000033333003333300333333333
11100111111222222222000000000000000000000000000000000000000000000000000000000000000000000000000000000000033333003333300222233332
11200222222222222222000000000000000000000000000000000000000000000000000000000000000000000000000000000000022222002222200222222222
11100111110111111111000000000000000000000000000000000000000000000000000000000000000000000000000000000000011111001111100111111111
33300333330333333333000000000000000000000000000000000000000000000000000000000000000000000000000000000000033333003333300333333331
33300333330033333333000000000000000000000000000000000000000000000000000000000000000000000000000000000000033333003333200111111111
33300222220022222222000000000000003300000333003333300333000003330003330003330000033300033300033300000000022222002222200222111111
22200222220002222211000000000000033300003003303000003300300033003033003033003000330030330030330030000000011111001111100111110011
11100111110001111111000000000000003300003003303333003300300033003033003033003000330030330030330030000000011111001111100111110033
33300111110000111111000000000000003300000333300003303300300033003033003033003000330030330030330030000000011111001111100111110012
22100111110000111111000000000000003300000003300003303300300033003033003033003000330030330030330030000000011111001111100111220033
22200222220000011111000000000000003300303003303003303300303033003033003033003030330030330030330030000000011111111122200222220022
11100111110000011111000000000000033330300333000333000333003003330003330003330030033300033300033300000000011111111111100111110011
11100111110000011111000000000000000000000000000000000000000000000000000000000000000000000000000000000000011111111111100333330033
11100111110000011111000000000000000000000000000000000000000000000000000000000000000000000000000000000000033333333333300333330033
33300333330000011111000000000000000000000000000000000000000000000000000000000000000000000000000000000000022222333333300333330022
11000111110000011111000000000000000000000000000000000000000000000000000000000000000000000000000000000000022222222222000222220022
20000111110000011111000000000000000000000000000000000000000000000000000000000000000000000000000000000000011111111110000111110011
00000000000000000000000000000000000000000000000000000000000000000000000000000000000000000000000000000000000000000000000000000000
00000000000000000000000000000000000000000000000000000000000000000000000000000000000000000000000000000000000000000000000000000000

0x298235b1
00000000000000000000000000000000000000000000000000000000000000000000000000000000000000000000000000000000000000000000000000000000
11000001111100000000000000000000000000000000000000000000000000000000000000000000000000000000000001111111111000000111111110000111
33000001111100000000000000000000000000000000000000000000000000000000000000000000000000000000000003333333333300003333333333000111
11100001111100000000000000000000000000000000000000000000000000000000000000000000000000000000000003333333333330033333221111100111
11100002222200000000000000000000000000000000000000000000000000000000000000000000000000000000000002222222222220022222222222200222
11110001111100000000000000000000000000000000000000000000000000000000000000000000000000000000000001111111111110011111111111100111
11110001111100000000000000000000000333000000333300333330033300330030330000333330333300000000000001111111111110011111111111100111
33333003333300000000000000000303003003300000330030330000330030330030330000330030330030000000000003333333333110011111111111100111
33333002222200000000000000003333300003300000330030330000330000330030330000330030330030000000000002222200222330033333001111100111
22222202222200000000000000000303000333000000333330333300330330330030330000333330333330000000000002222200222220022222002222200111
11111101111100000000000000003333300003300000330300330000330030330030330000330030330300000000000001111100111110011111001111100111
11111111111100000000000000000303003003300000330030330000330030330030330000330030330030000000000001111100113330033333003333300333
33333333333300000000000000000000000333000000330030333330033330033300333330330030330030000000000003333300333330033333333333300333
11122222222200000000000000000000000000000000000000000000000000000000000000000000000000000000000003333300333330022223333222200022
22222222222200000000000000000000000000000000000000000000000000000000000000000000000000000000000002222200222220022222222222200022
11011111111100000000000000000000000000000000000000000000000000000000000000000000000000000000000001111100111110011111111111100001
33033333333300000000000000000000000000000000000000000000000000000000000000000000000000000000000003333300333330033333333111100001
33003333333300000000000000000000000000000000000000000000000000000000000000000000000000000000000003333300333320011111111111100000
22002222222200000000000000330000033300333330033300000333000333000333000003330003330003330000000002222200222220022211111111100000
22000222221100000000000003330000300330300000330030003300303300303300300033003033003033003000000001111100111110011111001111100000
11000111111100000000000000330000300330333300330030003300303300303300300033003033003033003000000001111100111110011111003333300000
11000011111100000000000000330000033330000330330030003300303300303300300033003033003033003000000001111100111110011111001222300000
11000011111100000000000000330000000330000330330030003300303300303300300033003033003033003000000001111100111110011122003333300000
22000001111100000000000000330030300330300330330030303300303300303300303033003033003033003000000001111111112220022222002222200000
11000001111100000000000003333030033300033300033300300333000333000333003003330003330003330000000001111111111110011111001111100000
11000001111100000000000000000000000000000000000000000000000000000000000000000000000000000000000001111111111110033333003333300000
11000001111100000000000000000000000000000000000000000000000000000000000000000000000000000000000003333333333330033333003333300000
33000001111100000000000000000000000000000000000000000000000000000000000000000000000000000000000002222233333330033333002233300000
11000001111100000000000000000000000000000000000000000000000000000000000000000000000000000000000002222222222200022222002222200000
11000001111100000000000000000000000000000000000000000000000000000000000000000000000000000000000001111111111000011111001111100000
00000000000000000000000000000000000000000000000000000000000000000000000000000000000000000000000000000000000000000000000000000000
00000000000000000000000000000000000000000000000000000000000000000000000000000000000000000000000000000000000000000000000000000000

0x298235d0
00000000000000000000000000000000000000000000000000000000000000000000000000000000000000000000000000000000000000000000000000000000
11110000000000000000000000000000000000000000000000000000000000000000000000000000000000000111111111100000011111111000011111001111
11110000000000000000000000000000000000000000000000000000000000000000000000000000000000000333333333330000333333333300011111001111
11110000000000000000000000000000000000000000000000000000000000000000000000000000000000000333333333333003333322111110011111001111
22220000000000000000000000000000000000000000000000000000000000000000000000000000000000000222222222222002222222222220022222001111
11110000000000000000000000000000000000000000000000000000000000000000000000000000000000000111111111111001111111111110011111001111
11110000000000000000000000033300000033330033333003330033003033000033333033330000000000000111111111111001111111111110011111001111
33330000000000000000030300300330000033003033000033003033003033000033003033003000000000000333333333311001111111111110011111001111
22220000000000000000333330000330000033003033000033000033003033000033003033003000000000000222220022233003333300111110011111001111
22220000000000000000030300033300000033333033330033033033003033000033333033333000000000000222220022222002222200222220011111001111
11110000000000000000333330000330000033030033000033003033003033000033003033030000000000000111110011111001111100111110011111001111
11110000000000000000030300300330000033003033000033003033003033000033003033003000000000000111110011333003333300333330033333003333
33330000000000000000000000033300000033003033333003333003330033333033003033003000000000000333330033333003333333333330033333333333
22220000000000000000000000000000000000000000000000000000000000000000000000000000000000000333330033333002222333322220002222222222
22220000000000000000000000000000000000000000000000000000000000000000000000000000000000000222220022222002222222222220002222222222
11110000000000000000000000000000000000000000000000000000000000000000000000000000000000000111110011111001111111111110000111111110
33330000000000000000000000000000000000000000000000000000000000000000000000000000000000000333330033333003333333311110000111111110
33330000000000000000000000000000000000000000000000000000000000000000000000000000000000000333330033332001111111111110000011111100
22220000000000000033000003330033333003330000033300033300033300000333000333000333000000000222220022222002221111111110000011111100
22110000000000000333000030033030000033003000330030330030330030003300303300303300300000000111110011111001111100111110000011111100
11110000000000000033000030033033330033003000330030330030330030003300303300303300300000000111110011111001111100333330000033333300
11110000000000000033000003333000033033003000330030330030330030003300303300303300300000000111110011111001111100122230000033333300
11110000000000000033000000033000033033003000330030330030330030003300303300303300300000000111110011111001112200333330000033333300
11110000000000000033003030033030033033003030330030330030330030303300303300303300300000000111111111222002222200222220000022222200
11110000000000000333303003330003330003330030033300033300033300300333000333000333000000000111111111111001111100111110000011111100
11110000000000000000000000000000000000000000000000000000000000000000000000000000000000000111111111111003333300333330000033333300
11110000000000000000000000000000000000000000000000000000000000000000000000000000000000000333333333333003333300333330000033333300
11110000000000000000000000000000000000000000000000000000000000000000000000000000000000000222223333333003333300223330000022222200
11110000000000000000000000000000000000000000000000000000000000000000000000000000000000000222222222220002222200222220000022222200
11110000000000000000000000000000000000000000000000000000000000000000000000000000000000000111111111100001111100111110000011111100
00000000000000000000000000000000000000000000000000000000000000000000000000000000000000000000000000000000000000000000000000000000
00000000000000000000000000000000000000000000000000000000000000000000000000000000000000000000000000000000000000000000000000000000

0x298235ef
00000000000000000000000000000000000000000000000000000000000000000000000000000000000000000000000000000000000000000000000000000000
00000000000000000000000000000000000000000000000000000000000000000000000000000000011111111110000001111111100001111100111110000000
00000000000000000000000000000000000000000000000000000000000000000000000000000000033333333333000033333333330001111100111110000000
00000000000000000000000000000000000000000000000000000000000000000000000000000000033333333333300333332211111001111100111110000000
00000000000000000000000000000000000000000000000000000000000000000000000000000000022222222222200222222222222002222200111110000000
00000000000000000000000000000000000000000000000000000000000000000000000000000000011111111111100111111111111001111100111110000000
00000000000000000003330000003333003333300333003300303300003333303333000000000000011111111111100111111111111001111100111110000000
00000000000003030030033000003300303300003300303300303300003300303300300000000000033333333331100111111111111001111100111110000000
00000000000033333000033000003300303300003300003300303300003300303300300000000000022222002223300333330011111001111100111110000000
00000000000003030003330000003333303333003303303300303300003333303333300000000000022222002222200222220022222001111100111110000000
00000000000033333000033000003303003300003300303300303300003300303303000000000000011111001111100111110011111001111100111110000000
00000000000003030030033000003300303300003300303300303300003300303300300000000000011111001133300333330033333003333300333330000000
00000000000000000003330000003300303333300333300333003333303300303300300000000000033333003333300333333333333003333333333330000000
00000000000000000000000000000000000000000000000000000000000000000000000000000000033333003333300222233332222000222222222200000000
00000000000000000000000000000000000000000000000000000000000000000000000000000000022222002222200222222222222000222222222200000000
00000000000000000000000000000000000000000000000000000000000000000000000000000000011111001111100111111111111000011111111000000000
00000000000000000000000000000000000000000000000000000000000000000000000000000000033333003333300333333331111000011111111000000000
00000000000000000000000000000000000000000000000000000000000000000000000000000000033333003333200111111111111000001111110000000000
00000000003300000333003333300333000003330003330003330000033300033300033300000000022222002222200222111111111000001111110000000000
00000000033300003003303000003300300033003033003033003000330030330030330030000000011111001111100111110011111000001111110000000000
00000000003300003003303333003300300033003033003033003000330030330030330030000000011111001111100111110033333000003333330000000000
00000000003300000333300003303300300033003033003033003000330030330030330030000000011111001111100111110012223000003333330000000000
00000000003300000003300003303300300033003033003033003000330030330030330030000000011111001111100111220033333000003333330000000000
00000000003300303003303003303300303033003033003033003030330030330030330030000000011111111122200222220022222000002222220000000000
00000000033330300333000333000333003003330003330003330030033300033300033300000000011111111111100111110011111000001111110000000000
00000000000000000000000000000000000000000000000000000000000000000000000000000000011111111111100333330033333000003333330000000000
00000000000000000000000000000000000000000000000000000000000000000000000000000000033333333333300333330033333000003333330000000000
00000000000000000000000000000000000000000000000000000000000000000000000000000000022222333333300333330022333000002222220000000000
00000000000000000000000000000000000000000000000000000000000000000000000000000000022222222222000222220022222000002222220000000000
00000000000000000000000000000000000000000000000000000000000000000000000000000000011111111110000111110011111000001111110000000000
00000000000000000000000000000000000000000000000000000000000000000000000000000000000000000000000000000000000000000000000000000000
00000000000000000000000000000000000000000000000000000000000000000000000000000000000000000000000000000000000000000000000000000000

0x2982361e
00000000000000000000000000000000000000000000000000000000000000000000000000000000000000000000000000000000000000000000000000000000
00000000000000000000000000000000000000000000000000000000000000000000000001111111111000000111111110000111110011111000000000000000
00000000000000000000000000000000000000000000000000000000000000000000000003333333333300003333333333000111110011111000000000000000
00000000000000000000000000000000000000000000000000000000000000000000000003333333333330033333221111100111110011111000000000000000
00000000000000000000000000000000000000000000000000000000000000000000000002222222222220022222222222200222220011111000000000000000
00000000000000000000000000000000000000000000000000000000000000000000000001111111111110011111111111100111110011111000000000000000
00000000000333000000333300333330033300330030330000333330333300000000000001111111111110011111111111100111110011111000000000000000
00000303003003300000330030330000330030330030330000330030330030000000000003333333333110011111111111100111110011111000000000000000
00003333300003300000330030330000330000330030330000330030330030000000000002222200222330033333001111100111110011111000000000000000
00000303000333000000333330333300330330330030330000333330333330000000000002222200222220022222002222200111110011111000000000000000
00003333300003300000330300330000330030330030330000330030330300000000000001111100111110011111001111100111110011111000000000000000
00000303003003300000330030330000330030330030330000330030330030000000000001111100113330033333003333300333330033333000000000000000
00000000000333000000330030333330033330033300333330330030330030000000000003333300333330033333333333300333333333333000000000000000
00000000000000000000000000000000000000000000000000000000000000000000000003333300333330022223333222200022222222220000000000000000
00000000000000000000000000000000000000000000000000000000000000000000000002222200222220022222222222200022222222220000000000000000
00000000000000000000000000000000000000000000000000000000000000000000000001111100111110011111111111100001111111100000000000000000
00000000000000000000000000000000000000000000000000000000000000000000000003333300333330033333333111100001111111100000000000000000
00000000000000000000000000000000000000000000000000000000000000000000000003333300333320011111111111100000111111000000000000000000
00330000033300333330033300000333000333000333000003330003330003330000000002222200222220022211111111100000111111000000000000000000
03330000300330300000330030003300303300303300300033003033003033003000000001111100111110011111001111100000111111000000000000000000
00330000300330333300330030003300303300303300300033003033003033003000000001111100111110011111003333300000333333000000000000000000
00330000033330000330330030003300303300303300300033003033003033003000000001111100111110011111001222300000333333000000000000000000
00330000000330000330330030003300303300303300300033003033003033003000000001111100111110011122003333300000333333000000000000000000
00330030300330300330330030303300303300303300303033003033003033003000000001111111112220022222002222200000222222000000000000000000
03333030033300033300033300300333000333000333003003330003330003330000000001111111111110011111001111100000111111000000000000000000
00000000000000000000000000000000000000000000000000000000000000000000000001111111111110033333003333300000333333000000000000000000
00000000000000000000000000000000000000000000000000000000000000000000000003333333333330033333003333300000333333000000000000000000
00000000000000000000000000000000000000000000000000000000000000000000000002222233333330033333002233300000222222000000000000000000
00000000000000000000000000000000000000000000000000000000000000000000000002222222222200022222002222200000222222000000000000000000
00000000000000000000000000000000000000000000000000000000000000000000000001111111111000011111001111100000111111000000000000000000
00000000000000000000000000000000000000000000000000000000000000000000000000000000000000000000000000000000000000000000000000000000
00000000000000000000000000000000000000000000000000000000000000000000000000000000000000000000000000000000000000000000000000000000

0x2982364d
00000000000000000000000000000000000000000000000000000000000000000000000000000000000000000000000000000000000000000000000000000000
00000000000000000000000000000000000000000000000000000000000000000111111111100000011111111000011111001111100000000000000000000000
00000000000000000000000000000000000000000000000000000000000000000333333333330000333333333300011111001111100000000000000000000000
00000000000000000000000000000000000000000000000000000000000000000333333333333003333322111110011111001111100000000000000000000000
00000000000000000000000000000000000000000000000000000000000000000222222222222002222222222220022222001111100000000000000000000000
00000000000000000000000000000000000000000000000000000000000000000111111111111001111111111110011111001111100000000000000000000000
00033300000033330033333003330033003033000033333033330000000000000111111111111001111111111110011111001111100000000000000000000000
00300330000033003033000033003033003033000033003033003000000000000333333333311001111111111110011111001111100000000000000000000303
30000330000033003033000033000033003033000033003033003000000000000222220022233003333300111110011111001111100000000000000000003333
00033300000033333033330033033033003033000033333033333000000000000222220022222002222200222220011111001111100000000000000000000303
30000330000033030033000033003033003033000033003033030000000000000111110011111001111100111110011111001111100000000000000000003333
00300330000033003033000033003033003033000033003033003000000000000111110011333003333300333330033333003333300000000000000000000303
00033300000033003033333003333003330033333033003033003000000000000333330033333003333333333330033333333333300000000000000000000000
00000000000000000000000000000000000000000000000000000000000000000333330033333002222333322220002222222222000000000000000000000000
00000000000000000000000000000000000000000000000000000000000000000222220022222002222222222220002222222222000000000000000000000000
00000000000000000000000000000000000000000000000000000000000000000111110011111001111111111110000111111110000000000000000000000000
00000000000000000000000000000000000000000000000000000000000000000333330033333003333333311110000111111110000000000000000000000000
00000000000000000000000000000000000000000000000000000000000000000333330033332001111111111110000011111100000000000000000000000000
03330033333003330000033300033300033300000333000333000333000000000222220022222002221111111110000011111100000000000000000000330000
30033030000033003000330030330030330030003300303300303300300000000111110011111001111100111110000011111100000000000000000003330000
30033033330033003000330030330030330030003300303300303300300000000111110011111001111100333330000033333300000000000000000000330000
03333000033033003000330030330030330030003300303300303300300000000111110011111001111100122230000033333300000000000000000000330000
00033000033033003000330030330030330030003300303300303300300000000111110011111001112200333330000033333300000000000000000000330000
30033030033033003030330030330030330030303300303300303300300000000111111111222002222200222220000022222200000000000000000000330030
03330003330003330030033300033300033300300333000333000333000000000111111111111001111100111110000011111100000000000000000003333030
00000000000000000000000000000000000000000000000000000000000000000111111111111003333300333330000033333300000000000000000000000000
00000000000000000000000000000000000000000000000000000000000000000333333333333003333300333330000033333300000000000000000000000000
00000000000000000000000000000000000000000000000000000000000000000222223333333003333300223330000022222200000000000000000000000000
00000000000000000000000000000000000000000000000000000000000000000222222222220002222200222220000022222200000000000000000000000000
00000000000000000000000000000000000000000000000000000000000000000111111111100001111100111110000011111100000000000000000000000000
00000000000000000000000000000000000000000000000000000000000000000000000000000000000000000000000000000000000000000000000000000000
00000000000000000000000000000000000000000000000000000000000000000000000000000000000000000000000000000000000000000000000000000000

0x2982366c
00000000000000000000000000000000000000000000000000000000000000000000000000000000000000000000000000000000000000000000000000000000
00000000000000000000000000000000000000000000000000000000011111111110000001111111100001111100111110000000000000000000000000000000
00000000000000000000000000000000000000000000000000000000033333333333000033333333330001111100111110000000000000000000000000000000
00000000000000000000000000000000000000000000000000000000033333333333300333332211111001111100111110000000000000000000000000000000
00000000000000000000000000000000000000000000000000000000022222222222200222222222222002222200111110000000000000000000000000000000
00000000000000000000000000000000000000000000000000000000011111111111100111111111111001111100111110000000000000000000000000000000
00003333003333300333003300303300003333303333000000000000011111111111100111111111111001111100111110000000000000000000000000300000
00003300303300003300303300303300003300303300300000000000033333333331100111111111111001111100111110000000000000000000030300300000
00003300303300003300003300303300003300303300300000000000022222002223300333330011111001111100111110000000000000000000333330300330
00003333303333003303303300303300003333303333300000000000022222002222200222220022222001111100111110000000000000000000030300300330
00003303003300003300303300303300003300303303000000000000011111001111100111110011111001111100111110000000000000000000333330333330
00003300303300003300303300303300003300303300300000000000011111001133300333330033333003333300333330000000000000000000030300000330
00003300303333300333300333003333303300303300300000000000033333003333300333333333333003333333333330000000000000000000000000000330
00000000000000000000000000000000000000000000000000000000033333003333300222233332222000222222222200000000000000000000000000000000
00000000000000000000000000000000000000000000000000000000022222002222200222222222222000222222222200000000000000000000000000000000
00000000000000000000000000000000000000000000000000000000011111001111100111111111111000011111111000000000000000000000000000000000
00000000000000000000000000000000000000000000000000000000033333003333300333333331111000011111111000000000000000000000000000000000
00000000000000000000000000000000000000000000000000000000033333003333200111111111111000001111110000000000000000000000000000000000
33300333000003330003330003330000033300033300033300000000022222002222200222111111111000001111110000000000000000000033000003330003
00003300300033003033003033003000330030330030330030000000011111001111100111110011111000001111110000000000000000000333000033003033
33003300300033003033003033003000330030330030330030000000011111001111100111110033333000003333330000000000000000000033000033003033
03303300300033003033003033003000330030330030330030000000011111001111100111110012223000003333330000000000000000000033000003330033
03303300300033003033003033003000330030330030330030000000011111001111100111220033333000003333330000000000000000000033000030033033
03303300303033003033003033003030330030330030330030000000011111111122200222220022222000002222220000000000000000000033003030033033
33000333003003330003330003330030033300033300033300000000011111111111100111110011111000001111110000000000000000000333303003330003
00000000000000000000000000000000000000000000000000000000011111111111100333330033333000003333330000000000000000000000000000000000
00000000000000000000000000000000000000000000000000000000033333333333300333330033333000003333330000000000000000000000000000000000
00000000000000000000000000000000000000000000000000000000022222333333300333330022333000002222220000000000000000000000000000000000
00000000000000000000000000000000000000000000000000000000022222222222000222220022222000002222220000000000000000000000000000000000
00000000000000000000000000000000000000000000000000000000011111111110000111110011111000001111110000000000000000000000000000000000
00000000000000000000000000000000000000000000000000000000000000000000000000000000000000000000000000000000000000000000000000000000
00000000000000000000000000000000000000000000000000000000000000000000000000000000000000000000000000000000000000000000000000000000

0x2982369b
00000000000000000000000000000000000000000000000000000000000000000000000000000000000000000000000000000000000000000000000000000000
00000000000000000000000000000000000000000000000001111111111000000111111110000111110011111000000000000000000000000000000000000000
00000000000000000000000000000000000000000000000003333333333300003333333333000111110011111000000000000000000000000000000000000000
00000000000000000000000000000000000000000000000003333333333330033333221111100111110011111000000000000000000000000000000000000000
00000000000000000000000000000000000000000000000002222222222220022222222222200222220011111000000000000000000000000000000000000000
00000000000000000000000000000000000000000000000001111111111110011111111111100111110011111000000000000000000000000000000000000000
00333330033300330030330000333330333300000000000001111111111110011111111111100111110011111000000000000000000000000030000000003333
30330000330030330030330000330030330030000000000003333333333110011111111111100111110011111000000000000000000003030030000000003300
30330000330000330030330000330030330030000000000002222200222330033333001111100111110011111000000000000000000033333030033000003300
30333300330330330030330000333330333330000000000002222200222220022222002222200111110011111000000000000000000003030030033000003333
00330000330030330030330000330030330300000000000001111100111110011111001111100111110011111000000000000000000033333033333000003303
30330000330030330030330000330030330030000000000001111100113330033333003333300333330033333000000000000000000003030000033000003300
30333330033330033300333330330030330030000000000003333300333330033333333333300333333333333000000000000000000000000000033000003300
00000000000000000000000000000000000000000000000003333300333330022223333222200022222222220000000000000000000000000000000000000000
00000000000000000000000000000000000000000000000002222200222220022222222222200022222222220000000000000000000000000000000000000000
00000000000000000000000000000000000000000000000001111100111110011111111111100001111111100000000000000000000000000000000000000000
00000000000000000000000000000000000000000000000003333300333330033333333111100001111111100000000000000000000000000000000000000000
00000000000000000000000000000000000000000000000003333300333320011111111111100000111111000000000000000000000000000000000000000000
00000333000333000333000003330003330003330000000002222200222220022211111111100000111111000000000000000000003300000333000333000333
30003300303300303300300033003033003033003000000001111100111110011111001111100000111111000000000000000000033300003300303300303300
30003300303300303300300033003033003033003000000001111100111110011111003333300000333333000000000000000000003300003300303300303300
30003300303300303300300033003033003033003000000001111100111110011111001222300000333333000000000000000000003300000333003300303300
30003300303300303300300033003033003033003000000001111100111110011122003333300000333333000000000000000000003300003003303300303300
30303300303300303300303033003033003033003000000001111111112220022222002222200000222222000000000000000000003300303003303300303300
00300333000333000333003003330003330003330000000001111111111110011111001111100000111111000000000000000000033330300333000333000333
00000000000000000000000000000000000000000000000001111111111110033333003333300000333333000000000000000000000000000000000000000000
00000000000000000000000000000000000000000000000003333333333330033333003333300000333333000000000000000000000000000000000000000000
00000000000000000000000000000000000000000000000002222233333330033333002233300000222222000000000000000000000000000000000000000000
00000000000000000000000000000000000000000000000002222222222200022222002222200000222222000000000000000000000000000000000000000000
00000000000000000000000000000000000000000000000001111111111000011111001111100000111111000000000000000000000000000000000000000000
00000000000000000000000000000000000000000000000000000000000000000000000000000000000000000000000000000000000000000000000000000000
00000000000000000000000000000000000000000000000000000000000000000000000000000000000000000000000000000000000000000000000000000000

0x298236ba
00000000000000000000000000000000000000000000000000000000000000000000000000000000000000000000000000000000000000000000000000000000
00000000000000000000000000000000000000000111111111100000011111111000011111001111100000000000000000000000000000000000000000000000
00000000000000000000000000000000000000000333333333330000333333333300011111001111100000000000000000000000000000000000000000000000
00000000000000000000000000000000000000000333333333333003333322111110011111001111100000000000000000000000000000000000000000000000
00000000000000000000000000000000000000000222222222222002222222222220022222001111100000000000000000000000000000000000000000000000
00000000000000000000000000000000000000000111111111111001111111111110011111001111100000000000000000000000000000000000000000000000
03330033003033000033333033330000000000000111111111111001111111111110011111001111100000000000000000000000003000000000333300333330
33003033003033000033003033003000000000000333333333311001111111111110011111001111100000000000000000000303003000000000330030330000
33000033003033000033003033003000000000000222220022233003333300111110011111001111100000000000000000003333303003300000330030330000
33033033003033000033333033333000000000000222220022222002222200222220011111001111100000000000000000000303003003300000333330333300
33003033003033000033003033030000000000000111110011111001111100111110011111001111100000000000000000003333303333300000330300330000
33003033003033000033003033003000000000000111110011333003333300333330033333003333300000000000000000000303000003300000330030330000
03333003330033333033003033003000000000000333330033333003333333333330033333333333300000000000000000000000000003300000330030333330
00000000000000000000000000000000000000000333330033333002222333322220002222222222000000000000000000000000000000000000000000000000
00000000000000000000000000000000000000000222220022222002222222222220002222222222000000000000000000000000000000000000000000000000
00000000000000000000000000000000000000000111110011111001111111111110000111111110000000000000000000000000000000000000000000000000
00000000000000000000000000000000000000000333330033333003333333311110000111111110000000000000000000000000000000000000000000000000
00000000000000000000000000000000000000000333330033332001111111111110000011111100000000000000000000000000000000000000000000000000
00033300033300000333000333000333000000000222220022222002221111111110000011111100000000000000000000330000033300033300033300000333
30330030330030003300303300303300300000000111110011111001111100111110000011111100000000000000000003330000330030330030330030003300
30330030330030003300303300303300300000000111110011111001111100333330000033333300000000000000000000330000330030330030330030003300
30330030330030003300303300303300300000000111110011111001111100122230000033333300000000000000000000330000033300330030330030003300
30330030330030003300303300303300300000000111110011111001112200333330000033333300000000000000000000330000300330330030330030003300
30330030330030303300303300303300300000000111111111222002222200222220000022222200000000000000000000330030300330330030330030303300
00033300033300300333000333000333000000000111111111111001111100111110000011111100000000000000000003333030033300033300033300300333
00000000000000000000000000000000000000000111111111111003333300333330000033333300000000000000000000000000000000000000000000000000
00000000000000000000000000000000000000000333333333333003333300333330000033333300000000000000000000000000000000000000000000000000
00000000000000000000000000000000000000000222223333333003333300223330000022222200000000000000000000000000000000000000000000000000
00000000000000000000000000000000000000000222222222220002222200222220000022222200000000000000000000000000000000000000000000000000
00000000000000000000000000000000000000000111111111100001111100111110000011111100000000000000000000000000000000000000000000000000
00000000000000000000000000000000000000000000000000000000000000000000000000000000000000000000000000000000000000000000000000000000
00000000000000000000000000000000000000000000000000000000000000000000000000000000000000000000000000000000000000000000000000000000

0x298236da
00000000000000000000000000000000000000000000000000000000000000000000000000000000000000000000000000000000000000000000000000000000
00000000000000000000000000000000011111111110000001111111100001111100111110000000000000000000000000000000000000000000000000000000
00000000000000000000000000000000033333333333000033333333330001111100111110000000000000000000000000000000000000000000000000000000
00000000000000000000000000000000033333333333300333332211111001111100111110000000000000000000000000000000000000000000000000000000
00000000000000000000000000000000022222222222200222222222222002222200111110000000000000000000000000000000000000000000000000000000
00000000000000000000000000000000011111111111100111111111111001111100111110000000000000000000000000000000000000000000000000000000
00303300003333303333000000000000011111111111100111111111111001111100111110000000000000000000000000300000000033330033333003330033
00303300003300303300300000000000033333333331100111111111111001111100111110000000000000000000030300300000000033003033000033003033
00303300003300303300300000000000022222002223300333330011111001111100111110000000000000000000333330300330000033003033000033000033
00303300003333303333300000000000022222002222200222220022222001111100111110000000000000000000030300300330000033333033330033033033
00303300003300303303000000000000011111001111100111110011111001111100111110000000000000000000333330333330000033030033000033003033
00303300003300303300300000000000011111001133300333330033333003333300333330000000000000000000030300000330000033003033000033003033
33003333303300303300300000000000033333003333300333333333333003333333333330000000000000000000000000000330000033003033333003333003
00000000000000000000000000000000033333003333300222233332222000222222222200000000000000000000000000000000000000000000000000000000
00000000000000000000000000000000022222002222200222222222222000222222222200000000000000000000000000000000000000000000000000000000
00000000000000000000000000000000011111001111100111111111111000011111111000000000000000000000000000000000000000000000000000000000
00000000000000000000000000000000033333003333300333333331111000011111111000000000000000000000000000000000000000000000000000000000
00000000000000000000000000000000033333003333200111111111111000001111110000000000000000000000000000000000000000000000000000000000
03330000033300033300033300000000022222002222200222111111111000001111110000000000000000000033000003330003330003330000033300033300
33003000330030330030330030000000011111001111100111110011111000001111110000000000000000000333000033003033003033003000330030330030
33003000330030330030330030000000011111001111100111110033333000003333330000000000000000000033000033003033003033003000330030330030
33003000330030330030330030000000011111001111100111110012223000003333330000000000000000000033000003330033003033003000330030330030
33003000330030330030330030000000011111001111100111220033333000003333330000000000000000000033000030033033003033003000330030330030
33003030330030330030330030000000011111111122200222220022222000002222220000000000000000000033003030033033003033003030330030330030
03330030033300033300033300000000011111111111100111110011111000001111110000000000000000000333303003330003330003330030033300033300
00000000000000000000000000000000011111111111100333330033333000003333330000000000000000000000000000000000000000000000000000000000
00000000000000000000000000000000033333333333300333330033333000003333330000000000000000000000000000000000000000000000000000000000
00000000000000000000000000000000022222333333300333330022333000002222220000000000000000000000000000000000000000000000000000000000
00000000000000000000000000000000022222222222000222220022222000002222220000000000000000000000000000000000000000000000000000000000
00000000000000000000000000000000011111111110000111110011111000001111110000000000000000000000000000000000000000000000000000000000
00000000000000000000000000000000000000000000000000000000000000000000000000000000000000000000000000000000000000000000000000000000
00000000000000000000000000000000000000000000000000000000000000000000000000000000000000000000000000000000000000000000000000000000

0x29823709
00000000000000000000000000000000000000000000000000000000000000000000000000000000000000000000000000000000000000000000000000000000
00000000000000000000000001111111111000000111111110000111110011111000000000000000000000000000000000000000000000000000000000000000
00000000000000000000000003333333333300003333333333000111110011111000000000000000000000000000000000000000000000000000000000000000
00000000000000000000000003333333333330033333221111100111110011111000000000000000000000000000000000000000000000000000000000000000
00000000000000000000000002222222222220022222222222200222220011111000000000000000000000000000000000000000000000000000000000000000
00000000000000000000000001111111111110011111111111100111110011111000000000000000000000000000000000000000000000000000000000000000
00333330333300000000000001111111111110011111111111100111110011111000000000000000000000000030000000003333003333300333003300303300
00330030330030000000000003333333333110011111111111100111110011111000000000000000000003030030000000003300303300003300303300303300
00330030330030000000000002222200222330033333001111100111110011111000000000000000000033333030033000003300303300003300003300303300
00333330333330000000000002222200222220022222002222200111110011111000000000000000000003030030033000003333303333003303303300303300
00330030330300000000000001111100111110011111001111100111110011111000000000000000000033333033333000003303003300003300303300303300
00330030330030000000000001111100113330033333003333300333330033333000000000000000000003030000033000003300303300003300303300303300
30330030330030000000000003333300333330033333333333300333333333333000000000000000000000000000033000003300303333300333300333003333
00000000000000000000000003333300333330022223333222200022222222220000000000000000000000000000000000000000000000000000000000000000
00000000000000000000000002222200222220022222222222200022222222220000000000000000000000000000000000000000000000000000000000000000
00000000000000000000000001111100111110011111111111100001111111100000000000000000000000000000000000000000000000000000000000000000
00000000000000000000000003333300333330033333333111100001111111100000000000000000000000000000000000000000000000000000000000000000
00000000000000000000000003333300333320011111111111100000111111000000000000000000000000000000000000000000000000000000000000000000
03330003330003330000000002222200222220022211111111100000111111000000000000000000003300000333000333000333000003330003330003330000
33003033003033003000000001111100111110011111001111100000111111000000000000000000033300003300303300303300300033003033003033003000
33003033003033003000000001111100111110011111003333300000333333000000000000000000003300003300303300303300300033003033003033003000
33003033003033003000000001111100111110011111001222300000333333000000000000000000003300000333003300303300300033003033003033003000
33003033003033003000000001111100111110011122003333300000333333000000000000000000003300003003303300303300300033003033003033003000
33003033003033003000000001111111112220022222002222200000222222000000000000000000003300303003303300303300303033003033003033003030
03330003330003330000000001111111111110011111001111100000111111000000000000000000033330300333000333000333003003330003330003330030
00000000000000000000000001111111111110033333003333300000333333000000000000000000000000000000000000000000000000000000000000000000
00000000000000000000000003333333333330033333003333300000333333000000000000000000000000000000000000000000000000000000000000000000
00000000000000000000000002222233333330033333002233300000222222000000000000000000000000000000000000000000000000000000000000000000
00000000000000000000000002222222222200022222002222200000222222000000000000000000000000000000000000000000000000000000000000000000
00000000000000000000000001111111111000011111001111100000111111000000000000000000000000000000000000000000000000000000000000000000
00000000000000000000000000000000000000000000000000000000000000000000000000000000000000000000000000000000000000000000000000000000
00000000000000000000000000000000000000000000000000000000000000000000000000000000000000000000000000000000000000000000000000000000

0x29823728
00000000000000000000000000000000000000000000000000000000000000000000000000000000000000000000000000000000000000000000000000000000
00000000000000000111111111100000011111111000011111001111100000000000000000000000000000000000000000000000000000000000000000000000
00000000000000000333333333330000333333333300011111001111100000000000000000000000000000000000000000000000000000000000000000000000
00000000000000000333333333333003333322111110011111001111100000000000000000000000000000000000000000000000000000000000000000000000
00000000000000000222222222222002222222222220022222001111100000000000000000000000000000000000000000000000000000000000000000000000
00000000000000000111111111111001111111111110011111001111100000000000000000000000000000000000000000000000000000000000000000000000
33330000000000000111111111111001111111111110011111001111100000000000000000000000003000000000333300333330033300330030330000333330
33003000000000000333333333311001111111111110011111001111100000000000000000000303003000000000330030330000330030330030330000330030
33003000000000000222220022233003333300111110011111001111100000000000000000003333303003300000330030330000330000330030330000330030
33333000000000000222220022222002222200222220011111001111100000000000000000000303003003300000333330333300330330330030330000333330
33030000000000000111110011111001111100111110011111001111100000000000000000003333303333300000330300330000330030330030330000330030
33003000000000000111110011333003333300333330033333003333300000000000000000000303000003300000330030330000330030330030330000330030
33003000000000000333330033333003333333333330033333333333300000000000000000000000000003300000330030333330033330033300333330330030
00000000000000000333330033333002222333322220002222222222000000000000000000000000000000000000000000000000000000000000000000000000
00000000000000000222220022222002222222222220002222222222000000000000000000000000000000000000000000000000000000000000000000000000
00000000000000000111110011111001111111111110000111111110000000000000000000000000000000000000000000000000000000000000000000000000
00000000000000000333330033333003333333311110000111111110000000000000000000000000000000000000000000000000000000000000000000000000
00000000000000000333330033332001111111111110000011111100000000000000000000000000000000000000000000000000000000000000000000000000
33000333000000000222220022222002221111111110000011111100000000000000000000330000033300033300033300000333000333000333000003330003
00303300300000000111110011111001111100111110000011111100000000000000000003330000330030330030330030003300303300303300300033003033
00303300300000000111110011111001111100333330000033333300000000000000000000330000330030330030330030003300303300303300300033003033
00303300300000000111110011111001111100122230000033333300000000000000000000330000033300330030330030003300303300303300300033003033
00303300300000000111110011111001112200333330000033333300000000000000000000330000300330330030330030003300303300303300300033003033
00303300300000000111111111222002222200222220000022222200000000000000000000330030300330330030330030303300303300303300303033003033
33000333000000000111111111111001111100111110000011111100000000000000000003333030033300033300033300300333000333000333003003330003
00000000000000000111111111111003333300333330000033333300000000000000000000000000000000000000000000000000000000000000000000000000
00000000000000000333333333333003333300333330000033333300000000000000000000000000000000000000000000000000000000000000000000000000
00000000000000000222223333333003333300223330000022222200000000000000000000000000000000000000000000000000000000000000000000000000
00000000000000000222222222220002222200222220000022222200000000000000000000000000000000000000000000000000000000000000000000000000
00000000000000000111111111100001111100111110000011111100000000000000000000000000000000000000000000000000000000000000000000000000
00000000000000000000000000000000000000000000000000000000000000000000000000000000000000000000000000000000000000000000000000000000
00000000000000000000000000000000000000000000000000000000000000000000000000000000000000000000000000000000000000000000000000000000

0x29823757
00000000000000000000000000000000000000000000000000000000000000000000000000000000000000000000000000000000000000000000000000000000
00000000011111111110000001111111100001111100111110000000000000000000000000000000000000000000000000000000000000000000000000000000
00000000033333333333000033333333330001111100111110000000000000000000000000000000000000000000000000000000000000000000000000000000
00000000033333333333300333332211111001111100111110000000000000000000000000000000000000000000000000000000000000000000000000000000
00000000022222222222200222222222222002222200111110000000000000000000000000000000000000000000000000000000000000000000000000000000
00000000011111111111100111111111111001111100111110000000000000000000000000000000000000000000000000000000000000000000000000000000
00000000011111111111100111111111111001111100111110000000000000000000000000300000000033330033333003330033003033000033333033330000
00000000033333333331100111111111111001111100111110000000000000000000030300300000000033003033000033003033003033000033003033003000
00000000022222002223300333330011111001111100111110000000000000000000333330300330000033003033000033000033003033000033003033003000
00000000022222002222200222220022222001111100111110000000000000000000030300300330000033333033330033033033003033000033333033333000
00000000011111001111100111110011111001111100111110000000000000000000333330333330000033030033000033003033003033000033003033030000
00000000011111001133300333330033333003333300333330000000000000000000030300000330000033003033000033003033003033000033003033003000
00000000033333003333300333333333333003333333333330000000000000000000000000000330000033003033333003333003330033333033003033003000
00000000033333003333300222233332222000222222222200000000000000000000000000000000000000000000000000000000000000000000000000000000
00000000022222002222200222222222222000222222222200000000000000000000000000000000000000000000000000000000000000000000000000000000
00000000011111001111100111111111111000011111111000000000000000000000000000000000000000000000000000000000000000000000000000000000
00000000033333003333300333333331111000011111111000000000000000000000000000000000000000000000000000000000000000000000000000000000
00000000033333003333200111111111111000001111110000000000000000000000000000000000000000000000000000000000000000000000000000000000
00000000022222002222200222111111111000001111110000000000000000000033000003330003330003330000033300033300033300000333000333000333
30000000011111001111100111110011111000001111110000000000000000000333000033003033003033003000330030330030330030003300303300303300
30000000011111001111100111110033333000003333330000000000000000000033000033003033003033003000330030330030330030003300303300303300
30000000011111001111100111110012223000003333330000000000000000000033000003330033003033003000330030330030330030003300303300303300
30000000011111001111100111220033333000003333330000000000000000000033000030033033003033003000330030330030330030003300303300303300
30000000011111111122200222220022222000002222220000000000000000000033003030033033003033003030330030330030330030303300303300303300
00000000011111111111100111110011111000001111110000000000000000000333303003330003330003330030033300033300033300300333000333000333
00000000011111111111100333330033333000003333330000000000000000000000000000000000000000000000000000000000000000000000000000000000
00000000033333333333300333330033333000003333330000000000000000000000000000000000000000000000000000000000000000000000000000000000
00000000022222333333300333330022333000002222220000000000000000000000000000000000000000000000000000000000000000000000000000000000
00000000022222222222000222220022222000002222220000000000000000000000000000000000000000000000000000000000000000000000000000000000
00000000011111111110000111110011111000001111110000000000000000000000000000000000000000000000000000000000000000000000000000000000
00000000000000000000000000000000000000000000000000000000000000000000000000000000000000000000000000000000000000000000000000000000
00000000000000000000000000000000000000000000000000000000000000000000000000000000000000000000000000000000000000000000000000000000

0x29823776
00000000000000000000000000000000000000000000000000000000000000000000000000000000000000000000000000000000000000000000000000000000
01111111111000000111111110000111110011111000000000000000000000000000000000000000000000000000000000000000000000000000000000000000
03333333333300003333333333000111110011111000000000000000000000000000000000000000000000000000000000000000000000000000000000000000
03333333333330033333221111100111110011111000000000000000000000000000000000000000000000000000000000000000000000000000000000000000
02222222222220022222222222200222220011111000000000000000000000000000000000000000000000000000000000000000000000000000000000000000
01111111111110011111111111100111110011111000000000000000000000000000000000000000000000000000000000000000000000000000000000000000
01111111111110011111111111100111110011111000000000000000000000000030000000003333003333300333003300303300003333303333000000000000
03333333333110011111111111100111110011111000000000000000000003030030000000003300303300003300303300303300003300303300300000000000
02222200222330033333001111100111110011111000000000000000000033333030033000003300303300003300003300303300003300303300300000000000
02222200222220022222002222200111110011111000000000000000000003030030033000003333303333003303303300303300003333303333300000000000
01111100111110011111001111100111110011111000000000000000000033333033333000003303003300003300303300303300003300303303000000000000
01111100113330033333003333300333330033333000000000000000000003030000033000003300303300003300303300303300003300303300300000000000
03333300333330033333333333300333333333333000000000000000000000000000033000003300303333300333300333003333303300303300300000000000
03333300333330022223333222200022222222220000000000000000000000000000000000000000000000000000000000000000000000000000000000000000
02222200222220022222222222200022222222220000000000000000000000000000000000000000000000000000000000000000000000000000000000000000
01111100111110011111111111100001111111100000000000000000000000000000000000000000000000000000000000000000000000000000000000000000
03333300333330033333333111100001111111100000000000000000000000000000000000000000000000000000000000000000000000000000000000000000
03333300333320011111111111100000111111000000000000000000000000000000000000000000000000000000000000000000000000000000000000000000
02222200222220022211111111100000111111000000000000000000003300000333000333000333000003330003330003330000033300033300033300000000
01111100111110011111001111100000111111000000000000000000033300003300303300303300300033003033003033003000330030330030330030000000
01111100111110011111003333300000333333000000000000000000003300003300303300303300300033003033003033003000330030330030330030000000
01111100111110011111001222300000333333000000000000000000003300000333003300303300300033003033003033003000330030330030330030000000
01111100111110011122003333300000333333000000000000000000003300003003303300303300300033003033003033003000330030330030330030000000
01111111112220022222002222200000222222000000000000000000003300303003303300303300303033003033003033003030330030330030330030000000
01111111111110011111001111100000111111000000000000000000033330300333000333000333003003330003330003330030033300033300033300000000
01111111111110033333003333300000333333000000000000000000000000000000000000000000000000000000000000000000000000000000000000000000
03333333333330033333003333300000333333000000000000000000000000000000000000000000000000000000000000000000000000000000000000000000
02222233333330033333002233300000222222000000000000000000000000000000000000000000000000000000000000000000000000000000000000000000
02222222222200022222002222200000222222000000000000000000000000000000000000000000000000000000000000000000000000000000000000000000
01111111111000011111001111100000111111000000000000000000000000000000000000000000000000000000000000000000000000000000000000000000
00000000000000000000000000000000000000000000000000000000000000000000000000000000000000000000000000000000000000000000000000000000
00000000000000000000000000000000000000000000000000000000000000000000000000000000000000000000000000000000000000000000000000000000

0x298237e3
00000000000000000000000000000000000000000000000000000000000000000000000000000000000000000000000000000000000000000000000000000000
01111111111000000111111110000111110011111000000000000000000000000000000000000000000000000000000000000000000000000000000000000000
03333331111100001133333333000333330033333000000000000000000000000000000000000000000000000000000000000000000000000000000000000000
01111111111110011111122223300333330033333000000000000000000000000000000000000000000000000000000000000000000000000000000000000000
01111111112220022222222222200222220022222000000000000000000000000000000000000000000000000000000000000000000000000000000000000000
01111111111110011111111111100111110011111000000000000000000000000000000000000000000000000000000000000000000000000000000000000000
03333331111110011111111111100111110011111000000000000000000000000030000000003333003333300333003300303300003333303333000000000000
03333333333330033333333333300333330011111000000000000000000003030030000000003300303300003300303300303300003300303300300000000000
03333300333330022222002222200222220033333000000000000000000033333030033000003300303300003300003300303300003300303300300000000000
02222200222220022222002222200222220022222000000000000000000003030030033000003333303333003303303300303300003333303333300000000000
01111100111110011111001111100111110011111000000000000000000033333033333000003303003300003300303300303300003300303303000000000000
01111100111110011111001111100111330033333000000000000000000003030000033000003300303300003300303300303300003300303300300000000000
01111100113330033333333333300333333333333000000000000000000000000000033000003300303333300333300333003333303300303300300000000000
01111100111110022222222333300033333332220000000000000000000000000000000000000000000000000000000000000000000000000000000000000000
01111200222220022222222222200022222222220000000000000000000000000000000000000000000000000000000000000000000000000000000000000000
01111100111110011111111111100001111111100000000000000000000000000000000000000000000000000000000000000000000000000000000000000000
03333300333330033333333333300003333333300000000000000000000000000000000000000000000000000000000000000000000000000000000000000000
03333300333330033333333333300000333221000000000000000000000000000000000000000000000000000000000000000000000000000000000000000000
03333300222220022222222222200000222222000000000000000000003300000333000333000333000003330003330003330000033300033300033300000000
02222200222220022221001111100000111111000000000000000000033300003300303300303300300033003033003033003000330030330030330030000000
01111100111110011111001111100000111111000000000000000000003300003300303300303300300033003033003033003000330030330030330030000000
03333300311110011111001111100000111111000000000000000000003300000333003300303300300033003033003033003000330030330030330030000000
02222200111110011111001111100000111111000000000000000000003300003003303300303300300033003033003033003000330030330030330030000000
02222222222220011111001111100000222222000000000000000000003300303003303300303300303033003033003033003030330030330030330030000000
01111111111110011111001111100000111111000000000000000000033330300333000333000333003003330003330003330030033300033300033300000000
01111111111110011111001111100000111111000000000000000000000000000000000000000000000000000000000000000000000000000000000000000000
01111111111110011111001333300000333333000000000000000000000000000000000000000000000000000000000000000000000000000000000000000000
03331111111110011111001111100000222233000000000000000000000000000000000000000000000000000000000000000000000000000000000000000000
01111111111100011122002222200000222222000000000000000000000000000000000000000000000000000000000000000000000000000000000000000000
01111111111000011111001111100000111111000000000000000000000000000000000000000000000000000000000000000000000000000000000000000000
00000000000000000000000000000000000000000000000000000000000000000000000000000000000000000000000000000000000000000000000000000000
00000000000000000000000000000000000000000000000000000000000000000000000000000000000000000000000000000000000000000000000000000000

0x29823860
00000000000000000000000000000000000000000000000000000000000000000000000000000000000000000000000000000000000000000000000000000000
01111111111000000111111110000111110011111000000000000000000000000000000000000000000000000000000000000000000000000000000000000000
03333333333300003333333333000333330031111000000000000000000000000000000000000000000000000000000000000000000000000000000000000000
03333333333330033333333332200111110011111000000000000000000000000000000000000000000000000000000000000000000000000000000000000000
02222222222220022222222222200221110011122000000000000000000000000000000000000000000000000000000000000000000000000000000000000000
01111111111110011111111111100111110011111000000000000000000000000000000000000000000000000000000000000000000000000000000000000000
01111111111110013333333333300333110011111000000000000000000000000030000000003333003333300333003300303300003333303333000000000000
03333333333330033333333333300333330033333000000000000000000003030030000000003300303300003300303300303300003300303300300000000000
02222300333330033333003333300333330033222000000000000000000033333030033000003300303300003300003300303300003300303300300000000000
02222200222220022222002222200222220022222000000000000000000003030030033000003333303333003303303300303300003333303333300000000000
01111100111110011111001111100111110011111000000000000000000033333033333000003303003300003300303300303300003300303303000000000000
01111100111110011111001111100111110011111000000000000000000003030000033000003300303300003300303300303300003300303300300000000000
01111100111110011111111111100113333333333000000000000000000000000000033000003300303333300333300333003333303300303300300000000000
01111100111110011111111111100011111222220000000000000000000000000000000000000000000000000000000000000000000000000000000000000000
01111100111110011111111111200022222222220000000000000000000000000000000000000000000000000000000000000000000000000000000000000000
01111100111110011111111111100001111111100000000000000000000000000000000000000000000000000000000000000000000000000000000000000000
03333300333330033333333333300003333333300000000000000000000000000000000000000000000000000000000000000000000000000000000000000000
03333300333330033333333333300000333333000000000000000000000000000000000000000000000000000000000000000000000000000000000000000000
01111100222220033333333333300000222222000000000000000000003300000333000333000333000003330003330003330000033300033300033300000000
01222200222220022222002222200000222222000000000000000000033300003300303300303300300033003033003033003000330030330030330030000000
01111100111110011111001111100000111111000000000000000000003300003300303300303300300033003033003033003000330030330030330030000000
03333300333330033333003333300000111111000000000000000000003300000333003300303300300033003033003033003000330030330030330030000000
03222200222220022222002222100000111111000000000000000000003300003003303300303300300033003033003033003000330030330030330030000000
02222222222220022222002222200000222111000000000000000000003300303003303300303300303033003033003033003030330030330030330030000000
01111111111110011111001111100000111111000000000000000000033330300333000333000333003003330003330003330030033300033300033300000000
01111111111110011111001111100000111111000000000000000000000000000000000000000000000000000000000000000000000000000000000000000000
01111111111110011111001111100000111111000000000000000000000000000000000000000000000000000000000000000000000000000000000000000000
03333333333330033333003333300000333331000000000000000000000000000000000000000000000000000000000000000000000000000000000000000000
03333333333300033332002211100000111111000000000000000000000000000000000000000000000000000000000000000000000000000000000000000000
02222222222000022222002222200000111111000000000000000000000000000000000000000000000000000000000000000000000000000000000000000000
00000000000000000000000000000000000000000000000000000000000000000000000000000000000000000000000000000000000000000000000000000000
00000000000000000000000000000000000000000000000000000000000000000000000000000000000000000000000000000000000000000000000000000000

0x2982392b
00000000000000000000000000000000000000000000000000000000000000000000000000000000000000000000000000000000000000000000000000000000
01111111111000000111111110000111110011111000000000000000000000000000000000000000000000000000000000000000000000000000000000000000
03333333333300003333333333000333330033333000000000000000000000000000000000000000000000000000000000000000000000000000000000000000
03333333333330033333333333300333330033333000000000000000000000000000000000000000000000000000000000000000000000000000000000000000
03333333333220022222222222200222220022222000000000000000000000000000000000000000000000000000000000000000000000000000000000000000
02222222222220022222222211100111110011111000000000000000000000000000000000000000000000000000000000000000000000000000000000000000
01111111111110011111111111100111110011111000000000000000000000000030000000003333003333300333003300303300003333303333000000000000
01111111111110011111111113300333330033333000000000000000000003030030000000003300303300003300303300303300003300303300300000000000
01111100111110011111003332200233330033333000000000000000000033333030033000003300303300003300003300303300003300303300300000000000
01111100111110011222002222200222220022222000000000000000000003030030033000003333303333003303303300303300003333303333300000000000
01111100111110011111001111100111110011111000000000000000000033333033333000003303003300003300303300303300003300303303000000000000
03333300111110011111001111100111110011111000000000000000000003030000033000003300303300003300303300303300003300303300300000000000
02221100111110011111111111100111111111111000000000000000000000000000033000003300303333300333300333003333303300303300300000000000
02222200222220022111111111100011111111110000000000000000000000000000000000000000000000000000000000000000000000000000000000000000
02222200222220022222111111100011111111110000000000000000000000000000000000000000000000000000000000000000000000000000000000000000
01111100111110011111111111100001111111100000000000000000000000000000000000000000000000000000000000000000000000000000000000000000
01111100111110033333333333300003333333300000000000000000000000000000000000000000000000000000000000000000000000000000000000000000
01111100111110012222222233300000333333000000000000000000000000000000000000000000000000000000000000000000000000000000000000000000
01111100111110011111111111100000222233000000000000000000003300000333000333000333000003330003330003330000033300033300033300000000
01111100111110011111001112200000222222000000000000000000033300003300303300303300300033003033003033003000330030330030330030000000
03333300333310011111001111100000111111000000000000000000003300003300303300303300300033003033003033003000330030330030330030000000
03333300333330033333003333300000333333000000000000000000003300000333003300303300300033003033003033003000330030330030330030000000
03333300333330033333002222200000222222000000000000000000003300003003303300303300300033003033003033003000330030330030330030000000
02222222222220022222002222200000222222000000000000000000003300303003303300303300303033003033003033003030330030330030330030000000
01111111111110011111001111100000111111000000000000000000033330300333000333000333003003330003330003330030033300033300033300000000
01111111111110011111001111100000111111000000000000000000000000000000000000000000000000000000000000000000000000000000000000000000
01111111111110011111001111100000111111000000000000000000000000000000000000000000000000000000000000000000000000000000000000000000
02221111111110033333003333300000333333000000000000000000000000000000000000000000000000000000000000000000000000000000000000000000
02222221111100011111001112200000333333000000000000000000000000000000000000000000000000000000000000000000000000000000000000000000
01111111111000011111002222200000222222000000000000000000000000000000000000000000000000000000000000000000000000000000000000000000
00000000000000000000000000000000000000000000000000000000000000000000000000000000000000000000000000000000000000000000000000000000
00000000000000000000000000000000000000000000000000000000000000000000000000000000000000000000000000000000000000000000000000000000

0x298239e7
00000000000000000000000000000000000000000000000000000000000000000000000000000000000000000000000000000000000000000000000000000000
01111111111000000111111110000111110011111000000000000000000000000000000000000000000000000000000000000000000000000000000000000000
01111111111100003333333333000333330033333000000000000000000000000000000000000000000000000000000000000000000000000000000000000000
01111111111110011111222223300333330033333000000000000000000000000000000000000000000000000000000000000000000000000000000000000000
02222211111110011111111112200233330033333000000000000000000000000000000000000000000000000000000000000000000000000000000000000000
01111111111110011111112222200222220022222000000000000000000000000000000000000000000000000000000000000000000000000000000000000000
01111111111110011111111111100111110011111000000000000000000000000030000000003333003333300333003300303300003333303333000000000000
01111111111110011111111111100111110011111000000000000000000003030030000000003300303300003300303300303300003300303300300000000000
01111100111110011111001111100111110011111000000000000000000033333030033000003300303300003300003300303300003300303300300000000000
02111100111110011111001111100111110011111000000000000000000003030030033000003333303333003303303300303300003333303333300000000000
01111100111110011111001111100111110011111000000000000000000033333033333000003303003300003300303300303300003300303303000000000000
03333300333330033333003333300111110011111000000000000000000003030000033000003300303300003300303300303300003300303300300000000000
03333300333330033333332221100111111111111000000000000000000000000000033000003300303333300333300333003333303300303300300000000000
03222200222220022222222222200022222222110000000000000000000000000000000000000000000000000000000000000000000000000000000000000000
02222200222220022222222222200022222222220000000000000000000000000000000000000000000000000000000000000000000000000000000000000000
01111100111110011111111111100001111111100000000000000000000000000000000000000000000000000000000000000000000000000000000000000000
01111100111110011111111111100001111133300000000000000000000000000000000000000000000000000000000000000000000000000000000000000000
01111100111110011111111111100000111111000000000000000000000000000000000000000000000000000000000000000000000000000000000000000000
01111100111110011111111111100000111111000000000000000000003300000333000333000333000003330003330003330000033300033300033300000000
01111100111110011111001111100000111111000000000000000000033300003300303300303300300033003033003033003000330030330030330030000000
03333300333330033333003333300000111111000000000000000000003300003300303300303300300033003033003033003000330030330030330030000000
01122200333330033333003333300000333333000000000000000000003300000333003300303300300033003033003033003000330030330030330030000000
03333300333330033333003333300000333333000000000000000000003300003003303300303300300033003033003033003000330030330030330030000000
02222222222220022222002222200000222222000000000000000000003300303003303300303300303033003033003033003030330030330030330030000000
01111111111110011111001111100000111111000000000000000000033330300333000333000333003003330003330003330030033300033300033300000000
03333333333330033333003331100000111111000000000000000000000000000000000000000000000000000000000000000000000000000000000000000000
03333333333330033322001111100000111111000000000000000000000000000000000000000000000000000000000000000000000000000000000000000000
02222222222220022222002222200000221111000000000000000000000000000000000000000000000000000000000000000000000000000000000000000000
02222222222200022222002222200000222221000000000000000000000000000000000000000000000000000000000000000000000000000000000000000000
01111111111000011111001111100000111111000000000000000000000000000000000000000000000000000000000000000000000000000000000000000000
00000000000000000000000000000000000000000000000000000000000000000000000000000000000000000000000000000000000000000000000000000000
00000000000000000000000000000000000000000000000000000000000000000000000000000000000000000000000000000000000000000000000000000000

0x29823ac2
00000000000000000000000000000000000000000000000000000000000000000000000000000000000000000000000000000000000000000000000000000000
01111111111000000111111110000111110011111000000000000000000000000000000000000000000000000000000000000000000000000000000000000000
03333333333300003333333333000111110011111000000000000000000000000000000000000000000000000000000000000000000000000000000000000000
03333333333330033333221111100111110011111000000000000000000000000000000000000000000000000000000000000000000000000000000000000000
02222222222220022222222222200222220011111000000000000000000000000000000000000000000000000000000000000000000000000000000000000000
01111111111110011111111111100111110011111000000000000000000000000000000000000000000000000000000000000000000000000000000000000000
01111111111110011111111111100111110011111000000000000000000000000030000000003333003333300333003300303300003333303333000000000000
03333333333110011111111111100111110011111000000000000000000003030030000000003300303300003300303300303300003300303300300000000000
02222200222330033333001111100111110011111000000000000000000033333030033000003300303300003300003300303300003300303300300000000000
02222200222220022222002222200111110011111000000000000000000003030030033000003333303333003303303300303300003333303333300000000000
01111100111110011111001111100111110011111000000000000000000033333033333000003303003300003300303300303300003300303303000000000000
01111100113330033333003333300333330033333000000000000000000003030000033000003300303300003300303300303300003300303300300000000000
03333300333330033333333333300333333333333000000000000000000000000000033000003300303333300333300333003333303300303300300000000000
03333300333330022223333222200022222222220000000000000000000000000000000000000000000000000000000000000000000000000000000000000000
02222200222220022222222222200022222222220000000000000000000000000000000000000000000000000000000000000000000000000000000000000000
01111100111110011111111111100001111111100000000000000000000000000000000000000000000000000000000000000000000000000000000000000000
03333300333330033333333111100001111111100000000000000000000000000000000000000000000000000000000000000000000000000000000000000000
03333300333320011111111111100000111111000000000000000000000000000000000000000000000000000000000000000000000000000000000000000000
02222200222220022211111111100000111111000000000000000000003300000333000333000333000003330003330003330000033300033300033300000000
01111100111110011111001111100000111111000000000000000000033300003300303300303300300033003033003033003000330030330030330030000000
01111100111110011111003333300000333333000000000000000000003300003300303300303300300033003033003033003000330030330030330030000000
01111100111110011111001222300000333333000000000000000000003300000333003300303300300033003033003033003000330030330030330030000000
01111100111110011122003333300000333333000000000000000000003300003003303300303300300033003033003033003000330030330030330030000000
01111111112220022222002222200000222222000000000000000000003300303003303300303300303033003033003033003030330030330030330030000000
01111111111110011111001111100000111111000000000000000000033330300333000333000333003003330003330003330030033300033300033300000000
01111111111110033333003333300000333333000000000000000000000000000000000000000000000000000000000000000000000000000000000000000000
03333333333330033333003333300000333333000000000000000000000000000000000000000000000000000000000000000000000000000000000000000000
02222233333330033333002233300000222222000000000000000000000000000000000000000000000000000000000000000000000000000000000000000000
02222222222200022222002222200000222222000000000000000000000000000000000000000000000000000000000000000000000000000000000000000000
01111111111000011111001111100000111111000000000000000000000000000000000000000000000000000000000000000000000000000000000000000000
00000000000000000000000000000000000000000000000000000000000000000000000000000000000000000000000000000000000000000000000000000000
00000000000000000000000000000000000000000000000000000000000000000000000000000000000000000000000000000000000000000000000000000000

0x29823b8d
00000000000000000000000000000000000000000000000000000000000000000000000000000000000000000000000000000000000000000000000000000000
01111111111000000111111110000111110011111000000000000000000000000000000000000000000000000000000000000000000000000000000000000000
03333331111100001133333333000333330033333000000000000000000000000000000000000000000000000000000000000000000000000000000000000000
01111111111110011111122223300333330033333000000000000000000000000000000000000000000000000000000000000000000000000000000000000000
01111111112220022222222222200222220022222000000000000000000000000000000000000000000000000000000000000000000000000000000000000000
01111111111110011111111111100111110011111000000000000000000000000000000000000000000000000000000000000000000000000000000000000000
03333331111110011111111111100111110011111000000000000000000000000030000000003333003333300333003300303300003333303333000000000000
03333333333330033333333333300333330011111000000000000000000003030030000000003300303300003300303300303300003300303300300000000000
03333300333330022222002222200222220033333000000000000000000033333030033000003300303300003300003300303300003300303300300000000000
02222200222220022222002222200222220022222000000000000000000003030030033000003333303333003303303300303300003333303333300000000000
01111100111110011111001111100111110011111000000000000000000033333033333000003303003300003300303300303300003300303303000000000000
01111100111110011111001111100111330033333000000000000000000003030000033000003300303300003300303300303300003300303300300000000000
01111100113330033333333333300333333333333000000000000000000000000000033000003300303333300333300333003333303300303300300000000000
01111100111110022222222333300033333332220000000000000000000000000000000000000000000000000000000000000000000000000000000000000000
01111200222220022222222222200022222222220000000000000000000000000000000000000000000000000000000000000000000000000000000000000000
01111100111110011111111111100001111111100000000000000000000000000000000000000000000000000000000000000000000000000000000000000000
03333300333330033333333333300003333333300000000000000000000000000000000000000000000000000000000000000000000000000000000000000000
03333300333330033333333333300000333221000000000000000000000000000000000000000000000000000000000000000000000000000000000000000000
03333300222220022222222222200000222222000000000000000000003300000333000333000333000003330003330003330000033300033300033300000000
02222200222220022221001111100000111111000000000000000000033300003300303300303300300033003033003033003000330030330030330030000000
01111100111110011111001111100000111111000000000000000000003300003300303300303300300033003033003033003000330030330030330030000000
03333300311110011111001111100000111111000000000000000000003300000333003300303300300033003033003033003000330030330030330030000000
02222200111110011111001111100000111111000000000000000000003300003003303300303300300033003033003033003000330030330030330030000000
02222222222220011111001111100000222222000000000000000000003300303003303300303300303033003033003033003030330030330030330030000000
01111111111110011111001111100000111111000000000000000000033330300333000333000333003003330003330003330030033300033300033300000000
01111111111110011111001111100000111111000000000000000000000000000000000000000000000000000000000000000000000000000000000000000000
01111111111110011111001333300000333333000000000000000000000000000000000000000000000000000000000000000000000000000000000000000000
03331111111110011111001111100000222233000000000000000000000000000000000000000000000000000000000000000000000000000000000000000000
01111111111100011122002222200000222222000000000000000000000000000000000000000000000000000000000000000000000000000000000000000000
01111111111000011111001111100000111111000000000000000000000000000000000000000000000000000000000000000000000000000000000000000000
00000000000000000000000000000000000000000000000000000000000000000000000000000000000000000000000000000000000000000000000000000000
00000000000000000000000000000000000000000000000000000000000000000000000000000000000000000000000000000000000000000000000000000000

0x29823c58
00000000000000000000000000000000000000000000000000000000000000000000000000000000000000000000000000000000000000000000000000000000
01111111111000000111111110000111110011111000000000000000000000000000000000000000000000000000000000000000000000000000000000000000
03333333333300003333333333000333330031111000000000000000000000000000000000000000000000000000000000000000000000000000000000000000
03333333333330033333333332200111110011111000000000000000000000000000000000000000000000000000000000000000000000000000000000000000
02222222222220022222222222200221110011122000000000000000000000000000000000000000000000000000000000000000000000000000000000000000
01111111111110011111111111100111110011111000000000000000000000000000000000000000000000000000000000000000000000000000000000000000
01111111111110013333333333300333110011111000000000000000000000000030000000003333003333300333003300303300003333303333000000000000
03333333333330033333333333300333330033333000000000000000000003030030000000003300303300003300303300303300003300303300300000000000
02222300333330033333003333300333330033222000000000000000000033333030033000003300303300003300003300303300003300303300300000000000
02222200222220022222002222200222220022222000000000000000000003030030033000003333303333003303303300303300003333303333300000000000
01111100111110011111001111100111110011111000000000000000000033333033333000003303003300003300303300303300003300303303000000000000
01111100111110011111001111100111110011111000000000000000000003030000033000003300303300003300303300303300003300303300300000000000
01111100111110011111111111100113333333333000000000000000000000000000033000003300303333300333300333003333303300303300300000000000
01111100111110011111111111100011111222220000000000000000000000000000000000000000000000000000000000000000000000000000000000000000
01111100111110011111111111200022222222220000000000000000000000000000000000000000000000000000000000000000000000000000000000000000
01111100111110011111111111100001111111100000000000000000000000000000000000000000000000000000000000000000000000000000000000000000
03333300333330033333333333300003333333300000000000000000000000000000000000000000000000000000000000000000000000000000000000000000
03333300333330033333333333300000333333000000000000000000000000000000000000000000000000000000000000000000000000000000000000000000
01111100222220033333333333300000222222000000000000000000003300000333000333000333000003330003330003330000033300033300033300000000
01222200222220022222002222200000222222000000000000000000033300003300303300303300300033003033003033003000330030330030330030000000
01111100111110011111001111100000111111000000000000000000003300003300303300303300300033003033003033003000330030330030330030000000
03333300333330033333003333300000111111000000000000000000003300000333003300303300300033003033003033003000330030330030330030000000
03222200222220022222002222100000111111000000000000000000003300003003303300303300300033003033003033003000330030330030330030000000
02222222222220022222002222200000222111000000000000000000003300303003303300303300303033003033003033003030330030330030330030000000
01111111111110011111001111100000111111000000000000000000033330300333000333000333003003330003330003330030033300033300033300000000
01111111111110011111001111100000111111000000000000000000000000000000000000000000000000000000000000000000000000000000000000000000
01111111111110011111001111100000111111000000000000000000000000000000000000000000000000000000000000000000000000000000000000000000
03333333333330033333003333300000333331000000000000000000000000000000000000000000000000000000000000000000000000000000000000000000
03333333333300033332002211100000111111000000000000000000000000000000000000000000000000000000000000000000000000000000000000000000
02222222222000022222002222200000111111000000000000000000000000000000000000000000000000000000000000000000000000000000000000000000
00000000000000000000000000000000000000000000000000000000000000000000000000000000000000000000000000000000000000000000000000000000
00000000000000000000000000000000000000000000000000000000000000000000000000000000000000000000000000000000000000000000000000000000

0x29823d33
00000000000000000000000000000000000000000000000000000000000000000000000000000000000000000000000000000000000000000000000000000000
01111111111000000111111110000111110011111000000000000000000000000000000000000000000000000000000000000000000000000000000000000000
03333333333300003333333333000333330033333000000000000000000000000000000000000000000000000000000000000000000000000000000000000000
03333333333330033333333333300333330033333000000000000000000000000000000000000000000000000000000000000000000000000000000000000000
03333333333220022222222222200222220022222000000000000000000000000000000000000000000000000000000000000000000000000000000000000000
02222222222220022222222211100111110011111000000000000000000000000000000000000000000000000000000000000000000000000000000000000000
01111111111110011111111111100111110011111000000000000000000000000030000000003333003333300333003300303300003333303333000000000000
01111111111110011111111113300333330033333000000000000000000003030030000000003300303300003300303300303300003300303300300000000000
01111100111110011111003332200233330033333000000000000000000033333030033000003300303300003300003300303300003300303300300000000000
01111100111110011222002222200222220022222000000000000000000003030030033000003333303333003303303300303300003333303333300000000000
01111100111110011111001111100111110011111000000000000000000033333033333000003303003300003300303300303300003300303303000000000000
03333300111110011111001111100111110011111000000000000000000003030000033000003300303300003300303300303300003300303300300000000000
02221100111110011111111111100111111111111000000000000000000000000000033000003300303333300333300333003333303300303300300000000000
02222200222220022111111111100011111111110000000000000000000000000000000000000000000000000000000000000000000000000000000000000000
02222200222220022222111111100011111111110000000000000000000000000000000000000000000000000000000000000000000000000000000000000000
01111100111110011111111111100001111111100000000000000000000000000000000000000000000000000000000000000000000000000000000000000000
01111100111110033333333333300003333333300000000000000000000000000000000000000000000000000000000000000000000000000000000000000000
01111100111110012222222233300000333333000000000000000000000000000000000000000000000000000000000000000000000000000000000000000000
01111100111110011111111111100000222233000000000000000000003300000333000333000333000003330003330003330000033300033300033300000000
01111100111110011111001112200000222222000000000000000000033300003300303300303300300033003033003033003000330030330030330030000000
03333300333310011111001111100000111111000000000000000000003300003300303300303300300033003033003033003000330030330030330030000000
03333300333330033333003333300000333333000000000000000000003300000333003300303300300033003033003033003000330030330030330030000000
03333300333330033333002222200000222222000000000000000000003300003003303300303300300033003033003033003000330030330030330030000000
02222222222220022222002222200000222222000000000000000000003300303003303300303300303033003033003033003030330030330030330030000000
01111111111110011111001111100000111111000000000000000000033330300333000333000333003003330003330003330030033300033300033300000000
01111111111110011111001111100000111111000000000000000000000000000000000000000000000000000000000000000000000000000000000000000000
01111111111110011111001111100000111111000000000000000000000000000000000000000000000000000000000000000000000000000000000000000000
02221111111110033333003333300000333333000000000000000000000000000000000000000000000000000000000000000000000000000000000000000000
02222221111100011111001112200000333333000000000000000000000000000000000000000000000000000000000000000000000000000000000000000000
01111111111000011111002222200000222222000000000000000000000000000000000000000000000000000000000000000000000000000000000000000000
00000000000000000000000000000000000000000000000000000000000000000000000000000000000000000000000000000000000000000000000000000000
00000000000000000000000000000000000000000000000000000000000000000000000000000000000000000000000000000000000000000000000000000000

0x29823dfe
00000000000000000000000000000000000000000000000000000000000000000000000000000000000000000000000000000000000000000000000000000000
01111111111000000111111110000111110011111000000000000000000000000000000000000000000000000000000000000000000000000000000000000000
01111111111100003333333333000333330033333000000000000000000000000000000000000000000000000000000000000000000000000000000000000000
01111111111110011111222223300333330033333000000000000000000000000000000000000000000000000000000000000000000000000000000000000000
02222211111110011111111112200233330033333000000000000000000000000000000000000000000000000000000000000000000000000000000000000000
01111111111110011111112222200222220022222000000000000000000000000000000000000000000000000000000000000000000000000000000000000000
01111111111110011111111111100111110011111000000000000000000000000030000000003333003333300333003300303300003333303333000000000000
01111111111110011111111111100111110011111000000000000000000003030030000000003300303300003300303300303300003300303300300000000000
01111100111110011111001111100111110011111000000000000000000033333030033000003300303300003300003300303300003300303300300000000000
02111100111110011111001111100111110011111000000000000000000003030030033000003333303333003303303300303300003333303333300000000000
01111100111110011111001111100111110011111000000000000000000033333033333000003303003300003300303300303300003300303303000000000000
03333300333330033333003333300111110011111000000000000000000003030000033000003300303300003300303300303300003300303300300000000000
03333300333330033333332221100111111111111000000000000000000000000000033000003300303333300333300333003333303300303300300000000000
03222200222220022222222222200022222222110000000000000000000000000000000000000000000000000000000000000000000000000000000000000000
02222200222220022222222222200022222222220000000000000000000000000000000000000000000000000000000000000000000000000000000000000000
01111100111110011111111111100001111111100000000000000000000000000000000000000000000000000000000000000000000000000000000000000000
01111100111110011111111111100001111133300000000000000000000000000000000000000000000000000000000000000000000000000000000000000000
01111100111110011111111111100000111111000000000000000000000000000000000000000000000000000000000000000000000000000000000000000000
01111100111110011111111111100000111111000000000000000000003300000333000333000333000003330003330003330000033300033300033300000000
01111100111110011111001111100000111111000000000000000000033300003300303300303300300033003033003033003000330030330030330030000000
03333300333330033333003333300000111111000000000000000000003300003300303300303300300033003033003033003000330030330030330030000000
01122200333330033333003333300000333333000000000000000000003300000333003300303300300033003033003033003000330030330030330030000000
03333300333330033333003333300000333333000000000000000000003300003003303300303300300033003033003033003000330030330030330030000000
02222222222220022222002222200000222222000000000000000000003300303003303300303300303033003033003033003030330030330030330030000000
01111111111110011111001111100000111111000000000000000000033330300333000333000333003003330003330003330030033300033300033300000000
03333333333330033333003331100000111111000000000000000000000000000000000000000000000000000000000000000000000000000000000000000000
03333333333330033322001111100000111111000000000000000000000000000000000000000000000000000000000000000000000000000000000000000000
02222222222220022222002222200000221111000000000000000000000000000000000000000000000000000000000000000000000000000000000000000000
02222222222200022222002222200000222221000000000000000000000000000000000000000000000000000000000000000000000000000000000000000000
01111111111000011111001111100000111111000000000000000000000000000000000000000000000000000000000000000000000000000000000000000000
00000000000000000000000000000000000000000000000000000000000000000000000000000000000000000000000000000000000000000000000000000000
00000000000000000000000000000000000000000000000000000000000000000000000000000000000000000000000000000000000000000000000000000000

0x29823ec9
00000000000000000000000000000000000000000000000000000000000000000000000000000000000000000000000000000000000000000000000000000000
01111111111000000111111110000111110011111000000000000000000000000000000000000000000000000000000000000000000000000000000000000000
03333333333300003333333333000111110011111000000000000000000000000000000000000000000000000000000000000000000000000000000000000000
03333333333330033333221111100111110011111000000000000000000000000000000000000000000000000000000000000000000000000000000000000000
02222222222220022222222222200222220011111000000000000000000000000000000000000000000000000000000000000000000000000000000000000000
01111111111110011111111111100111110011111000000000000000000000000000000000000000000000000000000000000000000000000000000000000000
01111111111110011111111111100111110011111000000000000000000000000030000000003333003333300333003300303300003333303333000000000000
03333333333110011111111111100111110011111000000000000000000003030030000000003300303300003300303300303300003300303300300000000000
02222200222330033333001111100111110011111000000000000000000033333030033000003300303300003300003300303300003300303300300000000000
02222200222220022222002222200111110011111000000000000000000003030030033000003333303333003303303300303300003333303333300000000000
01111100111110011111001111100111110011111000000000000000000033333033333000003303003300003300303300303300003300303303000000000000
01111100113330033333003333300333330033333000000000000000000003030000033000003300303300003300303300303300003300303300300000000000
03333300333330033333333333300333333333333000000000000000000000000000033000003300303333300333300333003333303300303300300000000000
03333300333330022223333222200022222222220000000000000000000000000000000000000000000000000000000000000000000000000000000000000000
02222200222220022222222222200022222222220000000000000000000000000000000000000000000000000000000000000000000000000000000000000000
01111100111110011111111111100001111111100000000000000000000000000000000000000000000000000000000000000000000000000000000000000000
03333300333330033333333111100001111111100000000000000000000000000000000000000000000000000000000000000000000000000000000000000000
03333300333320011111111111100000111111000000000000000000000000000000000000000000000000000000000000000000000000000000000000000000
02222200222220022211111111100000111111000000000000000000003300000333000333000333000003330003330003330000033300033300033300000000
01111100111110011111001111100000111111000000000000000000033300003300303300303300300033003033003033003000330030330030330030000000
01111100111110011111003333300000333333000000000000000000003300003300303300303300300033003033003033003000330030330030330030000000
01111100111110011111001222300000333333000000000000000000003300000333003300303300300033003033003033003000330030330030330030000000
01111100111110011122003333300000333333000000000000000000003300003003303300303300300033003033003033003000330030330030330030000000
01111111112220022222002222200000222222000000000000000000003300303003303300303300303033003033003033003030330030330030330030000000
01111111111110011111001111100000111111000000000000000000033330300333000333000333003003330003330003330030033300033300033300000000
01111111111110033333003333300000333333000000000000000000000000000000000000000000000000000000000000000000000000000000000000000000
03333333333330033333003333300000333333000000000000000000000000000000000000000000000000000000000000000000000000000000000000000000
02222233333330033333002233300000222222000000000000000000000000000000000000000000000000000000000000000000000000000000000000000000
02222222222200022222002222200000222222000000000000000000000000000000000000000000000000000000000000000000000000000000000000000000
01111111111000011111001111100000111111000000000000000000000000000000000000000000000000000000000000000000000000000000000000000000
00000000000000000000000000000000000000000000000000000000000000000000000000000000000000000000000000000000000000000000000000000000
00000000000000000000000000000000000000000000000000000000000000000000000000000000000000000000000000000000000000000000000000000000

0x29823f94
00000000000000000000000000000000000000000000000000000000000000000000000000000000000000000000000000000000000000000000000000000000
01111111111000000111111110000111110011111000000000000000000000000000000000000000000000000000000000000000000000000000000000000000
03333331111100001133333333000333330033333000000000000000000000000000000000000000000000000000000000000000000000000000000000000000
01111111111110011111122223300333330033333000000000000000000000000000000000000000000000000000000000000000000000000000000000000000
01111111112220022222222222200222220022222000000000000000000000000000000000000000000000000000000000000000000000000000000000000000
01111111111110011111111111100111110011111000000000000000000000000000000000000000000000000000000000000000000000000000000000000000
03333331111110011111111111100111110011111000000000000000000000000030000000003333003333300333003300303300003333303333000000000000
03333333333330033333333333300333330011111000000000000000000003030030000000003300303300003300303300303300003300303300300000000000
03333300333330022222002222200222220033333000000000000000000033333030033000003300303300003300003300303300003300303300300000000000
02222200222220022222002222200222220022222000000000000000000003030030033000003333303333003303303300303300003333303333300000000000
01111100111110011111001111100111110011111000000000000000000033333033333000003303003300003300303300303300003300303303000000000000
01111100111110011111001111100111330033333000000000000000000003030000033000003300303300003300303300303300003300303300300000000000
01111100113330033333333333300333333333333000000000000000000000000000033000003300303333300333300333003333303300303300300000000000
01111100111110022222222333300033333332220000000000000000000000000000000000000000000000000000000000000000000000000000000000000000
01111200222220022222222222200022222222220000000000000000000000000000000000000000000000000000000000000000000000000000000000000000
01111100111110011111111111100001111111100000000000000000000000000000000000000000000000000000000000000000000000000000000000000000
03333300333330033333333333300003333333300000000000000000000000000000000000000000000000000000000000000000000000000000000000000000
03333300333330033333333333300000333221000000000000000000000000000000000000000000000000000000000000000000000000000000000000000000
03333300222220022222222222200000222222000000000000000000003300000333000333000333000003330003330003330000033300033300033300000000
02222200222220022221001111100000111111000000000000000000033300003300303300303300300033003033003033003000330030330030330030000000
01111100111110011111001111100000111111000000000000000000003300003300303300303300300033003033003033003000330030330030330030000000
03333300311110011111001111100000111111000000000000000000003300000333003300303300300033003033003033003000330030330030330030000000
02222200111110011111001111100000111111000000000000000000003300003003303300303300300033003033003033003000330030330030330030000000
02222222222220011111001111100000222222000000000000000000003300303003303300303300303033003033003033003030330030330030330030000000
01111111111110011111001111100000111111000000000000000000033330300333000333000333003003330003330003330030033300033300033300000000
01111111111110011111001111100000111111000000000000000000000000000000000000000000000000000000000000000000000000000000000000000000
01111111111110011111001333300000333333000000000000000000000000000000000000000000000000000000000000000000000000000000000000000000
03331111111110011111001111100000222233000000000000000000000000000000000000000000000000000000000000000000000000000000000000000000
01111111111100011122002222200000222222000000000000000000000000000000000000000000000000000000000000000000000000000000000000000000
01111111111000011111001111100000111111000000000000000000000000000000000000000000000000000000000000000000000000000000000000000000
00000000000000000000000000000000000000000000000000000000000000000000000000000000000000000000000000000000000000000000000000000000
00000000000000000000000000000000000000000000000000000000000000000000000000000000000000000000000000000000000000000000000000000000

0x2982405f
00000000000000000000000000000000000000000000000000000000000000000000000000000000000000000000000000000000000000000000000000000000
01111111111000000111111110000111110011111000000000000000000000000000000000000000000000000000000000000000000000000000000000000000
03333333333300003333333333000333330031111000000000000000000000000000000000000000000000000000000000000000000000000000000000000000
03333333333330033333333332200111110011111000000000000000000000000000000000000000000000000000000000000000000000000000000000000000
02222222222220022222222222200221110011122000000000000000000000000000000000000000000000000000000000000000000000000000000000000000
01111111111110011111111111100111110011111000000000000000000000000000000000000000000000000000000000000000000000000000000000000000
01111111111110013333333333300333110011111000000000000000000000000030000000003333003333300333003300303300003333303333000000000000
03333333333330033333333333300333330033333000000000000000000003030030000000003300303300003300303300303300003300303300300000000000
02222300333330033333003333300333330033222000000000000000000033333030033000003300303300003300003300303300003300303300300000000000
02222200222220022222002222200222220022222000000000000000000003030030033000003333303333003303303300303300003333303333300000000000
01111100111110011111001111100111110011111000000000000000000033333033333000003303003300003300303300303300003300303303000000000000
01111100111110011111001111100111110011111000000000000000000003030000033000003300303300003300303300303300003300303300300000000000
01111100111110011111111111100113333333333000000000000000000000000000033000003300303333300333300333003333303300303300300000000000
01111100111110011111111111100011111222220000000000000000000000000000000000000000000000000000000000000000000000000000000000000000
01111100111110011111111111200022222222220000000000000000000000000000000000000000000000000000000000000000000000000000000000000000
01111100111110011111111111100001111111100000000000000000000000000000000000000000000000000000000000000000000000000000000000000000
03333300333330033333333333300003333333300000000000000000000000000000000000000000000000000000000000000000000000000000000000000000
03333300333330033333333333300000333333000000000000000000000000000000000000000000000000000000000000000000000000000000000000000000
01111100222220033333333333300000222222000000000000000000003300000333000333000333000003330003330003330000033300033300033300000000
01222200222220022222002222200000222222000000000000000000033300003300303300303300300033003033003033003000330030330030330030000000
01111100111110011111001111100000111111000000000000000000003300003300303300303300300033003033003033003000330030330030330030000000
03333300333330033333003333300000111111000000000000000000003300000333003300303300300033003033003033003000330030330030330030000000
03222200222220022222002222100000111111000000000000000000003300003003303300303300300033003033003033003000330030330030330030000000
02222222222220022222002222200000222111000000000000000000003300303003303300303300303033003033003033003030330030330030330030000000
01111111111110011111001111100000111111000000000000000000033330300333000333000333003003330003330003330030033300033300033300000000
01111111111110011111001111100000111111000000000000000000000000000000000000000000000000000000000000000000000000000000000000000000
01111111111110011111001111100000111111000000000000000000000000000000000000000000000000000000000000000000000000000000000000000000
03333333333330033333003333300000333331000000000000000000000000000000000000000000000000000000000000000000000000000000000000000000
03333333333300033332002211100000111111000000000000000000000000000000000000000000000000000000000000000000000000000000000000000000
02222222222000022222002222200000111111000000000000000000000000000000000000000000000000000000000000000000000000000000000000000000
00000000000000000000000000000000000000000000000000000000000000000000000000000000000000000000000000000000000000000000000000000000
00000000000000000000000000000000000000000000000000000000000000000000000000000000000000000000000000000000000000000000000000000000

0x2982412a
00000000000000000000000000000000000000000000000000000000000000000000000000000000000000000000000000000000000000000000000000000000
01111111111000000111111110000111110011111000000000000000000000000000000000000000000000000000000000000000000000000000000000000000
03333333333300003333333333000333330033333000000000000000000000000000000000000000000000000000000000000000000000000000000000000000
03333333333330033333333333300333330033333000000000000000000000000000000000000000000000000000000000000000000000000000000000000000
03333333333220022222222222200222220022222000000000000000000000000000000000000000000000000000000000000000000000000000000000000000
02222222222220022222222211100111110011111000000000000000000000000000000000000000000000000000000000000000000000000000000000000000
01111111111110011111111111100111110011111000000000000000000000000030000000003333003333300333003300303300003333303333000000000000
01111111111110011111111113300333330033333000000000000000000003030030000000003300303300003300303300303300003300303300300000000000
01111100111110011111003332200233330033333000000000000000000033333030033000003300303300003300003300303300003300303300300000000000
01111100111110011222002222200222220022222000000000000000000003030030033000003333303333003303303300303300003333303333300000000000
01111100111110011111001111100111110011111000000000000000000033333033333000003303003300003300303300303300003300303303000000000000
03333300111110011111001111100111110011111000000000000000000003030000033000003300303300003300303300303300003300303300300000000000
02221100111110011111111111100111111111111000000000000000000000000000033000003300303333300333300333003333303300303300300000000000
02222200222220022111111111100011111111110000000000000000000000000000000000000000000000000000000000000000000000000000000000000000
02222200222220022222111111100011111111110000000000000000000000000000000000000000000000000000000000000000000000000000000000000000
01111100111110011111111111100001111111100000000000000000000000000000000000000000000000000000000000000000000000000000000000000000
01111100111110033333333333300003333333300000000000000000000000000000000000000000000000000000000000000000000000000000000000000000
01111100111110012222222233300000333333000000000000000000000000000000000000000000000000000000000000000000000000000000000000000000
01111100111110011111111111100000222233000000000000000000003300000333000333000333000003330003330003330000033300033300033300000000
01111100111110011111001112200000222222000000000000000000033300003300303300303300300033003033003033003000330030330030330030000000
03333300333310011111001111100000111111000000000000000000003300003300303300303300300033003033003033003000330030330030330030000000
03333300333330033333003333300000333333000000000000000000003300000333003300303300300033003033003033003000330030330030330030000000
03333300333330033333002222200000222222000000000000000000003300003003303300303300300033003033003033003000330030330030330030000000
02222222222220022222002222200000222222000000000000000000003300303003303300303300303033003033003033003030330030330030330030000000
01111111111110011111001111100000111111000000000000000000033330300333000333000333003003330003330003330030033300033300033300000000
01111111111110011111001111100000111111000000000000000000000000000000000000000000000000000000000000000000000000000000000000000000
01111111111110011111001111100000111111000000000000000000000000000000000000000000000000000000000000000000000000000000000000000000
02221111111110033333003333300000333333000000000000000000000000000000000000000000000000000000000000000000000000000000000000000000
02222221111100011111001112200000333333000000000000000000000000000000000000000000000000000000000000000000000000000000000000000000
01111111111000011111002222200000222222000000000000000000000000000000000000000000000000000000000000000000000000000000000000000000
00000000000000000000000000000000000000000000000000000000000000000000000000000000000000000000000000000000000000000000000000000000
00000000000000000000000000000000000000000000000000000000000000000000000000000000000000000000000000000000000000000000000000000000

0x29824205
00000000000000000000000000000000000000000000000000000000000000000000000000000000000000000000000000000000000000000000000000000000
01111111111000000111111110000111110011111000000000000000000000000000000000000000000000000000000000000000000000000000000000000000
01111111111100003333333333000333330033333000000000000000000000000000000000000000000000000000000000000000000000000000000000000000
01111111111110011111222223300333330033333000000000000000000000000000000000000000000000000000000000000000000000000000000000000000
02222211111110011111111112200233330033333000000000000000000000000000000000000000000000000000000000000000000000000000000000000000
01111111111110011111112222200222220022222000000000000000000000000000000000000000000000000000000000000000000000000000000000000000
01111111111110011111111111100111110011111000000000000000000000000030000000003333003333300333003300303300003333303333000000000000
01111111111110011111111111100111110011111000000000000000000003030030000000003300303300003300303300303300003300303300300000000000
01111100111110011111001111100111110011111000000000000000000033333030033000003300303300003300003300303300003300303300300000000000
02111100111110011111001111100111110011111000000000000000000003030030033000003333303333003303303300303300003333303333300000000000
01111100111110011111001111100111110011111000000000000000000033333033333000003303003300003300303300303300003300303303000000000000
03333300333330033333003333300111110011111000000000000000000003030000033000003300303300003300303300303300003300303300300000000000
03333300333330033333332221100111111111111000000000000000000000000000033000003300303333300333300333003333303300303300300000000000
03222200222220022222222222200022222222110000000000000000000000000000000000000000000000000000000000000000000000000000000000000000
02222200222220022222222222200022222222220000000000000000000000000000000000000000000000000000000000000000000000000000000000000000
01111100111110011111111111100001111111100000000000000000000000000000000000000000000000000000000000000000000000000000000000000000
01111100111110011111111111100001111133300000000000000000000000000000000000000000000000000000000000000000000000000000000000000000
01111100111110011111111111100000111111000000000000000000000000000000000000000000000000000000000000000000000000000000000000000000
01111100111110011111111111100000111111000000000000000000003300000333000333000333000003330003330003330000033300033300033300000000
01111100111110011111001111100000111111000000000000000000033300003300303300303300300033003033003033003000330030330030330030000000
03333300333330033333003333300000111111000000000000000000003300003300303300303300300033003033003033003000330030330030330030000000
01122200333330033333003333300000333333000000000000000000003300000333003300303300300033003033003033003000330030330030330030000000
03333300333330033333003333300000333333000000000000000000003300003003303300303300300033003033003033003000330030330030330030000000
02222222222220022222002222200000222222000000000000000000003300303003303300303300303033003033003033003030330030330030330030000000
01111111111110011111001111100000111111000000000000000000033330300333000333000333003003330003330003330030033300033300033300000000
03333333333330033333003331100000111111000000000000000000000000000000000000000000000000000000000000000000000000000000000000000000
03333333333330033322001111100000111111000000000000000000000000000000000000000000000000000000000000000000000000000000000000000000
02222222222220022222002222200000221111000000000000000000000000000000000000000000000000000000000000000000000000000000000000000000
02222222222200022222002222200000222221000000000000000000000000000000000000000000000000000000000000000000000000000000000000000000
01111111111000011111001111100000111111000000000000000000000000000000000000000000000000000000000000000000000000000000000000000000
00000000000000000000000000000000000000000000000000000000000000000000000000000000000000000000000000000000000000000000000000000000
00000000000000000000000000000000000000000000000000000000000000000000000000000000000000000000000000000000000000000000000000000000

0x298242a1
00000000000000000000000000000000000000000000000000000000000000000000000000000000000000000000000000000000000000000000000000000000
11100000011111111000011111001111100000000000000000000000000000000000000000000000000000000000000000000000000000000000000001111100
11110000333333333300033333003333300000000000000000000000000000000000000000000000000000000000000000000000000000000000000003333300
11111001111122222330033333003333300000000000000000000000000000000000000000000000000000000000000000000000000000000000000003333300
11111001111111111220023333003333300000000000000000000000000000000000000000000000000000000000000000000000000000000000000002222200
11111001111111222220022222002222200000000000000000000000000000000000000000000000000000000000000000000000000000000000000001111100
11111001111111111110011111001111100000000000000000000000003000000000333300333330033300330030330000333330333300000000000001111100
11111001111111111110011111001111100000000000000000000303003000000000330030330000330030330030330000330030330030000000000003333300
11111001111100111110011111001111100000000000000000003333303003300000330030330000330000330030330000330030330030000000000002222200
11111001111100111110011111001111100000000000000000000303003003300000333330333300330330330030330000333330333330000000000002222200
11111001111100111110011111001111100000000000000000003333303333300000330300330000330030330030330000330030330300000000000001111100
33333003333300333330011111001111100000000000000000000303000003300000330030330000330030330030330000330030330030000000000001111101
33333003333333222110011111111111100000000000000000000000000003300000330030333330033330033300333330330030330030000000000003333333
22222002222222222220002222222211000000000000000000000000000000000000000000000000000000000000000000000000000000000000000003333333
22222002222222222220002222222222000000000000000000000000000000000000000000000000000000000000000000000000000000000000000002222222
11111001111111111110000111111110000000000000000000000000000000000000000000000000000000000000000000000000000000000000000001111111
11111001111111111110000111113330000000000000000000000000000000000000000000000000000000000000000000000000000000000000000003333333
11111001111111111110000011111100000000000000000000000000000000000000000000000000000000000000000000000000000000000000000003333333
11111001111111111110000011111100000000000000000000330000033300033300033300000333000333000333000003330003330003330000000002222222
11111001111100111110000011111100000000000000000003330000330030330030330030003300303300303300300033003033003033003000000001111101
33333003333300333330000011111100000000000000000000330000330030330030330030003300303300303300300033003033003033003000000001111100
33333003333300333330000033333300000000000000000000330000033300330030330030003300303300303300300033003033003033003000000001111100
33333003333300333330000033333300000000000000000000330000300330330030330030003300303300303300300033003033003033003000000001111100
22222002222200222220000022222200000000000000000000330030300330330030330030303300303300303300303033003033003033003000000001111100
11111001111100111110000011111100000000000000000003333030033300033300033300300333000333000333003003330003330003330000000001111100
33333003333300333110000011111100000000000000000000000000000000000000000000000000000000000000000000000000000000000000000001111100
33333003332200111110000011111100000000000000000000000000000000000000000000000000000000000000000000000000000000000000000003333300
22222002222200222220000022111100000000000000000000000000000000000000000000000000000000000000000000000000000000000000000002222200
22220002222200222220000022222100000000000000000000000000000000000000000000000000000000000000000000000000000000000000000002222200
11100001111100111110000011111100000000000000000000000000000000000000000000000000000000000000000000000000000000000000000001111100
00000000000000000000000000000000000000000000000000000000000000000000000000000000000000000000000000000000000000000000000000000000
00000000000000000000000000000000000000000000000000000000000000000000000000000000000000000000000000000000000000000000000000000000

0x298242c1
00000000000000000000000000000000000000000000000000000000000000000000000000000000000000000000000000000000000000000000000000000000
01111111100001111100111110000000000000000000000000000000000000000000000000000000000000000000000000000000000000000111110011111001
33333333330003333300333330000000000000000000000000000000000000000000000000000000000000000000000000000000000000000333330033333003
11112222233003333300333330000000000000000000000000000000000000000000000000000000000000000000000000000000000000000333330033333003
11111111122002333300333330000000000000000000000000000000000000000000000000000000000000000000000000000000000000000222220022222002
11111122222002222200222220000000000000000000000000000000000000000000000000000000000000000000000000000000000000000111110011111001
11111111111001111100111110000000000000000000000000300000000033330033333003330033003033000033333033330000000000000111110011111001
11111111111001111100111110000000000000000000030300300000000033003033000033003033003033000033003033003000000000000333330033311001
11110011111001111100111110000000000000000000333330300330000033003033000033000033003033000033003033003000000000000222220022233003
11110011111001111100111110000000000000000000030300300330000033333033330033033033003033000033333033333000000000000222220022222002
11110011111001111100111110000000000000000000333330333330000033030033000033003033003033000033003033030000000000000111110011111001
33330033333001111100111110000000000000000000030300000330000033003033000033003033003033000033003033003000000000000111110111333003
33333322211001111111111110000000000000000000000000000330000033003033333003333003330033333033003033003000000000000333333333333003
22222222222000222222221100000000000000000000000000000000000000000000000000000000000000000000000000000000000000000333333333333002
22222222222000222222222200000000000000000000000000000000000000000000000000000000000000000000000000000000000000000222222222220002
11111111111000011111111000000000000000000000000000000000000000000000000000000000000000000000000000000000000000000111111111100001
11111111111000011111333000000000000000000000000000000000000000000000000000000000000000000000000000000000000000000333333333330003
11111111111000001111110000000000000000000000000000000000000000000000000000000000000000000000000000000000000000000333333333332001
11111111111000001111110000000000000000000033000003330003330003330000033300033300033300000333000333000333000000000222222222222002
11110011111000001111110000000000000000000333000033003033003033003000330030330030330030003300303300303300300000000111110111111001
33330033333000001111110000000000000000000033000033003033003033003000330030330030330030003300303300303300300000000111110011111001
33330033333000003333330000000000000000000033000003330033003033003000330030330030330030003300303300303300300000000111110011111001
33330033333000003333330000000000000000000033000030033033003033003000330030330030330030003300303300303300300000000111110011111001
22220022222000002222220000000000000000000033003030033033003033003030330030330030330030303300303300303300300000000111110011222002
11110011111000001111110000000000000000000333303003330003330003330030033300033300033300300333000333000333000000000111110011111001
33330033311000001111110000000000000000000000000000000000000000000000000000000000000000000000000000000000000000000111110011111003
33220011111000001111110000000000000000000000000000000000000000000000000000000000000000000000000000000000000000000333330033333003
22220022222000002211110000000000000000000000000000000000000000000000000000000000000000000000000000000000000000000222220033333003
22220022222000002222210000000000000000000000000000000000000000000000000000000000000000000000000000000000000000000222220022222002
11110011111000001111110000000000000000000000000000000000000000000000000000000000000000000000000000000000000000000111110011111001
00000000000000000000000000000000000000000000000000000000000000000000000000000000000000000000000000000000000000000000000000000000
00000000000000000000000000000000000000000000000000000000000000000000000000000000000000000000000000000000000000000000000000000000

0x298242ef
00000000000000000000000000000000000000000000000000000000000000000000000000000000000000000000000000000000000000000000000000000000
10000111110011111000000000000000000000000000000000000000000000000000000000000000000000000000000000000000011111001111100111111111
33000333330033333000000000000000000000000000000000000000000000000000000000000000000000000000000000000000033333003333300333333333
23300333330033333000000000000000000000000000000000000000000000000000000000000000000000000000000000000000033333003333300333332211
12200233330033333000000000000000000000000000000000000000000000000000000000000000000000000000000000000000022222002222200222222222
22200222220022222000000000000000000000000000000000000000000000000000000000000000000000000000000000000000011111001111100111111111
11100111110011111000000000000000000000000030000000003333003333300333003300303300003333303333000000000000011111001111100111111111
11100111110011111000000000000000000003030030000000003300303300003300303300303300003300303300300000000000033333003331100111111111
11100111110011111000000000000000000033333030033000003300303300003300003300303300003300303300300000000000022222002223300333330011
11100111110011111000000000000000000003030030033000003333303333003303303300303300003333303333300000000000022222002222200222220022
11100111110011111000000000000000000033333033333000003303003300003300303300303300003300303303000000000000011111001111100111110011
33300111110011111000000000000000000003030000033000003300303300003300303300303300003300303300300000000000011111011133300333330033
21100111111111111000000000000000000000000000033000003300303333300333300333003333303300303300300000000000033333333333300333333333
22200022222222110000000000000000000000000000000000000000000000000000000000000000000000000000000000000000033333333333300222233332
22200022222222220000000000000000000000000000000000000000000000000000000000000000000000000000000000000000022222222222000222222222
11100001111111100000000000000000000000000000000000000000000000000000000000000000000000000000000000000000011111111110000111111111
11100001111133300000000000000000000000000000000000000000000000000000000000000000000000000000000000000000033333333333000333333331
11100000111111000000000000000000000000000000000000000000000000000000000000000000000000000000000000000000033333333333200111111111
11100000111111000000000000000000003300000333000333000333000003330003330003330000033300033300033300000000022222222222200222111111
11100000111111000000000000000000033300003300303300303300300033003033003033003000330030330030330030000000011111011111100111110011
33300000111111000000000000000000003300003300303300303300300033003033003033003000330030330030330030000000011111001111100111110033
33300000333333000000000000000000003300000333003300303300300033003033003033003000330030330030330030000000011111001111100111110012
33300000333333000000000000000000003300003003303300303300300033003033003033003000330030330030330030000000011111001111100111220033
22200000222222000000000000000000003300303003303300303300303033003033003033003030330030330030330030000000011111001122200222220022
11100000111111000000000000000000033330300333000333000333003003330003330003330030033300033300033300000000011111001111100111110011
31100000111111000000000000000000000000000000000000000000000000000000000000000000000000000000000000000000011111001111100333330033
11100000111111000000000000000000000000000000000000000000000000000000000000000000000000000000000000000000033333003333300333330033
22200000221111000000000000000000000000000000000000000000000000000000000000000000000000000000000000000000022222003333300333330022
22200000222221000000000000000000000000000000000000000000000000000000000000000000000000000000000000000000022222002222200222220022
11100000111111000000000000000000000000000000000000000000000000000000000000000000000000000000000000000000011111001111100111110011
00000000000000000000000000000000000000000000000000000000000000000000000000000000000000000000000000000000000000000000000000000000
00000000000000000000000000000000000000000000000000000000000000000000000000000000000000000000000000000000000000000000000000000000

0x2982430f
00000000000000000000000000000000000000000000000000000000000000000000000000000000000000000000000000000000000000000000000000000000
11001111100000000000000000000000000000000000000000000000000000000000000000000000000000000000000001111100111110011111111110000111
33003333300000000000000000000000000000000000000000000000000000000000000000000000000000000000000003333300333330033333333333000111
33003333300000000000000000000000000000000000000000000000000000000000000000000000000000000000000003333300333330033333221111100111
33003333300000000000000000000000000000000000000000000000000000000000000000000000000000000000000002222200222220022222222222200222
22002222200000000000000000000000000000000000000000000000000000000000000000000000000000000000000001111100111110011111111111100111
11001111100000000000000000000000003000000000333300333330033300330030330000333330333300000000000001111100111110011111111111100111
11001111100000000000000000000303003000000000330030330000330030330030330000330030330030000000000003333300333110011111111111100111
11001111100000000000000000003333303003300000330030330000330000330030330000330030330030000000000002222200222330033333001111100000
11001111100000000000000000000303003003300000333330333300330330330030330000333330333330000000000002222200222220022222002222200000
11001111100000000000000000003333303333300000330300330000330030330030330000330030330300000000000001111100111110011111001111100000
11001111100000000000000000000303000003300000330030330000330030330030330000330030330030000000000001111101113330033333003333300000
11111111100000000000000000000000000003300000330030333330033330033300333330330030330030000000000003333333333330033333333333300000
22222211000000000000000000000000000000000000000000000000000000000000000000000000000000000000000003333333333330022223333222200000
22222222000000000000000000000000000000000000000000000000000000000000000000000000000000000000000002222222222200022222222222000000
11111110000000000000000000000000000000000000000000000000000000000000000000000000000000000000000001111111111000011111111110000000
11113330000000000000000000000000000000000000000000000000000000000000000000000000000000000000000003333333333300033333333111000000
11111100000000000000000000000000000000000000000000000000000000000000000000000000000000000000000003333333333320011111111111100000
11111100000000000000000000330000033300033300033300000333000333000333000003330003330003330000000002222222222220022211111111100000
11111100000000000000000003330000330030330030330030003300303300303300300033003033003033003000000001111101111110011111001111100000
11111100000000000000000000330000330030330030330030003300303300303300300033003033003033003000000001111100111110011111003333300000
33333300000000000000000000330000033300330030330030003300303300303300300033003033003033003000000001111100111110011111001222300000
33333300000000000000000000330000300330330030330030003300303300303300300033003033003033003000000001111100111110011122003333300000
22222200000000000000000000330030300330330030330030303300303300303300303033003033003033003000000001111100112220022222002222200000
11111100000000000000000003333030033300033300033300300333000333000333003003330003330003330000000001111100111110011111001111100000
11111100000000000000000000000000000000000000000000000000000000000000000000000000000000000000000001111100111110033333003333300000
11111100000000000000000000000000000000000000000000000000000000000000000000000000000000000000000003333300333330033333003333300000
22111100000000000000000000000000000000000000000000000000000000000000000000000000000000000000000002222200333330033333002233300000
22222100000000000000000000000000000000000000000000000000000000000000000000000000000000000000000002222200222220022222002222200000
11111100000000000000000000000000000000000000000000000000000000000000000000000000000000000000000001111100111110011111001111100000
00000000000000000000000000000000000000000000000000000000000000000000000000000000000000000000000000000000000000000000000000000000
00000000000000000000000000000000000000000000000000000000000000000000000000000000000000000000000000000000000000000000000000000000

0x2982432e
00000000000000000000000000000000000000000000000000000000000000000000000000000000000000000000000000000000000000000000000000000000
10000000000000000000000000000000000000000000000000000000000000000000000000000000000000000111110011111001111111111000011111111111
30000000000000000000000000000000000000000000000000000000000000000000000000000000000000000333330033333003333333333300011111111111
30000000000000000000000000000000000000000000000000000000000000000000000000000000000000000333330033333003333322111110011111111111
30000000000000000000000000000000000000000000000000000000000000000000000000000000000000000222220022222002222222222220022222211111
20000000000000000000000000000000000000000000000000000000000000000000000000000000000000000111110011111001111111111110011111111111
10000000000000000000000000300000000033330033333003330033003033000033333033330000000000000111110011111001111111111110011111111111
10000000000000000000030300300000000033003033000033003033003033000033003033003000000000000333330033311001111111111110011111111111
10000000000000000000333330300330000033003033000033000033003033000033003033003000000000000222220022233003333300111110000011111100
10000000000000000000030300300330000033333033330033033033003033000033333033333000000000000222220022222002222200222220000011111100
10000000000000000000333330333330000033030033000033003033003033000033003033030000000000000111110011111001111100111110000011111100
10000000000000000000030300000330000033003033000033003033003033000033003033003000000000000111110111333003333300333330000033333300
10000000000000000000000000000330000033003033333003333003330033333033003033003000000000000333333333333003333333333330000033333300
00000000000000000000000000000000000000000000000000000000000000000000000000000000000000000333333333333002222333322220000022222200
00000000000000000000000000000000000000000000000000000000000000000000000000000000000000000222222222220002222222222200000022222200
00000000000000000000000000000000000000000000000000000000000000000000000000000000000000000111111111100001111111111000000011111100
00000000000000000000000000000000000000000000000000000000000000000000000000000000000000000333333333330003333333311100000011111100
00000000000000000000000000000000000000000000000000000000000000000000000000000000000000000333333333332001111111111110000011111100
00000000000000000033000003330003330003330000033300033300033300000333000333000333000000000222222222222002221111111110000011111100
00000000000000000333000033003033003033003000330030330030330030003300303300303300300000000111110111111001111100111110000011111100
00000000000000000033000033003033003033003000330030330030330030003300303300303300300000000111110011111001111100333330000033333300
00000000000000000033000003330033003033003000330030330030330030003300303300303300300000000111110011111001111100122230000033333300
00000000000000000033000030033033003033003000330030330030330030003300303300303300300000000111110011111001112200333330000033333300
00000000000000000033003030033033003033003030330030330030330030303300303300303300300000000111110011222002222200222220000022222200
00000000000000000333303003330003330003330030033300033300033300300333000333000333000000000111110011111001111100111110000011111100
00000000000000000000000000000000000000000000000000000000000000000000000000000000000000000111110011111003333300333330000033333300
00000000000000000000000000000000000000000000000000000000000000000000000000000000000000000333330033333003333300333330000033333300
00000000000000000000000000000000000000000000000000000000000000000000000000000000000000000222220033333003333300223330000022222200
00000000000000000000000000000000000000000000000000000000000000000000000000000000000000000222220022222002222200222220000022222200
00000000000000000000000000000000000000000000000000000000000000000000000000000000000000000111110011111001111100111110000011111100
00000000000000000000000000000000000000000000000000000000000000000000000000000000000000000000000000000000000000000000000000000000
00000000000000000000000000000000000000000000000000000000000000000000000000000000000000000000000000000000000000000000000000000000

0x2982436c
00000000000000000000000000000000000000000000000000000000000000000000000000000000000000000000000000000000000000000000000000000000
00000000000000000000000000000000000000000000000000000000000000000000000000000000011111001111100111111111100001111111111110000000
00000000000000000000000000000000000000000000000000000000000000000000000000000000033333003333300333333333330001111111111110000000
00000000000000000000000000000000000000000000000000000000000000000000000000000000033333003333300333332211111001111111111110000000
00000000000000000000000000000000000000000000000000000000000000000000000000000000022222002222200222222222222002222221111110000000
00000000000000000000000000000000000000000000000000000000000000000000000000000000011111001111100111111111111001111111111110000000
00000000000000000030000000003333003333300333003300303300003333303333000000000000011111001111100111111111111001111111111110000000
00000000000003030030000000003300303300003300303300303300003300303300300000000000033333003331100111111111111001111111111110000000
00000000000033333030033000003300303300003300003300303300003300303300300000000000022222002223300333330011111000001111110000000000
00000000000003030030033000003333303333003303303300303300003333303333300000000000022222002222200222220022222000001111110000000000
00000000000033333033333000003303003300003300303300303300003300303303000000000000011111001111100111110011111000001111110000000000
00000000000003030000033000003300303300003300303300303300003300303300300000000000011111011133300333330033333000003333330000000000
00000000000000000000033000003300303333300333300333003333303300303300300000000000033333333333300333333333333000003333330000000000
00000000000000000000000000000000000000000000000000000000000000000000000000000000033333333333300222233332222000002222220000000000
00000000000000000000000000000000000000000000000000000000000000000000000000000000022222222222000222222222220000002222220000000000
00000000000000000000000000000000000000000000000000000000000000000000000000000000011111111110000111111111100000001111110000000000
00000000000000000000000000000000000000000000000000000000000000000000000000000000033333333333000333333331110000001111110000000000
00000000000000000000000000000000000000000000000000000000000000000000000000000000033333333333200111111111111000001111110000000000
00000000003300000333000333000333000003330003330003330000033300033300033300000000022222222222200222111111111000001111110000000000
00000000033300003300303300303300300033003033003033003000330030330030330030000000011111011111100111110011111000001111110000000000
00000000003300003300303300303300300033003033003033003000330030330030330030000000011111001111100111110033333000003333330000000000
00000000003300000333003300303300300033003033003033003000330030330030330030000000011111001111100111110012223000003333330000000000
00000000003300003003303300303300300033003033003033003000330030330030330030000000011111001111100111220033333000003333330000000000
00000000003300303003303300303300303033003033003033003030330030330030330030000000011111001122200222220022222000002222220000000000
00000000033330300333000333000333003003330003330003330030033300033300033300000000011111001111100111110011111000001111110000000000
00000000000000000000000000000000000000000000000000000000000000000000000000000000011111001111100333330033333000003333330000000000
00000000000000000000000000000000000000000000000000000000000000000000000000000000033333003333300333330033333000003333330000000000
00000000000000000000000000000000000000000000000000000000000000000000000000000000022222003333300333330022333000002222220000000000
00000000000000000000000000000000000000000000000000000000000000000000000000000000022222002222200222220022222000002222220000000000
00000000000000000000000000000000000000000000000000000000000000000000000000000000011111001111100111110011111000001111110000000000
00000000000000000000000000000000000000000000000000000000000000000000000000000000000000000000000000000000000000000000000000000000
00000000000000000000000000000000000000000000000000000000000000000000000000000000000000000000000000000000000000000000000000000000

0x2982438c
00000000000000000000000000000000000000000000000000000000000000000000000000000000000000000000000000000000000000000000000000000000
00000000000000000000000000000000000000000000000000000000000000000000000001111100111110011111111110000111111111111000000000000000
00000000000000000000000000000000000000000000000000000000000000000000000003333300333330033333333333000111111111111000000000000000
00000000000000000000000000000000000000000000000000000000000000000000000003333300333330033333221111100111111111111000000000000000
00000000000000000000000000000000000000000000000000000000000000000000000002222200222220022222222222200222222111111000000000000000
00000000000000000000000000000000000000000000000000000000000000000000000001111100111110011111111111100111111111111000000000000000
00000000003000000000333300333330033300330030330000333330333300000000000001111100111110011111111111100111111111111000000000000000
00000303003000000000330030330000330030330030330000330030330030000000000003333300333110011111111111100111111111111000000000000000
00003333303003300000330030330000330000330030330000330030330030000000000002222200222330033333001111100000111111000000000000000000
00000303003003300000333330333300330330330030330000333330333330000000000002222200222220022222002222200000111111000000000000000000
00003333303333300000330300330000330030330030330000330030330300000000000001111100111110011111001111100000111111000000000000000000
00000303000003300000330030330000330030330030330000330030330030000000000001111101113330033333003333300000333333000000000000000000
00000000000003300000330030333330033330033300333330330030330030000000000003333333333330033333333333300000333333000000000000000000
00000000000000000000000000000000000000000000000000000000000000000000000003333333333330022223333222200000222222000000000000000000
00000000000000000000000000000000000000000000000000000000000000000000000002222222222200022222222222000000222222000000000000000000
00000000000000000000000000000000000000000000000000000000000000000000000001111111111000011111111110000000111111000000000000000000
00000000000000000000000000000000000000000000000000000000000000000000000003333333333300033333333111000000111111000000000000000000
00000000000000000000000000000000000000000000000000000000000000000000000003333333333320011111111111100000111111000000000000000000
00330000033300033300033300000333000333000333000003330003330003330000000002222222222220022211111111100000111111000000000000000000
03330000330030330030330030003300303300303300300033003033003033003000000001111101111110011111001111100000111111000000000000000000
00330000330030330030330030003300303300303300300033003033003033003000000001111100111110011111003333300000333333000000000000000000
00330000033300330030330030003300303300303300300033003033003033003000000001111100111110011111001222300000333333000000000000000000
00330000300330330030330030003300303300303300300033003033003033003000000001111100111110011122003333300000333333000000000000000000
00330030300330330030330030303300303300303300303033003033003033003000000001111100112220022222002222200000222222000000000000000000
03333030033300033300033300300333000333000333003003330003330003330000000001111100111110011111001111100000111111000000000000000000
00000000000000000000000000000000000000000000000000000000000000000000000001111100111110033333003333300000333333000000000000000000
00000000000000000000000000000000000000000000000000000000000000000000000003333300333330033333003333300000333333000000000000000000
00000000000000000000000000000000000000000000000000000000000000000000000002222200333330033333002233300000222222000000000000000000
00000000000000000000000000000000000000000000000000000000000000000000000002222200222220022222002222200000222222000000000000000000
00000000000000000000000000000000000000000000000000000000000000000000000001111100111110011111001111100000111111000000000000000000
00000000000000000000000000000000000000000000000000000000000000000000000000000000000000000000000000000000000000000000000000000000
00000000000000000000000000000000000000000000000000000000000000000000000000000000000000000000000000000000000000000000000000000000

0x298243ab
00000000000000000000000000000000000000000000000000000000000000000000000000000000000000000000000000000000000000000000000000000000
00000000000000000000000000000000000000000000000000000000000000000111110011111001111111111000011111111111100000000000000000000000
00000000000000000000000000000000000000000000000000000000000000000333330033333003333333333300011111111111100000000000000000000000
00000000000000000000000000000000000000000000000000000000000000000333330033333003333322111110011111111111100000000000000000000000
00000000000000000000000000000000000000000000000000000000000000000222220022222002222222222220022222211111100000000000000000000000
00000000000000000000000000000000000000000000000000000000000000000111110011111001111111111110011111111111100000000000000000000000
00300000000033330033333003330033003033000033333033330000000000000111110011111001111111111110011111111111100000000000000000000000
00300000000033003033000033003033003033000033003033003000000000000333330033311001111111111110011111111111100000000000000000000303
30300330000033003033000033000033003033000033003033003000000000000222220022233003333300111110000011111100000000000000000000003333
00300330000033333033330033033033003033000033333033333000000000000222220022222002222200222220000011111100000000000000000000000303
30333330000033030033000033003033003033000033003033030000000000000111110011111001111100111110000011111100000000000000000000003333
00000330000033003033000033003033003033000033003033003000000000000111110111333003333300333330000033333300000000000000000000000303
00000330000033003033333003333003330033333033003033003000000000000333333333333003333333333330000033333300000000000000000000000000
00000000000000000000000000000000000000000000000000000000000000000333333333333002222333322220000022222200000000000000000000000000
00000000000000000000000000000000000000000000000000000000000000000222222222220002222222222200000022222200000000000000000000000000
00000000000000000000000000000000000000000000000000000000000000000111111111100001111111111000000011111100000000000000000000000000
00000000000000000000000000000000000000000000000000000000000000000333333333330003333333311100000011111100000000000000000000000000
00000000000000000000000000000000000000000000000000000000000000000333333333332001111111111110000011111100000000000000000000000000
03330003330003330000033300033300033300000333000333000333000000000222222222222002221111111110000011111100000000000000000000330000
33003033003033003000330030330030330030003300303300303300300000000111110111111001111100111110000011111100000000000000000003330000
33003033003033003000330030330030330030003300303300303300300000000111110011111001111100333330000033333300000000000000000000330000
03330033003033003000330030330030330030003300303300303300300000000111110011111001111100122230000033333300000000000000000000330000
30033033003033003000330030330030330030003300303300303300300000000111110011111001112200333330000033333300000000000000000000330000
30033033003033003030330030330030330030303300303300303300300000000111110011222002222200222220000022222200000000000000000000330030
03330003330003330030033300033300033300300333000333000333000000000111110011111001111100111110000011111100000000000000000003333030
00000000000000000000000000000000000000000000000000000000000000000111110011111003333300333330000033333300000000000000000000000000
00000000000000000000000000000000000000000000000000000000000000000333330033333003333300333330000033333300000000000000000000000000
00000000000000000000000000000000000000000000000000000000000000000222220033333003333300223330000022222200000000000000000000000000
00000000000000000000000000000000000000000000000000000000000000000222220022222002222200222220000022222200000000000000000000000000
00000000000000000000000000000000000000000000000000000000000000000111110011111001111100111110000011111100000000000000000000000000
00000000000000000000000000000000000000000000000000000000000000000000000000000000000000000000000000000000000000000000000000000000
00000000000000000000000000000000000000000000000000000000000000000000000000000000000000000000000000000000000000000000000000000000

0x298243da
00000000000000000000000000000000000000000000000000000000000000000000000000000000000000000000000000000000000000000000000000000000
00000000000000000000000000000000000000000000000000000000011111001111100111111111100001111111111110000000000000000000000000000000
00000000000000000000000000000000000000000000000000000000033333003333300333333333330001111111111110000000000000000000000000000000
00000000000000000000000000000000000000000000000000000000033333003333300333332211111001111111111110000000000000000000000000000000
00000000000000000000000000000000000000000000000000000000022222002222200222222222222002222221111110000000000000000000000000000000
00000000000000000000000000000000000000000000000000000000011111001111100111111111111001111111111110000000000000000000000000000000
00003333003333300333003300303300003333303333000000000000011111001111100111111111111001111111111110000000000000000000000000333330
00003300303300003300303300303300003300303300300000000000033333003331100111111111111001111111111110000000000000000000030300300000
00003300303300003300003300303300003300303300300000000000022222002223300333330011111000001111110000000000000000000000333330333300
00003333303333003303303300303300003333303333300000000000022222002222200222220022222000001111110000000000000000000000030300000330
00003303003300003300303300303300003300303303000000000000011111001111100111110011111000001111110000000000000000000000333330000330
00003300303300003300303300303300003300303300300000000000011111011133300333330033333000003333330000000000000000000000030300300330
00003300303333300333300333003333303300303300300000000000033333333333300333333333333000003333330000000000000000000000000000033300
00000000000000000000000000000000000000000000000000000000033333333333300222233332222000002222220000000000000000000000000000000000
00000000000000000000000000000000000000000000000000000000022222222222000222222222220000002222220000000000000000000000000000000000
00000000000000000000000000000000000000000000000000000000011111111110000111111111100000001111110000000000000000000000000000000000
00000000000000000000000000000000000000000000000000000000033333333333000333333331110000001111110000000000000000000000000000000000
00000000000000000000000000000000000000000000000000000000033333333333200111111111111000001111110000000000000000000000000000000000
33000333000003330003330003330000033300033300033300000000022222222222200222111111111000001111110000000000000000000033000003330033
00303300300033003033003033003000330030330030330030000000011111011111100111110011111000001111110000000000000000000333000033003030
00303300300033003033003033003000330030330030330030000000011111001111100111110033333000003333330000000000000000000033000033000033
00303300300033003033003033003000330030330030330030000000011111001111100111110012223000003333330000000000000000000033000033330000
00303300300033003033003033003000330030330030330030000000011111001111100111220033333000003333330000000000000000000033000033003000
00303300303033003033003033003030330030330030330030000000011111001122200222220022222000002222220000000000000000000033003033003030
33000333003003330003330003330030033300033300033300000000011111001111100111110011111000001111110000000000000000000333303003330003
00000000000000000000000000000000000000000000000000000000011111001111100333330033333000003333330000000000000000000000000000000000
00000000000000000000000000000000000000000000000000000000033333003333300333330033333000003333330000000000000000000000000000000000
00000000000000000000000000000000000000000000000000000000022222003333300333330022333000002222220000000000000000000000000000000000
00000000000000000000000000000000000000000000000000000000022222002222200222220022222000002222220000000000000000000000000000000000
00000000000000000000000000000000000000000000000000000000011111001111100111110011111000001111110000000000000000000000000000000000
00000000000000000000000000000000000000000000000000000000000000000000000000000000000000000000000000000000000000000000000000000000
00000000000000000000000000000000000000000000000000000000000000000000000000000000000000000000000000000000000000000000000000000000

0x298243f9
00000000000000000000000000000000000000000000000000000000000000000000000000000000000000000000000000000000000000000000000000000000
00000000000000000000000000000000000000000000000001111100111110011111111110000111111111111000000000000000000000000000000000000000
00000000000000000000000000000000000000000000000003333300333330033333333333000111111111111000000000000000000000000000000000000000
00000000000000000000000000000000000000000000000003333300333330033333221111100111111111111000000000000000000000000000000000000000
00000000000000000000000000000000000000000000000002222200222220022222222222200222222111111000000000000000000000000000000000000000
00000000000000000000000000000000000000000000000001111100111110011111111111100111111111111000000000000000000000000000000000000000
00333330033300330030330000333330333300000000000001111100111110011111111111100111111111111000000000000000000000000033333000003333
30330000330030330030330000330030330030000000000003333300333110011111111111100111111111111000000000000000000003030030000000003300
30330000330000330030330000330030330030000000000002222200222330033333001111100000111111000000000000000000000033333033330000003300
30333300330330330030330000333330333330000000000002222200222220022222002222200000111111000000000000000000000003030000033000003333
00330000330030330030330000330030330300000000000001111100111110011111001111100000111111000000000000000000000033333000033000003303
30330000330030330030330000330030330030000000000001111101113330033333003333300000333333000000000000000000000003030030033000003300
30333330033330033300333330330030330030000000000003333333333330033333333333300000333333000000000000000000000000000003330000003300
00000000000000000000000000000000000000000000000003333333333330022223333222200000222222000000000000000000000000000000000000000000
00000000000000000000000000000000000000000000000002222222222200022222222222000000222222000000000000000000000000000000000000000000
00000000000000000000000000000000000000000000000001111111111000011111111110000000111111000000000000000000000000000000000000000000
00000000000000000000000000000000000000000000000003333333333300033333333111000000111111000000000000000000000000000000000000000000
00000000000000000000000000000000000000000000000003333333333320011111111111100000111111000000000000000000000000000000000000000000
00000333000333000333000003330003330003330000000002222222222220022211111111100000111111000000000000000000003300000333003333300333
30003300303300303300300033003033003033003000000001111101111110011111001111100000111111000000000000000000033300003300303000003300
30003300303300303300300033003033003033003000000001111100111110011111003333300000333333000000000000000000003300003300003333003300
30003300303300303300300033003033003033003000000001111100111110011111001222300000333333000000000000000000003300003333000003303300
30003300303300303300300033003033003033003000000001111100111110011122003333300000333333000000000000000000003300003300300003303300
30303300303300303300303033003033003033003000000001111100112220022222002222200000222222000000000000000000003300303300303003303300
00300333000333000333003003330003330003330000000001111100111110011111001111100000111111000000000000000000033330300333000333000333
00000000000000000000000000000000000000000000000001111100111110033333003333300000333333000000000000000000000000000000000000000000
00000000000000000000000000000000000000000000000003333300333330033333003333300000333333000000000000000000000000000000000000000000
00000000000000000000000000000000000000000000000002222200333330033333002233300000222222000000000000000000000000000000000000000000
00000000000000000000000000000000000000000000000002222200222220022222002222200000222222000000000000000000000000000000000000000000
00000000000000000000000000000000000000000000000001111100111110011111001111100000111111000000000000000000000000000000000000000000
00000000000000000000000000000000000000000000000000000000000000000000000000000000000000000000000000000000000000000000000000000000
00000000000000000000000000000000000000000000000000000000000000000000000000000000000000000000000000000000000000000000000000000000

0x29824418
00000000000000000000000000000000000000000000000000000000000000000000000000000000000000000000000000000000000000000000000000000000
00000000000000000000000000000000000000000111110011111001111111111000011111111111100000000000000000000000000000000000000000000000
00000000000000000000000000000000000000000333330033333003333333333300011111111111100000000000000000000000000000000000000000000000
00000000000000000000000000000000000000000333330033333003333322111110011111111111100000000000000000000000000000000000000000000000
00000000000000000000000000000000000000000222220022222002222222222220022222211111100000000000000000000000000000000000000000000000
00000000000000000000000000000000000000000111110011111001111111111110011111111111100000000000000000000000000000000000000000000000
03330033003033000033333033330000000000000111110011111001111111111110011111111111100000000000000000000000003333300000333300333330
33003033003033000033003033003000000000000333330033311001111111111110011111111111100000000000000000000303003000000000330030330000
33000033003033000033003033003000000000000222220022233003333300111110000011111100000000000000000000003333303333000000330030330000
33033033003033000033333033333000000000000222220022222002222200222220000011111100000000000000000000000303000003300000333330333300
33003033003033000033003033030000000000000111110011111001111100111110000011111100000000000000000000003333300003300000330300330000
33003033003033000033003033003000000000000111110111333003333300333330000033333300000000000000000000000303003003300000330030330000
03333003330033333033003033003000000000000333333333333003333333333330000033333300000000000000000000000000000333000000330030333330
00000000000000000000000000000000000000000333333333333002222333322220000022222200000000000000000000000000000000000000000000000000
00000000000000000000000000000000000000000222222222220002222222222200000022222200000000000000000000000000000000000000000000000000
00000000000000000000000000000000000000000111111111100001111111111000000011111100000000000000000000000000000000000000000000000000
00000000000000000000000000000000000000000333333333330003333333311100000011111100000000000000000000000000000000000000000000000000
00000000000000000000000000000000000000000333333333332001111111111110000011111100000000000000000000000000000000000000000000000000
00033300033300000333000333000333000000000222222222222002221111111110000011111100000000000000000000330000033300333330033300000333
30330030330030003300303300303300300000000111110111111001111100111110000011111100000000000000000003330000330030300000330030003300
30330030330030003300303300303300300000000111110011111001111100333330000033333300000000000000000000330000330000333300330030003300
30330030330030003300303300303300300000000111110011111001111100122230000033333300000000000000000000330000333300000330330030003300
30330030330030003300303300303300300000000111110011111001112200333330000033333300000000000000000000330000330030000330330030003300
30330030330030303300303300303300300000000111110011222002222200222220000022222200000000000000000000330030330030300330330030303300
00033300033300300333000333000333000000000111110011111001111100111110000011111100000000000000000003333030033300033300033300300333
00000000000000000000000000000000000000000111110011111003333300333330000033333300000000000000000000000000000000000000000000000000
00000000000000000000000000000000000000000333330033333003333300333330000033333300000000000000000000000000000000000000000000000000
00000000000000000000000000000000000000000222220033333003333300223330000022222200000000000000000000000000000000000000000000000000
00000000000000000000000000000000000000000222220022222002222200222220000022222200000000000000000000000000000000000000000000000000
00000000000000000000000000000000000000000111110011111001111100111110000011111100000000000000000000000000000000000000000000000000
00000000000000000000000000000000000000000000000000000000000000000000000000000000000000000000000000000000000000000000000000000000
00000000000000000000000000000000000000000000000000000000000000000000000000000000000000000000000000000000000000000000000000000000

0x29824438
00000000000000000000000000000000000000000000000000000000000000000000000000000000000000000000000000000000000000000000000000000000
00000000000000000000000000000000011111001111100111111111100001111111111110000000000000000000000000000000000000000000000000000000
00000000000000000000000000000000033333003333300333333333330001111111111110000000000000000000000000000000000000000000000000000000
00000000000000000000000000000000033333003333300333332211111001111111111110000000000000000000000000000000000000000000000000000000
00000000000000000000000000000000022222002222200222222222222002222221111110000000000000000000000000000000000000000000000000000000
00000000000000000000000000000000011111001111100111111111111001111111111110000000000000000000000000000000000000000000000000000000
00303300003333303333000000000000011111001111100111111111111001111111111110000000000000000000000000333330000033330033333003330033
00303300003300303300300000000000033333003331100111111111111001111111111110000000000000000000030300300000000033003033000033003033
00303300003300303300300000000000022222002223300333330011111000001111110000000000000000000000333330333300000033003033000033000033
00303300003333303333300000000000022222002222200222220022222000001111110000000000000000000000030300000330000033333033330033033033
00303300003300303303000000000000011111001111100111110011111000001111110000000000000000000000333330000330000033030033000033003033
00303300003300303300300000000000011111011133300333330033333000003333330000000000000000000000030300300330000033003033000033003033
33003333303300303300300000000000033333333333300333333333333000003333330000000000000000000000000000033300000033003033333003333003
00000000000000000000000000000000033333333333300222233332222000002222220000000000000000000000000000000000000000000000000000000000
00000000000000000000000000000000022222222222000222222222220000002222220000000000000000000000000000000000000000000000000000000000
00000000000000000000000000000000011111111110000111111111100000001111110000000000000000000000000000000000000000000000000000000000
00000000000000000000000000000000033333333333000333333331110000001111110000000000000000000000000000000000000000000000000000000000
00000000000000000000000000000000033333333333200111111111111000001111110000000000000000000000000000000000000000000000000000000000
03330000033300033300033300000000022222222222200222111111111000001111110000000000000000000033000003330033333003330000033300033300
33003000330030330030330030000000011111011111100111110011111000001111110000000000000000000333000033003030000033003000330030330030
33003000330030330030330030000000011111001111100111110033333000003333330000000000000000000033000033000033330033003000330030330030
33003000330030330030330030000000011111001111100111110012223000003333330000000000000000000033000033330000033033003000330030330030
33003000330030330030330030000000011111001111100111220033333000003333330000000000000000000033000033003000033033003000330030330030
33003030330030330030330030000000011111001122200222220022222000002222220000000000000000000033003033003030033033003030330030330030
03330030033300033300033300000000011111001111100111110011111000001111110000000000000000000333303003330003330003330030033300033300
00000000000000000000000000000000011111001111100333330033333000003333330000000000000000000000000000000000000000000000000000000000
00000000000000000000000000000000033333003333300333330033333000003333330000000000000000000000000000000000000000000000000000000000
00000000000000000000000000000000022222003333300333330022333000002222220000000000000000000000000000000000000000000000000000000000
00000000000000000000000000000000022222002222200222220022222000002222220000000000000000000000000000000000000000000000000000000000
00000000000000000000000000000000011111001111100111110011111000001111110000000000000000000000000000000000000000000000000000000000
00000000000000000000000000000000000000000000000000000000000000000000000000000000000000000000000000000000000000000000000000000000
00000000000000000000000000000000000000000000000000000000000000000000000000000000000000000000000000000000000000000000000000000000

0x29824466
00000000000000000000000000000000000000000000000000000000000000000000000000000000000000000000000000000000000000000000000000000000
00000000000000000000000001111100111110011111111110000111111111111000000000000000000000000000000000000000000000000000000000000000
00000000000000000000000003333300333330033333333333000111111111111000000000000000000000000000000000000000000000000000000000000000
00000000000000000000000003333300333330033333221111100111111111111000000000000000000000000000000000000000000000000000000000000000
00000000000000000000000002222200222220022222222222200222222111111000000000000000000000000000000000000000000000000000000000000000
00000000000000000000000001111100111110011111111111100111111111111000000000000000000000000000000000000000000000000000000000000000
00333330333300000000000001111100111110011111111111100111111111111000000000000000000000000033333000003333003333300333003300303300
00330030330030000000000003333300333110011111111111100111111111111000000000000000000003030030000000003300303300003300303300303300
00330030330030000000000002222200222330033333001111100000111111000000000000000000000033333033330000003300303300003300003300303300
00333330333330000000000002222200222220022222002222200000111111000000000000000000000003030000033000003333303333003303303300303300
00330030330300000000000001111100111110011111001111100000111111000000000000000000000033333000033000003303003300003300303300303300
00330030330030000000000001111101113330033333003333300000333333000000000000000000000003030030033000003300303300003300303300303300
30330030330030000000000003333333333330033333333333300000333333000000000000000000000000000003330000003300303333300333300333003333
00000000000000000000000003333333333330022223333222200000222222000000000000000000000000000000000000000000000000000000000000000000
00000000000000000000000002222222222200022222222222000000222222000000000000000000000000000000000000000000000000000000000000000000
00000000000000000000000001111111111000011111111110000000111111000000000000000000000000000000000000000000000000000000000000000000
00000000000000000000000003333333333300033333333111000000111111000000000000000000000000000000000000000000000000000000000000000000
00000000000000000000000003333333333320011111111111100000111111000000000000000000000000000000000000000000000000000000000000000000
03330003330003330000000002222222222220022211111111100000111111000000000000000000003300000333003333300333000003330003330003330000
33003033003033003000000001111101111110011111001111100000111111000000000000000000033300003300303000003300300033003033003033003000
33003033003033003000000001111100111110011111003333300000333333000000000000000000003300003300003333003300300033003033003033003000
33003033003033003000000001111100111110011111001222300000333333000000000000000000003300003333000003303300300033003033003033003000
33003033003033003000000001111100111110011122003333300000333333000000000000000000003300003300300003303300300033003033003033003000
33003033003033003000000001111100112220022222002222200000222222000000000000000000003300303300303003303300303033003033003033003030
03330003330003330000000001111100111110011111001111100000111111000000000000000000033330300333000333000333003003330003330003330030
00000000000000000000000001111100111110033333003333300000333333000000000000000000000000000000000000000000000000000000000000000000
00000000000000000000000003333300333330033333003333300000333333000000000000000000000000000000000000000000000000000000000000000000
00000000000000000000000002222200333330033333002233300000222222000000000000000000000000000000000000000000000000000000000000000000
00000000000000000000000002222200222220022222002222200000222222000000000000000000000000000000000000000000000000000000000000000000
00000000000000000000000001111100111110011111001111100000111111000000000000000000000000000000000000000000000000000000000000000000
00000000000000000000000000000000000000000000000000000000000000000000000000000000000000000000000000000000000000000000000000000000
00000000000000000000000000000000000000000000000000000000000000000000000000000000000000000000000000000000000000000000000000000000

0x29824495
00000000000000000000000000000000000000000000000000000000000000000000000000000000000000000000000000000000000000000000000000000000
00000000000000000111110011111001111111111000011111111111100000000000000000000000000000000000000000000000000000000000000000000000
00000000000000000333330033333003333333333300011111111111100000000000000000000000000000000000000000000000000000000000000000000000
00000000000000000333330033333003333322111110011111111111100000000000000000000000000000000000000000000000000000000000000000000000
00000000000000000222220022222002222222222220022222211111100000000000000000000000000000000000000000000000000000000000000000000000
00000000000000000111110011111001111111111110011111111111100000000000000000000000000000000000000000000000000000000000000000000000
33330000000000000111110011111001111111111110011111111111100000000000000000000000003333300000333300333330033300330030330000333330
33003000000000000333330033311001111111111110011111111111100000000000000000000303003000000000330030330000330030330030330000330030
33003000000000000222220022233003333300111110000011111100000000000000000000003333303333000000330030330000330000330030330000330030
33333000000000000222220022222002222200222220000011111100000000000000000000000303000003300000333330333300330330330030330000333330
33030000000000000111110011111001111100111110000011111100000000000000000000003333300003300000330300330000330030330030330000330030
33003000000000000111110111333003333300333330000033333300000000000000000000000303003003300000330030330000330030330030330000330030
33003000000000000333333333333003333333333330000033333300000000000000000000000000000333000000330030333330033330033300333330330030
00000000000000000333333333333002222333322220000022222200000000000000000000000000000000000000000000000000000000000000000000000000
00000000000000000222222222220002222222222200000022222200000000000000000000000000000000000000000000000000000000000000000000000000
00000000000000000111111111100001111111111000000011111100000000000000000000000000000000000000000000000000000000000000000000000000
00000000000000000333333333330003333333311100000011111100000000000000000000000000000000000000000000000000000000000000000000000000
00000000000000000333333333332001111111111110000011111100000000000000000000000000000000000000000000000000000000000000000000000000
33000333000000000222222222222002221111111110000011111100000000000000000000330000033300333330033300000333000333000333000003330003
00303300300000000111110111111001111100111110000011111100000000000000000003330000330030300000330030003300303300303300300033003033
00303300300000000111110011111001111100333330000033333300000000000000000000330000330000333300330030003300303300303300300033003033
00303300300000000111110011111001111100122230000033333300000000000000000000330000333300000330330030003300303300303300300033003033
00303300300000000111110011111001112200333330000033333300000000000000000000330000330030000330330030003300303300303300300033003033
00303300300000000111110011222002222200222220000022222200000000000000000000330030330030300330330030303300303300303300303033003033
33000333000000000111110011111001111100111110000011111100000000000000000003333030033300033300033300300333000333000333003003330003
00000000000000000111110011111003333300333330000033333300000000000000000000000000000000000000000000000000000000000000000000000000
00000000000000000333330033333003333300333330000033333300000000000000000000000000000000000000000000000000000000000000000000000000
00000000000000000222220033333003333300223330000022222200000000000000000000000000000000000000000000000000000000000000000000000000
00000000000000000222220022222002222200222220000022222200000000000000000000000000000000000000000000000000000000000000000000000000
00000000000000000111110011111001111100111110000011111100000000000000000000000000000000000000000000000000000000000000000000000000
00000000000000000000000000000000000000000000000000000000000000000000000000000000000000000000000000000000000000000000000000000000
00000000000000000000000000000000000000000000000000000000000000000000000000000000000000000000000000000000000000000000000000000000

0x298244b5
00000000000000000000000000000000000000000000000000000000000000000000000000000000000000000000000000000000000000000000000000000000
00000000011111001111100111111111100001111111111110000000000000000000000000000000000000000000000000000000000000000000000000000000
00000000033333003333300333333333330001111111111110000000000000000000000000000000000000000000000000000000000000000000000000000000
00000000033333003333300333332211111001111111111110000000000000000000000000000000000000000000000000000000000000000000000000000000
00000000022222002222200222222222222002222221111110000000000000000000000000000000000000000000000000000000000000000000000000000000
00000000011111001111100111111111111001111111111110000000000000000000000000000000000000000000000000000000000000000000000000000000
00000000011111001111100111111111111001111111111110000000000000000000000000333330000033330033333003330033003033000033333033330000
00000000033333003331100111111111111001111111111110000000000000000000030300300000000033003033000033003033003033000033003033003000
00000000022222002223300333330011111000001111110000000000000000000000333330333300000033003033000033000033003033000033003033003000
00000000022222002222200222220022222000001111110000000000000000000000030300000330000033333033330033033033003033000033333033333000
00000000011111001111100111110011111000001111110000000000000000000000333330000330000033030033000033003033003033000033003033030000
00000000011111011133300333330033333000003333330000000000000000000000030300300330000033003033000033003033003033000033003033003000
00000000033333333333300333333333333000003333330000000000000000000000000000033300000033003033333003333003330033333033003033003000
00000000033333333333300222233332222000002222220000000000000000000000000000000000000000000000000000000000000000000000000000000000
00000000022222222222000222222222220000002222220000000000000000000000000000000000000000000000000000000000000000000000000000000000
00000000011111111110000111111111100000001111110000000000000000000000000000000000000000000000000000000000000000000000000000000000
00000000033333333333000333333331110000001111110000000000000000000000000000000000000000000000000000000000000000000000000000000000
00000000033333333333200111111111111000001111110000000000000000000000000000000000000000000000000000000000000000000000000000000000
00000000022222222222200222111111111000001111110000000000000000000033000003330033333003330000033300033300033300000333000333000333
30000000011111011111100111110011111000001111110000000000000000000333000033003030000033003000330030330030330030003300303300303300
30000000011111001111100111110033333000003333330000000000000000000033000033000033330033003000330030330030330030003300303300303300
30000000011111001111100111110012223000003333330000000000000000000033000033330000033033003000330030330030330030003300303300303300
30000000011111001111100111220033333000003333330000000000000000000033000033003000033033003000330030330030330030003300303300303300
30000000011111001122200222220022222000002222220000000000000000000033003033003030033033003030330030330030330030303300303300303300
00000000011111001111100111110011111000001111110000000000000000000333303003330003330003330030033300033300033300300333000333000333
00000000011111001111100333330033333000003333330000000000000000000000000000000000000000000000000000000000000000000000000000000000
00000000033333003333300333330033333000003333330000000000000000000000000000000000000000000000000000000000000000000000000000000000
00000000022222003333300333330022333000002222220000000000000000000000000000000000000000000000000000000000000000000000000000000000
00000000022222002222200222220022222000002222220000000000000000000000000000000000000000000000000000000000000000000000000000000000
00000000011111001111100111110011111000001111110000000000000000000000000000000000000000000000000000000000000000000000000000000000
00000000000000000000000000000000000000000000000000000000000000000000000000000000000000000000000000000000000000000000000000000000
00000000000000000000000000000000000000000000000000000000000000000000000000000000000000000000000000000000000000000000000000000000

0x298244e3
00000000000000000000000000000000000000000000000000000000000000000000000000000000000000000000000000000000000000000000000000000000
01111100111110011111111110000111111111111000000000000000000000000000000000000000000000000000000000000000000000000000000000000000
03333300333330033333333333000111111111111000000000000000000000000000000000000000000000000000000000000000000000000000000000000000
03333300333330033333221111100111111111111000000000000000000000000000000000000000000000000000000000000000000000000000000000000000
02222200222220022222222222200222222111111000000000000000000000000000000000000000000000000000000000000000000000000000000000000000
01111100111110011111111111100111111111111000000000000000000000000000000000000000000000000000000000000000000000000000000000000000
01111100111110011111111111100111111111111000000000000000000000000033333000003333003333300333003300303300003333303333000000000000
03333300333110011111111111100111111111111000000000000000000003030030000000003300303300003300303300303300003300303300300000000000
02222200222330033333001111100000111111000000000000000000000033333033330000003300303300003300003300303300003300303300300000000000
02222200222220022222002222200000111111000000000000000000000003030000033000003333303333003303303300303300003333303333300000000000
01111100111110011111001111100000111111000000000000000000000033333000033000003303003300003300303300303300003300303303000000000000
01111101113330033333003333300000333333000000000000000000000003030030033000003300303300003300303300303300003300303300300000000000
03333333333330033333333333300000333333000000000000000000000000000003330000003300303333300333300333003333303300303300300000000000
03333333333330022223333222200000222222000000000000000000000000000000000000000000000000000000000000000000000000000000000000000000
02222222222200022222222222000000222222000000000000000000000000000000000000000000000000000000000000000000000000000000000000000000
01111111111000011111111110000000111111000000000000000000000000000000000000000000000000000000000000000000000000000000000000000000
03333333333300033333333111000000111111000000000000000000000000000000000000000000000000000000000000000000000000000000000000000000
03333333333320011111111111100000111111000000000000000000000000000000000000000000000000000000000000000000000000000000000000000000
02222222222220022211111111100000111111000000000000000000003300000333003333300333000003330003330003330000033300033300033300000000
01111101111110011111001111100000111111000000000000000000033300003300303000003300300033003033003033003000330030330030330030000000
01111100111110011111003333300000333333000000000000000000003300003300003333003300300033003033003033003000330030330030330030000000
01111100111110011111001222300000333333000000000000000000003300003333000003303300300033003033003033003000330030330030330030000000
01111100111110011122003333300000333333000000000000000000003300003300300003303300300033003033003033003000330030330030330030000000
01111100112220022222002222200000222222000000000000000000003300303300303003303300303033003033003033003030330030330030330030000000
01111100111110011111001111100000111111000000000000000000033330300333000333000333003003330003330003330030033300033300033300000000
01111100111110033333003333300000333333000000000000000000000000000000000000000000000000000000000000000000000000000000000000000000
03333300333330033333003333300000333333000000000000000000000000000000000000000000000000000000000000000000000000000000000000000000
02222200333330033333002233300000222222000000000000000000000000000000000000000000000000000000000000000000000000000000000000000000
02222200222220022222002222200000222222000000000000000000000000000000000000000000000000000000000000000000000000000000000000000000
01111100111110011111001111100000111111000000000000000000000000000000000000000000000000000000000000000000000000000000000000000000
00000000000000000000000000000000000000000000000000000000000000000000000000000000000000000000000000000000000000000000000000000000
00000000000000000000000000000000000000000000000000000000000000000000000000000000000000000000000000000000000000000000000000000000

0x29824551
00000000000000000000000000000000000000000000000000000000000000000000000000000000000000000000000000000000000000000000000000000000
01111100111110011111111110000111111111111000000000000000000000000000000000000000000000000000000000000000000000000000000000000000
03333300111110011133333333000333333333333000000000000000000000000000000000000000000000000000000000000000000000000000000000000000
01111100111110011111122223300333333333333000000000000000000000000000000000000000000000000000000000000000000000000000000000000000
01111100112220022222222222200222222222222000000000000000000000000000000000000000000000000000000000000000000000000000000000000000
01111100111110011111111111100111111111111000000000000000000000000000000000000000000000000000000000000000000000000000000000000000
03333300111110011111111111100111111111111000000000000000000000000033333000003333003333300333003300303300003333303333000000000000
03333300333330033333333333300333333311111000000000000000000003030030000000003300303300003300303300303300003300303300300000000000
03333300333330022222002222200000222233000000000000000000000033333033330000003300303300003300003300303300003300303300300000000000
02222200222220022222002222200000222222000000000000000000000003030000033000003333303333003303303300303300003333303333300000000000
01111100111110011111001111100000111111000000000000000000000033333000033000003303003300003300303300303300003300303303000000000000
01111101111110011111001111100000333333000000000000000000000003030030033000003300303300003300303300303300003300303300300000000000
01111111113330033333333333300000333333000000000000000000000000000003330000003300303333300333300333003333303300303300300000000000
01111111111110022222222333300000333332000000000000000000000000000000000000000000000000000000000000000000000000000000000000000000
01111222222200022222222222000000222222000000000000000000000000000000000000000000000000000000000000000000000000000000000000000000
01111111111000011111111110000000111111000000000000000000000000000000000000000000000000000000000000000000000000000000000000000000
03333333333300033333333333000000333333000000000000000000000000000000000000000000000000000000000000000000000000000000000000000000
03333333333330033333333333300000333221000000000000000000000000000000000000000000000000000000000000000000000000000000000000000000
03333322222220022222222222200000222222000000000000000000003300000333003333300333000003330003330003330000033300033300033300000000
02222202222220022221001111100000111111000000000000000000033300003300303000003300300033003033003033003000330030330030330030000000
01111100111110011111001111100000111111000000000000000000003300003300003333003300300033003033003033003000330030330030330030000000
03333300311110011111001111100000111111000000000000000000003300003333000003303300300033003033003033003000330030330030330030000000
02222200111110011111001111100000111111000000000000000000003300003300300003303300300033003033003033003000330030330030330030000000
02222200222220011111001111100000222222000000000000000000003300303300303003303300303033003033003033003030330030330030330030000000
01111100111110011111001111100000111111000000000000000000033330300333000333000333003003330003330003330030033300033300033300000000
01111100111110011111001111100000111111000000000000000000000000000000000000000000000000000000000000000000000000000000000000000000
01111100111110011111001333300000333333000000000000000000000000000000000000000000000000000000000000000000000000000000000000000000
03331100111110011111001111100000222233000000000000000000000000000000000000000000000000000000000000000000000000000000000000000000
01111100111110011122002222200000222222000000000000000000000000000000000000000000000000000000000000000000000000000000000000000000
01111100111110011111001111100000111111000000000000000000000000000000000000000000000000000000000000000000000000000000000000000000
00000000000000000000000000000000000000000000000000000000000000000000000000000000000000000000000000000000000000000000000000000000
00000000000000000000000000000000000000000000000000000000000000000000000000000000000000000000000000000000000000000000000000000000

0x298245be
00000000000000000000000000000000000000000000000000000000000000000000000000000000000000000000000000000000000000000000000000000000
01111100111110011111111110000111111111111000000000000000000000000000000000000000000000000000000000000000000000000000000000000000
03333300333330033333333333000333333331111000000000000000000000000000000000000000000000000000000000000000000000000000000000000000
03333300333330033333333332200111111111111000000000000000000000000000000000000000000000000000000000000000000000000000000000000000
02222200222220022222222222200221111111122000000000000000000000000000000000000000000000000000000000000000000000000000000000000000
01111100111110011111111111100111111111111000000000000000000000000000000000000000000000000000000000000000000000000000000000000000
01111100111110013333333333300333111111111000000000000000000000000033333000003333003333300333003300303300003333303333000000000000
03333300333330033333333333300333333333333000000000000000000003030030000000003300303300003300303300303300003300303300300000000000
02222300333330033333003333300000333333000000000000000000000033333033330000003300303300003300003300303300003300303300300000000000
02222200222220022222002222200000222222000000000000000000000003030000033000003333303333003303303300303300003333303333300000000000
01111100111110011111001111100000111111000000000000000000000033333000033000003303003300003300303300303300003300303303000000000000
01111101111110011111001111100000111111000000000000000000000003030030033000003300303300003300303300303300003300303300300000000000
01111111111110011111111111100000333333000000000000000000000000000003330000003300303333300333300333003333303300303300300000000000
01111111111110011111111111100000111222000000000000000000000000000000000000000000000000000000000000000000000000000000000000000000
01111111111100011111111111000000222222000000000000000000000000000000000000000000000000000000000000000000000000000000000000000000
01111111111000011111111110000000111111000000000000000000000000000000000000000000000000000000000000000000000000000000000000000000
03333333333300033333333333000000333333000000000000000000000000000000000000000000000000000000000000000000000000000000000000000000
03333333333330033333333333300000333333000000000000000000000000000000000000000000000000000000000000000000000000000000000000000000
01111122222220033333333333300000222222000000000000000000003300000333003333300333000003330003330003330000033300033300033300000000
01222202222220022222002222200000222222000000000000000000033300003300303000003300300033003033003033003000330030330030330030000000
01111100111110011111001111100000111111000000000000000000003300003300003333003300300033003033003033003000330030330030330030000000
03333300333330033333003333300000111111000000000000000000003300003333000003303300300033003033003033003000330030330030330030000000
03222200222220022222002222100000111111000000000000000000003300003300300003303300300033003033003033003000330030330030330030000000
02222200222220022222002222200000222111000000000000000000003300303300303003303300303033003033003033003030330030330030330030000000
01111100111110011111001111100000111111000000000000000000033330300333000333000333003003330003330003330030033300033300033300000000
01111100111110011111001111100000111111000000000000000000000000000000000000000000000000000000000000000000000000000000000000000000
01111100111110011111001111100000111111000000000000000000000000000000000000000000000000000000000000000000000000000000000000000000
03333300333330033333003333300000333331000000000000000000000000000000000000000000000000000000000000000000000000000000000000000000
03333300333330033332002211100000111111000000000000000000000000000000000000000000000000000000000000000000000000000000000000000000
02222200222220022222002222200000111111000000000000000000000000000000000000000000000000000000000000000000000000000000000000000000
00000000000000000000000000000000000000000000000000000000000000000000000000000000000000000000000000000000000000000000000000000000
00000000000000000000000000000000000000000000000000000000000000000000000000000000000000000000000000000000000000000000000000000000

0x29824689
00000000000000000000000000000000000000000000000000000000000000000000000000000000000000000000000000000000000000000000000000000000
01111100111110011111111110000111111111111000000000000000000000000000000000000000000000000000000000000000000000000000000000000000
03333300333330033333333333000333333333333000000000000000000000000000000000000000000000000000000000000000000000000000000000000000
03333300333330033333333333300333333333333000000000000000000000000000000000000000000000000000000000000000000000000000000000000000
03333300333220022222222222200222222222222000000000000000000000000000000000000000000000000000000000000000000000000000000000000000
02222200222220022222222211100111111111111000000000000000000000000000000000000000000000000000000000000000000000000000000000000000
01111100111110011111111111100111111111111000000000000000000000000033333000003333003333300333003300303300003333303333000000000000
01111100111110011111111113300333333333333000000000000000000003030030000000003300303300003300303300303300003300303300300000000000
01111100111110011111003332200000333333000000000000000000000033333033330000003300303300003300003300303300003300303300300000000000
01111100111110011222002222200000222222000000000000000000000003030000033000003333303333003303303300303300003333303333300000000000
01111100111110011111001111100000111111000000000000000000000033333000033000003303003300003300303300303300003300303303000000000000
03333303111110011111001111100000111111000000000000000000000003030030033000003300303300003300303300303300003300303300300000000000
02221111111110011111111111100000111111000000000000000000000000000003330000003300303333300333300333003333303300303300300000000000
02222222222220022111111111100000111111000000000000000000000000000000000000000000000000000000000000000000000000000000000000000000
02222222222200022222111111000000111111000000000000000000000000000000000000000000000000000000000000000000000000000000000000000000
01111111111000011111111110000000111111000000000000000000000000000000000000000000000000000000000000000000000000000000000000000000
01111111111100033333333333000000333333000000000000000000000000000000000000000000000000000000000000000000000000000000000000000000
01111111111110012222222233300000333333000000000000000000000000000000000000000000000000000000000000000000000000000000000000000000
01111111111110011111111111100000222233000000000000000000003300000333003333300333000003330003330003330000033300033300033300000000
01111101111110011111001112200000222222000000000000000000033300003300303000003300300033003033003033003000330030330030330030000000
03333300333310011111001111100000111111000000000000000000003300003300003333003300300033003033003033003000330030330030330030000000
03333300333330033333003333300000333333000000000000000000003300003333000003303300300033003033003033003000330030330030330030000000
03333300333330033333002222200000222222000000000000000000003300003300300003303300300033003033003033003000330030330030330030000000
02222200222220022222002222200000222222000000000000000000003300303300303003303300303033003033003033003030330030330030330030000000
01111100111110011111001111100000111111000000000000000000033330300333000333000333003003330003330003330030033300033300033300000000
01111100111110011111001111100000111111000000000000000000000000000000000000000000000000000000000000000000000000000000000000000000
01111100111110011111001111100000111111000000000000000000000000000000000000000000000000000000000000000000000000000000000000000000
02221100111110033333003333300000333333000000000000000000000000000000000000000000000000000000000000000000000000000000000000000000
02222200111110011111001112200000333333000000000000000000000000000000000000000000000000000000000000000000000000000000000000000000
01111100111110011111002222200000222222000000000000000000000000000000000000000000000000000000000000000000000000000000000000000000
00000000000000000000000000000000000000000000000000000000000000000000000000000000000000000000000000000000000000000000000000000000
00000000000000000000000000000000000000000000000000000000000000000000000000000000000000000000000000000000000000000000000000000000

0x29824754
00000000000000000000000000000000000000000000000000000000000000000000000000000000000000000000000000000000000000000000000000000000
01111100111110011111111110000111111111111000000000000000000000000000000000000000000000000000000000000000000000000000000000000000
01111100111130033333333333000333333333333000000000000000000000000000000000000000000000000000000000000000000000000000000000000000
01111100111110011111222223300333333333333000000000000000000000000000000000000000000000000000000000000000000000000000000000000000
02222200111110011111111112200233333333333000000000000000000000000000000000000000000000000000000000000000000000000000000000000000
01111100111110011111112222200222222222222000000000000000000000000000000000000000000000000000000000000000000000000000000000000000
01111100111110011111111111100111111111111000000000000000000000000033333000003333003333300333003300303300003333303333000000000000
01111100111110011111111111100111111111111000000000000000000003030030000000003300303300003300303300303300003300303300300000000000
01111100111110011111001111100000111111000000000000000000000033333033330000003300303300003300003300303300003300303300300000000000
02111100111110011111001111100000111111000000000000000000000003030000033000003333303333003303303300303300003333303333300000000000
01111100111110011111001111100000111111000000000000000000000033333000033000003303003300003300303300303300003300303303000000000000
03333303333330033333003333300000111111000000000000000000000003030030033000003300303300003300303300303300003300303300300000000000
03333333333330033333332221100000111111000000000000000000000000000003330000003300303333300333300333003333303300303300300000000000
03222222222220022222222222200000222222000000000000000000000000000000000000000000000000000000000000000000000000000000000000000000
02222222222200022222222222000000222222000000000000000000000000000000000000000000000000000000000000000000000000000000000000000000
01111111111000011111111110000000111111000000000000000000000000000000000000000000000000000000000000000000000000000000000000000000
01111111111100011111111111000000111133000000000000000000000000000000000000000000000000000000000000000000000000000000000000000000
01111111111110011111111111100000111111000000000000000000000000000000000000000000000000000000000000000000000000000000000000000000
01111111111110011111111111100000111111000000000000000000003300000333003333300333000003330003330003330000033300033300033300000000
01111101111110011111001111100000111111000000000000000000033300003300303000003300300033003033003033003000330030330030330030000000
03333300333330033333003333300000111111000000000000000000003300003300003333003300300033003033003033003000330030330030330030000000
01122200333330033333003333300000333333000000000000000000003300003333000003303300300033003033003033003000330030330030330030000000
03333300333330033333003333300000333333000000000000000000003300003300300003303300300033003033003033003000330030330030330030000000
02222200222220022222002222200000222222000000000000000000003300303300303003303300303033003033003033003030330030330030330030000000
01111100111110011111001111100000111111000000000000000000033330300333000333000333003003330003330003330030033300033300033300000000
03333300333330033333003331100000111111000000000000000000000000000000000000000000000000000000000000000000000000000000000000000000
03333300333330033322001111100000111111000000000000000000000000000000000000000000000000000000000000000000000000000000000000000000
02222200222220022222002222200000221111000000000000000000000000000000000000000000000000000000000000000000000000000000000000000000
02222200222220022222002222200000222221000000000000000000000000000000000000000000000000000000000000000000000000000000000000000000
01111100111110011111001111100000111111000000000000000000000000000000000000000000000000000000000000000000000000000000000000000000
00000000000000000000000000000000000000000000000000000000000000000000000000000000000000000000000000000000000000000000000000000000
00000000000000000000000000000000000000000000000000000000000000000000000000000000000000000000000000000000000000000000000000000000

0x29824820
00000000000000000000000000000000000000000000000000000000000000000000000000000000000000000000000000000000000000000000000000000000
01111100111110011111111110000111111111111000000000000000000000000000000000000000000000000000000000000000000000000000000000000000
03333300333330033333333333000111111111111000000000000000000000000000000000000000000000000000000000000000000000000000000000000000
03333300333330033333221111100111111111111000000000000000000000000000000000000000000000000000000000000000000000000000000000000000
02222200222220022222222222200222222111111000000000000000000000000000000000000000000000000000000000000000000000000000000000000000
01111100111110011111111111100111111111111000000000000000000000000000000000000000000000000000000000000000000000000000000000000000
01111100111110011111111111100111111111111000000000000000000000000033333000003333003333300333003300303300003333303333000000000000
03333300333110011111111111100111111111111000000000000000000003030030000000003300303300003300303300303300003300303300300000000000
02222200222330033333001111100000111111000000000000000000000033333033330000003300303300003300003300303300003300303300300000000000
02222200222220022222002222200000111111000000000000000000000003030000033000003333303333003303303300303300003333303333300000000000
01111100111110011111001111100000111111000000000000000000000033333000033000003303003300003300303300303300003300303303000000000000
01111101113330033333003333300000333333000000000000000000000003030030033000003300303300003300303300303300003300303300300000000000
03333333333330033333333333300000333333000000000000000000000000000003330000003300303333300333300333003333303300303300300000000000
03333333333330022223333222200000222222000000000000000000000000000000000000000000000000000000000000000000000000000000000000000000
02222222222200022222222222000000222222000000000000000000000000000000000000000000000000000000000000000000000000000000000000000000
01111111111000011111111110000000111111000000000000000000000000000000000000000000000000000000000000000000000000000000000000000000
03333333333300033333333111000000111111000000000000000000000000000000000000000000000000000000000000000000000000000000000000000000
03333333333320011111111111100000111111000000000000000000000000000000000000000000000000000000000000000000000000000000000000000000
02222222222220022211111111100000111111000000000000000000003300000333003333300333000003330003330003330000033300033300033300000000
01111101111110011111001111100000111111000000000000000000033300003300303000003300300033003033003033003000330030330030330030000000
01111100111110011111003333300000333333000000000000000000003300003300003333003300300033003033003033003000330030330030330030000000
01111100111110011111001222300000333333000000000000000000003300003333000003303300300033003033003033003000330030330030330030000000
01111100111110011122003333300000333333000000000000000000003300003300300003303300300033003033003033003000330030330030330030000000
01111100112220022222002222200000222222000000000000000000003300303300303003303300303033003033003033003030330030330030330030000000
01111100111110011111001111100000111111000000000000000000033330300333000333000333003003330003330003330030033300033300033300000000
01111100111110033333003333300000333333000000000000000000000000000000000000000000000000000000000000000000000000000000000000000000
03333300333330033333003333300000333333000000000000000000000000000000000000000000000000000000000000000000000000000000000000000000
02222200333330033333002233300000222222000000000000000000000000000000000000000000000000000000000000000000000000000000000000000000
02222200222220022222002222200000222222000000000000000000000000000000000000000000000000000000000000000000000000000000000000000000
01111100111110011111001111100000111111000000000000000000000000000000000000000000000000000000000000000000000000000000000000000000
00000000000000000000000000000000000000000000000000000000000000000000000000000000000000000000000000000000000000000000000000000000
00000000000000000000000000000000000000000000000000000000000000000000000000000000000000000000000000000000000000000000000000000000

0x298248eb
00000000000000000000000000000000000000000000000000000000000000000000000000000000000000000000000000000000000000000000000000000000
01111100111110011111111110000111111111111000000000000000000000000000000000000000000000000000000000000000000000000000000000000000
03333300111110011133333333000333333333333000000000000000000000000000000000000000000000000000000000000000000000000000000000000000
01111100111110011111122223300333333333333000000000000000000000000000000000000000000000000000000000000000000000000000000000000000
01111100112220022222222222200222222222222000000000000000000000000000000000000000000000000000000000000000000000000000000000000000
01111100111110011111111111100111111111111000000000000000000000000000000000000000000000000000000000000000000000000000000000000000
03333300111110011111111111100111111111111000000000000000000000000033333000003333003333300333003300303300003333303333000000000000
03333300333330033333333333300333333311111000000000000000000003030030000000003300303300003300303300303300003300303300300000000000
03333300333330022222002222200000222233000000000000000000000033333033330000003300303300003300003300303300003300303300300000000000
02222200222220022222002222200000222222000000000000000000000003030000033000003333303333003303303300303300003333303333300000000000
01111100111110011111001111100000111111000000000000000000000033333000033000003303003300003300303300303300003300303303000000000000
01111101111110011111001111100000333333000000000000000000000003030030033000003300303300003300303300303300003300303300300000000000
01111111113330033333333333300000333333000000000000000000000000000003330000003300303333300333300333003333303300303300300000000000
01111111111110022222222333300000333332000000000000000000000000000000000000000000000000000000000000000000000000000000000000000000
01111222222200022222222222000000222222000000000000000000000000000000000000000000000000000000000000000000000000000000000000000000
01111111111000011111111110000000111111000000000000000000000000000000000000000000000000000000000000000000000000000000000000000000
03333333333300033333333333000000333333000000000000000000000000000000000000000000000000000000000000000000000000000000000000000000
03333333333330033333333333300000333221000000000000000000000000000000000000000000000000000000000000000000000000000000000000000000
03333322222220022222222222200000222222000000000000000000003300000333003333300333000003330003330003330000033300033300033300000000
02222202222220022221001111100000111111000000000000000000033300003300303000003300300033003033003033003000330030330030330030000000
01111100111110011111001111100000111111000000000000000000003300003300003333003300300033003033003033003000330030330030330030000000
03333300311110011111001111100000111111000000000000000000003300003333000003303300300033003033003033003000330030330030330030000000
02222200111110011111001111100000111111000000000000000000003300003300300003303300300033003033003033003000330030330030330030000000
02222200222220011111001111100000222222000000000000000000003300303300303003303300303033003033003033003030330030330030330030000000
01111100111110011111001111100000111111000000000000000000033330300333000333000333003003330003330003330030033300033300033300000000
01111100111110011111001111100000111111000000000000000000000000000000000000000000000000000000000000000000000000000000000000000000
01111100111110011111001333300000333333000000000000000000000000000000000000000000000000000000000000000000000000000000000000000000
03331100111110011111001111100000222233000000000000000000000000000000000000000000000000000000000000000000000000000000000000000000
01111100111110011122002222200000222222000000000000000000000000000000000000000000000000000000000000000000000000000000000000000000
01111100111110011111001111100000111111000000000000000000000000000000000000000000000000000000000000000000000000000000000000000000
00000000000000000000000000000000000000000000000000000000000000000000000000000000000000000000000000000000000000000000000000000000
00000000000000000000000000000000000000000000000000000000000000000000000000000000000000000000000000000000000000000000000000000000

0x298249c5
00000000000000000000000000000000000000000000000000000000000000000000000000000000000000000000000000000000000000000000000000000000
01111100111110011111111110000111111111111000000000000000000000000000000000000000000000000000000000000000000000000000000000000000
03333300333330033333333333000333333331111000000000000000000000000000000000000000000000000000000000000000000000000000000000000000
03333300333330033333333332200111111111111000000000000000000000000000000000000000000000000000000000000000000000000000000000000000
02222200222220022222222222200221111111122000000000000000000000000000000000000000000000000000000000000000000000000000000000000000
01111100111110011111111111100111111111111000000000000000000000000000000000000000000000000000000000000000000000000000000000000000
01111100111110013333333333300333111111111000000000000000000000000033333000003333003333300333003300303300003333303333000000000000
03333300333330033333333333300333333333333000000000000000000003030030000000003300303300003300303300303300003300303300300000000000
02222300333330033333003333300000333333000000000000000000000033333033330000003300303300003300003300303300003300303300300000000000
02222200222220022222002222200000222222000000000000000000000003030000033000003333303333003303303300303300003333303333300000000000
01111100111110011111001111100000111111000000000000000000000033333000033000003303003300003300303300303300003300303303000000000000
01111101111110011111001111100000111111000000000000000000000003030030033000003300303300003300303300303300003300303300300000000000
01111111111110011111111111100000333333000000000000000000000000000003330000003300303333300333300333003333303300303300300000000000
01111111111110011111111111100000111222000000000000000000000000000000000000000000000000000000000000000000000000000000000000000000
01111111111100011111111111000000222222000000000000000000000000000000000000000000000000000000000000000000000000000000000000000000
01111111111000011111111110000000111111000000000000000000000000000000000000000000000000000000000000000000000000000000000000000000
03333333333300033333333333000000333333000000000000000000000000000000000000000000000000000000000000000000000000000000000000000000
03333333333330033333333333300000333333000000000000000000000000000000000000000000000000000000000000000000000000000000000000000000
01111122222220033333333333300000222222000000000000000000003300000333003333300333000003330003330003330000033300033300033300000000
01222202222220022222002222200000222222000000000000000000033300003300303000003300300033003033003033003000330030330030330030000000
01111100111110011111001111100000111111000000000000000000003300003300003333003300300033003033003033003000330030330030330030000000
03333300333330033333003333300000111111000000000000000000003300003333000003303300300033003033003033003000330030330030330030000000
03222200222220022222002222100000111111000000000000000000003300003300300003303300300033003033003033003000330030330030330030000000
02222200222220022222002222200000222111000000000000000000003300303300303003303300303033003033003033003030330030330030330030000000
01111100111110011111001111100000111111000000000000000000033330300333000333000333003003330003330003330030033300033300033300000000
01111100111110011111001111100000111111000000000000000000000000000000000000000000000000000000000000000000000000000000000000000000
01111100111110011111001111100000111111000000000000000000000000000000000000000000000000000000000000000000000000000000000000000000
03333300333330033333003333300000333331000000000000000000000000000000000000000000000000000000000000000000000000000000000000000000
03333300333330033332002211100000111111000000000000000000000000000000000000000000000000000000000000000000000000000000000000000000
02222200222220022222002222200000111111000000000000000000000000000000000000000000000000000000000000000000000000000000000000000000
00000000000000000000000000000000000000000000000000000000000000000000000000000000000000000000000000000000000000000000000000000000
00000000000000000000000000000000000000000000000000000000000000000000000000000000000000000000000000000000000000000000000000000000

0x29824a91
00000000000000000000000000000000000000000000000000000000000000000000000000000000000000000000000000000000000000000000000000000000
01111100111110011111111110000111111111111000000000000000000000000000000000000000000000000000000000000000000000000000000000000000
03333300333330033333333333000333333333333000000000000000000000000000000000000000000000000000000000000000000000000000000000000000
03333300333330033333333333300333333333333000000000000000000000000000000000000000000000000000000000000000000000000000000000000000
03333300333220022222222222200222222222222000000000000000000000000000000000000000000000000000000000000000000000000000000000000000
02222200222220022222222211100111111111111000000000000000000000000000000000000000000000000000000000000000000000000000000000000000
01111100111110011111111111100111111111111000000000000000000000000033333000003333003333300333003300303300003333303333000000000000
01111100111110011111111113300333333333333000000000000000000003030030000000003300303300003300303300303300003300303300300000000000
01111100111110011111003332200000333333000000000000000000000033333033330000003300303300003300003300303300003300303300300000000000
01111100111110011222002222200000222222000000000000000000000003030000033000003333303333003303303300303300003333303333300000000000
01111100111110011111001111100000111111000000000000000000000033333000033000003303003300003300303300303300003300303303000000000000
03333303111110011111001111100000111111000000000000000000000003030030033000003300303300003300303300303300003300303300300000000000
02221111111110011111111111100000111111000000000000000000000000000003330000003300303333300333300333003333303300303300300000000000
02222222222220022111111111100000111111000000000000000000000000000000000000000000000000000000000000000000000000000000000000000000
02222222222200022222111111000000111111000000000000000000000000000000000000000000000000000000000000000000000000000000000000000000
01111111111000011111111110000000111111000000000000000000000000000000000000000000000000000000000000000000000000000000000000000000
01111111111100033333333333000000333333000000000000000000000000000000000000000000000000000000000000000000000000000000000000000000
01111111111110012222222233300000333333000000000000000000000000000000000000000000000000000000000000000000000000000000000000000000
01111111111110011111111111100000222233000000000000000000003300000333003333300333000003330003330003330000033300033300033300000000
01111101111110011111001112200000222222000000000000000000033300003300303000003300300033003033003033003000330030330030330030000000
03333300333310011111001111100000111111000000000000000000003300003300003333003300300033003033003033003000330030330030330030000000
03333300333330033333003333300000333333000000000000000000003300003333000003303300300033003033003033003000330030330030330030000000
03333300333330033333002222200000222222000000000000000000003300003300300003303300300033003033003033003000330030330030330030000000
02222200222220022222002222200000222222000000000000000000003300303300303003303300303033003033003033003030330030330030330030000000
01111100111110011111001111100000111111000000000000000000033330300333000333000333003003330003330003330030033300033300033300000000
01111100111110011111001111100000111111000000000000000000000000000000000000000000000000000000000000000000000000000000000000000000
01111100111110011111001111100000111111000000000000000000000000000000000000000000000000000000000000000000000000000000000000000000
02221100111110033333003333300000333333000000000000000000000000000000000000000000000000000000000000000000000000000000000000000000
02222200111110011111001112200000333333000000000000000000000000000000000000000000000000000000000000000000000000000000000000000000
01111100111110011111002222200000222222000000000000000000000000000000000000000000000000000000000000000000000000000000000000000000
00000000000000000000000000000000000000000000000000000000000000000000000000000000000000000000000000000000000000000000000000000000
00000000000000000000000000000000000000000000000000000000000000000000000000000000000000000000000000000000000000000000000000000000

0x29824b5c
00000000000000000000000000000000000000000000000000000000000000000000000000000000000000000000000000000000000000000000000000000000
01111100111110011111111110000111111111111000000000000000000000000000000000000000000000000000000000000000000000000000000000000000
01111100111130033333333333000333333333333000000000000000000000000000000000000000000000000000000000000000000000000000000000000000
01111100111110011111222223300333333333333000000000000000000000000000000000000000000000000000000000000000000000000000000000000000
02222200111110011111111112200233333333333000000000000000000000000000000000000000000000000000000000000000000000000000000000000000
01111100111110011111112222200222222222222000000000000000000000000000000000000000000000000000000000000000000000000000000000000000
01111100111110011111111111100111111111111000000000000000000000000033333000003333003333300333003300303300003333303333000000000000
01111100111110011111111111100111111111111000000000000000000003030030000000003300303300003300303300303300003300303300300000000000
01111100111110011111001111100000111111000000000000000000000033333033330000003300303300003300003300303300003300303300300000000000
02111100111110011111001111100000111111000000000000000000000003030000033000003333303333003303303300303300003333303333300000000000
01111100111110011111001111100000111111000000000000000000000033333000033000003303003300003300303300303300003300303303000000000000
03333303333330033333003333300000111111000000000000000000000003030030033000003300303300003300303300303300003300303300300000000000
03333333333330033333332221100000111111000000000000000000000000000003330000003300303333300333300333003333303300303300300000000000
03222222222220022222222222200000222222000000000000000000000000000000000000000000000000000000000000000000000000000000000000000000
02222222222200022222222222000000222222000000000000000000000000000000000000000000000000000000000000000000000000000000000000000000
01111111111000011111111110000000111111000000000000000000000000000000000000000000000000000000000000000000000000000000000000000000
01111111111100011111111111000000111133000000000000000000000000000000000000000000000000000000000000000000000000000000000000000000
01111111111110011111111111100000111111000000000000000000000000000000000000000000000000000000000000000000000000000000000000000000
01111111111110011111111111100000111111000000000000000000003300000333003333300333000003330003330003330000033300033300033300000000
01111101111110011111001111100000111111000000000000000000033300003300303000003300300033003033003033003000330030330030330030000000
03333300333330033333003333300000111111000000000000000000003300003300003333003300300033003033003033003000330030330030330030000000
01122200333330033333003333300000333333000000000000000000003300003333000003303300300033003033003033003000330030330030330030000000
03333300333330033333003333300000333333000000000000000000003300003300300003303300300033003033003033003000330030330030330030000000
02222200222220022222002222200000222222000000000000000000003300303300303003303300303033003033003033003030330030330030330030000000
01111100111110011111001111100000111111000000000000000000033330300333000333000333003003330003330003330030033300033300033300000000
03333300333330033333003331100000111111000000000000000000000000000000000000000000000000000000000000000000000000000000000000000000
03333300333330033322001111100000111111000000000000000000000000000000000000000000000000000000000000000000000000000000000000000000
02222200222220022222002222200000221111000000000000000000000000000000000000000000000000000000000000000000000000000000000000000000
02222200222220022222002222200000222221000000000000000000000000000000000000000000000000000000000000000000000000000000000000000000
01111100111110011111001111100000111111000000000000000000000000000000000000000000000000000000000000000000000000000000000000000000
00000000000000000000000000000000000000000000000000000000000000000000000000000000000000000000000000000000000000000000000000000000
00000000000000000000000000000000000000000000000000000000000000000000000000000000000000000000000000000000000000000000000000000000

0x29824c36
00000000000000000000000000000000000000000000000000000000000000000000000000000000000000000000000000000000000000000000000000000000
01111100111110011111111110000111111111111000000000000000000000000000000000000000000000000000000000000000000000000000000000000000
03333300333330033333333333000111111111111000000000000000000000000000000000000000000000000000000000000000000000000000000000000000
03333300333330033333221111100111111111111000000000000000000000000000000000000000000000000000000000000000000000000000000000000000
02222200222220022222222222200222222111111000000000000000000000000000000000000000000000000000000000000000000000000000000000000000
01111100111110011111111111100111111111111000000000000000000000000000000000000000000000000000000000000000000000000000000000000000
01111100111110011111111111100111111111111000000000000000000000000033333000003333003333300333003300303300003333303333000000000000
03333300333110011111111111100111111111111000000000000000000003030030000000003300303300003300303300303300003300303300300000000000
02222200222330033333001111100000111111000000000000000000000033333033330000003300303300003300003300303300003300303300300000000000
02222200222220022222002222200000111111000000000000000000000003030000033000003333303333003303303300303300003333303333300000000000
01111100111110011111001111100000111111000000000000000000000033333000033000003303003300003300303300303300003300303303000000000000
01111101113330033333003333300000333333000000000000000000000003030030033000003300303300003300303300303300003300303300300000000000
03333333333330033333333333300000333333000000000000000000000000000003330000003300303333300333300333003333303300303300300000000000
03333333333330022223333222200000222222000000000000000000000000000000000000000000000000000000000000000000000000000000000000000000
02222222222200022222222222000000222222000000000000000000000000000000000000000000000000000000000000000000000000000000000000000000
01111111111000011111111110000000111111000000000000000000000000000000000000000000000000000000000000000000000000000000000000000000
03333333333300033333333111000000111111000000000000000000000000000000000000000000000000000000000000000000000000000000000000000000
03333333333320011111111111100000111111000000000000000000000000000000000000000000000000000000000000000000000000000000000000000000
02222222222220022211111111100000111111000000000000000000003300000333003333300333000003330003330003330000033300033300033300000000
01111101111110011111001111100000111111000000000000000000033300003300303000003300300033003033003033003000330030330030330030000000
01111100111110011111003333300000333333000000000000000000003300003300003333003300300033003033003033003000330030330030330030000000
01111100111110011111001222300000333333000000000000000000003300003333000003303300300033003033003033003000330030330030330030000000
01111100111110011122003333300000333333000000000000000000003300003300300003303300300033003033003033003000330030330030330030000000
01111100112220022222002222200000222222000000000000000000003300303300303003303300303033003033003033003030330030330030330030000000
01111100111110011111001111100000111111000000000000000000033330300333000333000333003003330003330003330030033300033300033300000000
01111100111110033333003333300000333333000000000000000000000000000000000000000000000000000000000000000000000000000000000000000000
03333300333330033333003333300000333333000000000000000000000000000000000000000000000000000000000000000000000000000000000000000000
02222200333330033333002233300000222222000000000000000000000000000000000000000000000000000000000000000000000000000000000000000000
02222200222220022222002222200000222222000000000000000000000000000000000000000000000000000000000000000000000000000000000000000000
01111100111110011111001111100000111111000000000000000000000000000000000000000000000000000000000000000000000000000000000000000000
00000000000000000000000000000000000000000000000000000000000000000000000000000000000000000000000000000000000000000000000000000000
00000000000000000000000000000000000000000000000000000000000000000000000000000000000000000000000000000000000000000000000000000000

0x29824d02
00000000000000000000000000000000000000000000000000000000000000000000000000000000000000000000000000000000000000000000000000000000
01111100111110011111111110000111111111111000000000000000000000000000000000000000000000000000000000000000000000000000000000000000
03333300111110011133333333000333333333333000000000000000000000000000000000000000000000000000000000000000000000000000000000000000
01111100111110011111122223300333333333333000000000000000000000000000000000000000000000000000000000000000000000000000000000000000
01111100112220022222222222200222222222222000000000000000000000000000000000000000000000000000000000000000000000000000000000000000
01111100111110011111111111100111111111111000000000000000000000000000000000000000000000000000000000000000000000000000000000000000
03333300111110011111111111100111111111111000000000000000000000000033333000003333003333300333003300303300003333303333000000000000
03333300333330033333333333300333333311111000000000000000000003030030000000003300303300003300303300303300003300303300300000000000
03333300333330022222002222200000222233000000000000000000000033333033330000003300303300003300003300303300003300303300300000000000
02222200222220022222002222200000222222000000000000000000000003030000033000003333303333003303303300303300003333303333300000000000
01111100111110011111001111100000111111000000000000000000000033333000033000003303003300003300303300303300003300303303000000000000
01111101111110011111001111100000333333000000000000000000000003030030033000003300303300003300303300303300003300303300300000000000
01111111113330033333333333300000333333000000000000000000000000000003330000003300303333300333300333003333303300303300300000000000
01111111111110022222222333300000333332000000000000000000000000000000000000000000000000000000000000000000000000000000000000000000
01111222222200022222222222000000222222000000000000000000000000000000000000000000000000000000000000000000000000000000000000000000
01111111111000011111111110000000111111000000000000000000000000000000000000000000000000000000000000000000000000000000000000000000
03333333333300033333333333000000333333000000000000000000000000000000000000000000000000000000000000000000000000000000000000000000
03333333333330033333333333300000333221000000000000000000000000000000000000000000000000000000000000000000000000000000000000000000
03333322222220022222222222200000222222000000000000000000003300000333003333300333000003330003330003330000033300033300033300000000
02222202222220022221001111100000111111000000000000000000033300003300303000003300300033003033003033003000330030330030330030000000
01111100111110011111001111100000111111000000000000000000003300003300003333003300300033003033003033003000330030330030330030000000
03333300311110011111001111100000111111000000000000000000003300003333000003303300300033003033003033003000330030330030330030000000
02222200111110011111001111100000111111000000000000000000003300003300300003303300300033003033003033003000330030330030330030000000
02222200222220011111001111100000222222000000000000000000003300303300303003303300303033003033003033003030330030330030330030000000
01111100111110011111001111100000111111000000000000000000033330300333000333000333003003330003330003330030033300033300033300000000
01111100111110011111001111100000111111000000000000000000000000000000000000000000000000000000000000000000000000000000000000000000
01111100111110011111001333300000333333000000000000000000000000000000000000000000000000000000000000000000000000000000000000000000
03331100111110011111001111100000222233000000000000000000000000000000000000000000000000000000000000000000000000000000000000000000
01111100111110011122002222200000222222000000000000000000000000000000000000000000000000000000000000000000000000000000000000000000
01111100111110011111001111100000111111000000000000000000000000000000000000000000000000000000000000000000000000000000000000000000
00000000000000000000000000000000000000000000000000000000000000000000000000000000000000000000000000000000000000000000000000000000
00000000000000000000000000000000000000000000000000000000000000000000000000000000000000000000000000000000000000000000000000000000

0x29824dcd
00000000000000000000000000000000000000000000000000000000000000000000000000000000000000000000000000000000000000000000000000000000
01111100111110011111111110000111111111111000000000000000000000000000000000000000000000000000000000000000000000000000000000000000
03333300333330033333333333000333333331111000000000000000000000000000000000000000000000000000000000000000000000000000000000000000
03333300333330033333333332200111111111111000000000000000000000000000000000000000000000000000000000000000000000000000000000000000
02222200222220022222222222200221111111122000000000000000000000000000000000000000000000000000000000000000000000000000000000000000
01111100111110011111111111100111111111111000000000000000000000000000000000000000000000000000000000000000000000000000000000000000
01111100111110013333333333300333111111111000000000000000000000000033333000003333003333300333003300303300003333303333000000000000
03333300333330033333333333300333333333333000000000000000000003030030000000003300303300003300303300303300003300303300300000000000
02222300333330033333003333300000333333000000000000000000000033333033330000003300303300003300003300303300003300303300300000000000
02222200222220022222002222200000222222000000000000000000000003030000033000003333303333003303303300303300003333303333300000000000
01111100111110011111001111100000111111000000000000000000000033333000033000003303003300003300303300303300003300303303000000000000
01111101111110011111001111100000111111000000000000000000000003030030033000003300303300003300303300303300003300303300300000000000
01111111111110011111111111100000333333000000000000000000000000000003330000003300303333300333300333003333303300303300300000000000
01111111111110011111111111100000111222000000000000000000000000000000000000000000000000000000000000000000000000000000000000000000
01111111111100011111111111000000222222000000000000000000000000000000000000000000000000000000000000000000000000000000000000000000
01111111111000011111111110000000111111000000000000000000000000000000000000000000000000000000000000000000000000000000000000000000
03333333333300033333333333000000333333000000000000000000000000000000000000000000000000000000000000000000000000000000000000000000
03333333333330033333333333300000333333000000000000000000000000000000000000000000000000000000000000000000000000000000000000000000
01111122222220033333333333300000222222000000000000000000003300000333003333300333000003330003330003330000033300033300033300000000
01222202222220022222002222200000222222000000000000000000033300003300303000003300300033003033003033003000330030330030330030000000
01111100111110011111001111100000111111000000000000000000003300003300003333003300300033003033003033003000330030330030330030000000
03333300333330033333003333300000111111000000000000000000003300003333000003303300300033003033003033003000330030330030330030000000
03222200222220022222002222100000111111000000000000000000003300003300300003303300300033003033003033003000330030330030330030000000
02222200222220022222002222200000222111000000000000000000003300303300303003303300303033003033003033003030330030330030330030000000
01111100111110011111001111100000111111000000000000000000033330300333000333000333003003330003330003330030033300033300033300000000
01111100111110011111001111100000111111000000000000000000000000000000000000000000000000000000000000000000000000000000000000000000
01111100111110011111001111100000111111000000000000000000000000000000000000000000000000000000000000000000000000000000000000000000
03333300333330033333003333300000333331000000000000000000000000000000000000000000000000000000000000000000000000000000000000000000
03333300333330033332002211100000111111000000000000000000000000000000000000000000000000000000000000000000000000000000000000000000
02222200222220022222002222200000111111000000000000000000000000000000000000000000000000000000000000000000000000000000000000000000
00000000000000000000000000000000000000000000000000000000000000000000000000000000000000000000000000000000000000000000000000000000
00000000000000000000000000000000000000000000000000000000000000000000000000000000000000000000000000000000000000000000000000000000

0x29824e98
00000000000000000000000000000000000000000000000000000000000000000000000000000000000000000000000000000000000000000000000000000000
01111100111110011111111110000111111111111000000000000000000000000000000000000000000000000000000000000000000000000000000000000000
03333300333330033333333333000333333333333000000000000000000000000000000000000000000000000000000000000000000000000000000000000000
03333300333330033333333333300333333333333000000000000000000000000000000000000000000000000000000000000000000000000000000000000000
03333300333220022222222222200222222222222000000000000000000000000000000000000000000000000000000000000000000000000000000000000000
02222200222220022222222211100111111111111000000000000000000000000000000000000000000000000000000000000000000000000000000000000000
01111100111110011111111111100111111111111000000000000000000000000033333000003333003333300333003300303300003333303333000000000000
01111100111110011111111113300333333333333000000000000000000003030030000000003300303300003300303300303300003300303300300000000000
01111100111110011111003332200000333333000000000000000000000033333033330000003300303300003300003300303300003300303300300000000000
01111100111110011222002222200000222222000000000000000000000003030000033000003333303333003303303300303300003333303333300000000000
01111100111110011111001111100000111111000000000000000000000033333000033000003303003300003300303300303300003300303303000000000000
03333303111110011111001111100000111111000000000000000000000003030030033000003300303300003300303300303300003300303300300000000000
02221111111110011111111111100000111111000000000000000000000000000003330000003300303333300333300333003333303300303300300000000000
02222222222220022111111111100000111111000000000000000000000000000000000000000000000000000000000000000000000000000000000000000000
02222222222200022222111111000000111111000000000000000000000000000000000000000000000000000000000000000000000000000000000000000000
01111111111000011111111110000000111111000000000000000000000000000000000000000000000000000000000000000000000000000000000000000000
01111111111100033333333333000000333333000000000000000000000000000000000000000000000000000000000000000000000000000000000000000000
01111111111110012222222233300000333333000000000000000000000000000000000000000000000000000000000000000000000000000000000000000000
01111111111110011111111111100000222233000000000000000000003300000333003333300333000003330003330003330000033300033300033300000000
01111101111110011111001112200000222222000000000000000000033300003300303000003300300033003033003033003000330030330030330030000000
03333300333310011111001111100000111111000000000000000000003300003300003333003300300033003033003033003000330030330030330030000000
03333300333330033333003333300000333333000000000000000000003300003333000003303300300033003033003033003000330030330030330030000000
03333300333330033333002222200000222222000000000000000000003300003300300003303300300033003033003033003000330030330030330030000000
02222200222220022222002222200000222222000000000000000000003300303300303003303300303033003033003033003030330030330030330030000000
01111100111110011111001111100000111111000000000000000000033330300333000333000333003003330003330003330030033300033300033300000000
01111100111110011111001111100000111111000000000000000000000000000000000000000000000000000000000000000000000000000000000000000000
01111100111110011111001111100000111111000000000000000000000000000000000000000000000000000000000000000000000000000000000000000000
02221100111110033333003333300000333333000000000000000000000000000000000000000000000000000000000000000000000000000000000000000000
02222200111110011111001112200000333333000000000000000000000000000000000000000000000000000000000000000000000000000000000000000000
01111100111110011111002222200000222222000000000000000000000000000000000000000000000000000000000000000000000000000000000000000000
00000000000000000000000000000000000000000000000000000000000000000000000000000000000000000000000000000000000000000000000000000000
00000000000000000000000000000000000000000000000000000000000000000000000000000000000000000000000000000000000000000000000000000000

0x29824f63
00000000000000000000000000000000000000000000000000000000000000000000000000000000000000000000000000000000000000000000000000000000
01111100111110011111111110000111111111111000000000000000000000000000000000000000000000000000000000000000000000000000000000000000
01111100111130033333333333000333333333333000000000000000000000000000000000000000000000000000000000000000000000000000000000000000
01111100111110011111222223300333333333333000000000000000000000000000000000000000000000000000000000000000000000000000000000000000
02222200111110011111111112200233333333333000000000000000000000000000000000000000000000000000000000000000000000000000000000000000
01111100111110011111112222200222222222222000000000000000000000000000000000000000000000000000000000000000000000000000000000000000
01111100111110011111111111100111111111111000000000000000000000000033333000003333003333300333003300303300003333303333000000000000
01111100111110011111111111100111111111111000000000000000000003030030000000003300303300003300303300303300003300303300300000000000
01111100111110011111001111100000111111000000000000000000000033333033330000003300303300003300003300303300003300303300300000000000
02111100111110011111001111100000111111000000000000000000000003030000033000003333303333003303303300303300003333303333300000000000
01111100111110011111001111100000111111000000000000000000000033333000033000003303003300003300303300303300003300303303000000000000
03333303333330033333003333300000111111000000000000000000000003030030033000003300303300003300303300303300003300303300300000000000
03333333333330033333332221100000111111000000000000000000000000000003330000003300303333300333300333003333303300303300300000000000
03222222222220022222222222200000222222000000000000000000000000000000000000000000000000000000000000000000000000000000000000000000
02222222222200022222222222000000222222000000000000000000000000000000000000000000000000000000000000000000000000000000000000000000
01111111111000011111111110000000111111000000000000000000000000000000000000000000000000000000000000000000000000000000000000000000
01111111111100011111111111000000111133000000000000000000000000000000000000000000000000000000000000000000000000000000000000000000
01111111111110011111111111100000111111000000000000000000000000000000000000000000000000000000000000000000000000000000000000000000
01111111111110011111111111100000111111000000000000000000003300000333003333300333000003330003330003330000033300033300033300000000
01111101111110011111001111100000111111000000000000000000033300003300303000003300300033003033003033003000330030330030330030000000
03333300333330033333003333300000111111000000000000000000003300003300003333003300300033003033003033003000330030330030330030000000
01122200333330033333003333300000333333000000000000000000003300003333000003303300300033003033003033003000330030330030330030000000
03333300333330033333003333300000333333000000000000000000003300003300300003303300300033003033003033003000330030330030330030000000
02222200222220022222002222200000222222000000000000000000003300303300303003303300303033003033003033003030330030330030330030000000
01111100111110011111001111100000111111000000000000000000033330300333000333000333003003330003330003330030033300033300033300000000
03333300333330033333003331100000111111000000000000000000000000000000000000000000000000000000000000000000000000000000000000000000
03333300333330033322001111100000111111000000000000000000000000000000000000000000000000000000000000000000000000000000000000000000
02222200222220022222002222200000221111000000000000000000000000000000000000000000000000000000000000000000000000000000000000000000
02222200222220022222002222200000222221000000000000000000000000000000000000000000000000000000000000000000000000000000000000000000
01111100111110011111001111100000111111000000000000000000000000000000000000000000000000000000000000000000000000000000000000000000
00000000000000000000000000000000000000000000000000000000000000000000000000000000000000000000000000000000000000000000000000000000
00000000000000000000000000000000000000000000000000000000000000000000000000000000000000000000000000000000000000000000000000000000

0x2982506d
00000000000000000000000000000000000000000000000000000000000000000000000000000000000000000000000000000000000000000000000000000000
11111001111111111000011111111111100000000000000000000000000000000000000000000000000000000000000000000000000000000000000001111100
11113003333333333300033333333333300000000000000000000000000000000000000000000000000000000000000000000000000000000000000003333300
11111001111122222330033333333333300000000000000000000000000000000000000000000000000000000000000000000000000000000000000003333330
11111001111111111220023333333333300000000000000000000000000000000000000000000000000000000000000000000000000000000000000002222220
11111001111111222220022222222222200000000000000000000000000000000000000000000000000000000000000000000000000000000000000001111111
11111001111111111110011111111111100000000000000000000000003333300000333300333330033300330030330000333330333300000000000001111111
11111001111111111110011111111111100000000000000000000303003000000000330030330000330030330030330000330030330030000000000003333333
11111001111100111110000011111100000000000000000000003333303333000000330030330000330000330030330000330030330030000000000002222222
11111001111100111110000011111100000000000000000000000303000003300000333330333300330330330030330000333330333330000000000002222222
11111001111100111110000011111100000000000000000000003333300003300000330300330000330030330030330000330030330300000000000001111111
33333003333300333330000011111100000000000000000000000303003003300000330030330000330030330030330000330030330030000000000001111111
33333003333333222110000011111100000000000000000000000000000333000000330030333330033330033300333330330030330030000000000003333333
22222002222222222220000022222200000000000000000000000000000000000000000000000000000000000000000000000000000000000000000003333333
22220002222222222200000022222200000000000000000000000000000000000000000000000000000000000000000000000000000000000000000002222222
11100001111111111000000011111100000000000000000000000000000000000000000000000000000000000000000000000000000000000000000001111101
11110001111111111100000011113300000000000000000000000000000000000000000000000000000000000000000000000000000000000000000003333303
11111001111111111110000011111100000000000000000000000000000000000000000000000000000000000000000000000000000000000000000003333300
11111001111111111110000011111100000000000000000000330000033300333330033300000333000333000333000003330003330003330000000002222200
11111001111100111110000011111100000000000000000003330000330030300000330030003300303300303300300033003033003033003000000001111100
33333003333300333330000011111100000000000000000000330000330000333300330030003300303300303300300033003033003033003000000001111100
33333003333300333330000033333300000000000000000000330000333300000330330030003300303300303300300033003033003033003000000001111100
33333003333300333330000033333300000000000000000000330000330030000330330030003300303300303300300033003033003033003000000001111100
22222002222200222220000022222200000000000000000000330030330030300330330030303300303300303300303033003033003033003000000001111100
11111001111100111110000011111100000000000000000003333030033300033300033300300333000333000333003003330003330003330000000001111100
33333003333300333110000011111100000000000000000000000000000000000000000000000000000000000000000000000000000000000000000001111100
33333003332200111110000011111100000000000000000000000000000000000000000000000000000000000000000000000000000000000000000003333300
22222002222200222220000022111100000000000000000000000000000000000000000000000000000000000000000000000000000000000000000002222200
22222002222200222220000022222100000000000000000000000000000000000000000000000000000000000000000000000000000000000000000002222200
11111001111100111110000011111100000000000000000000000000000000000000000000000000000000000000000000000000000000000000000001111100
00000000000000000000000000000000000000000000000000000000000000000000000000000000000000000000000000000000000000000000000000000000
00000000000000000000000000000000000000000000000000000000000000000000000000000000000000000000000000000000000000000000000000000000

0x2982509b
00000000000000000000000000000000000000000000000000000000000000000000000000000000000000000000000000000000000000000000000000000000
11111111100001111111111110000000000000000000000000000000000000000000000000000000000000000000000000000000000000000111110000011111
33333333330003333333333330000000000000000000000000000000000000000000000000000000000000000000000000000000000000000333330000033333
11112222233003333333333330000000000000000000000000000000000000000000000000000000000000000000000000000000000000000333333000333333
11111111122002333333333330000000000000000000000000000000000000000000000000000000000000000000000000000000000000000222222000222222
11111122222002222222222220000000000000000000000000000000000000000000000000000000000000000000000000000000000000000111111101111111
11111111111001111111111110000000000000000000000000333330000033330033333003330033003033000033333033330000000000000111111101111111
11111111111001111111111110000000000000000000030300300000000033003033000033003033003033000033003033003000000000000333333333311111
11110011111000001111110000000000000000000000333330333300000033003033000033000033003033000033003033003000000000000222222222233333
11110011111000001111110000000000000000000000030300000330000033333033330033033033003033000033333033333000000000000222222222222222
11110011111000001111110000000000000000000000333330000330000033030033000033003033003033000033003033030000000000000111111111111111
33330033333000001111110000000000000000000000030300300330000033003033000033003033003033000033003033003000000000000111111111333333
33333322211000001111110000000000000000000000000000033300000033003033333003333003330033333033003033003000000000000333333333333333
22222222222000002222220000000000000000000000000000000000000000000000000000000000000000000000000000000000000000000333333333333332
22222222220000002222220000000000000000000000000000000000000000000000000000000000000000000000000000000000000000000222222222222222
11111111100000001111110000000000000000000000000000000000000000000000000000000000000000000000000000000000000000000111110111011111
11111111110000001111330000000000000000000000000000000000000000000000000000000000000000000000000000000000000000000333330333033333
11111111111000001111110000000000000000000000000000000000000000000000000000000000000000000000000000000000000000000333330030032211
11111111111000001111110000000000000000000033000003330033333003330000033300033300033300000333000333000333000000000222220020022222
11110011111000001111110000000000000000000333000033003030000033003000330030330030330030003300303300303300300000000111110000011111
33330033333000001111110000000000000000000033000033000033330033003000330030330030330030003300303300303300300000000111110000011111
33330033333000003333330000000000000000000033000033330000033033003000330030330030330030003300303300303300300000000111110000011111
33330033333000003333330000000000000000000033000033003000033033003000330030330030330030003300303300303300300000000111110000011111
22220022222000002222220000000000000000000033003033003030033033003030330030330030330030303300303300303300300000000111110000022222
11110011111000001111110000000000000000000333303003330003330003330030033300033300033300300333000333000333000000000111110000011111
33330033311000001111110000000000000000000000000000000000000000000000000000000000000000000000000000000000000000000111110000011113
33220011111000001111110000000000000000000000000000000000000000000000000000000000000000000000000000000000000000000333330000033333
22220022222000002211110000000000000000000000000000000000000000000000000000000000000000000000000000000000000000000222220000033333
22220022222000002222210000000000000000000000000000000000000000000000000000000000000000000000000000000000000000000222220000022222
11110011111000001111110000000000000000000000000000000000000000000000000000000000000000000000000000000000000000000111110000011111
00000000000000000000000000000000000000000000000000000000000000000000000000000000000000000000000000000000000000000000000000000000
00000000000000000000000000000000000000000000000000000000000000000000000000000000000000000000000000000000000000000000000000000000

0x298250bb
00000000000000000000000000000000000000000000000000000000000000000000000000000000000000000000000000000000000000000000000000000000
10000111111111111000000000000000000000000000000000000000000000000000000000000000000000000000000000000000011111000001111100111111
33000333333333333000000000000000000000000000000000000000000000000000000000000000000000000000000000000000033333000003333300333333
23300333333333333000000000000000000000000000000000000000000000000000000000000000000000000000000000000000033333300033333300332211
12200233333333333000000000000000000000000000000000000000000000000000000000000000000000000000000000000000022222200022222200222222
22200222222222222000000000000000000000000000000000000000000000000000000000000000000000000000000000000000011111110111111100111111
11100111111111111000000000000000000000000033333000003333003333300333003300303300003333303333000000000000011111110111111100111111
11100111111111111000000000000000000003030030000000003300303300003300303300303300003300303300300000000000033333333331111100111111
11100000111111000000000000000000000033333033330000003300303300003300003300303300003300303300300000000000022222222223333300333110
11100000111111000000000000000000000003030000033000003333303333003303303300303300003333303333300000000000022222222222222200222220
11100000111111000000000000000000000033333000033000003303003300003300303300303300003300303303000000000000011111111111111100111110
33300000111111000000000000000000000003030030033000003300303300003300303300303300003300303300300000000000011111111133333300333330
21100000111111000000000000000000000000000003330000003300303333300333300333003333303300303300300000000000033333333333333300333333
22200000222222000000000000000000000000000000000000000000000000000000000000000000000000000000000000000000033333333333333200233332
22000000222222000000000000000000000000000000000000000000000000000000000000000000000000000000000000000000022222222222222200222222
10000000111111000000000000000000000000000000000000000000000000000000000000000000000000000000000000000000011111011101111100111111
11000000111133000000000000000000000000000000000000000000000000000000000000000000000000000000000000000000033333033303333300333331
11100000111111000000000000000000000000000000000000000000000000000000000000000000000000000000000000000000033333003003221100111111
11100000111111000000000000000000003300000333003333300333000003330003330003330000033300033300033300000000022222002002222200111111
11100000111111000000000000000000033300003300303000003300300033003033003033003000330030330030330030000000011111000001111100111110
33300000111111000000000000000000003300003300003333003300300033003033003033003000330030330030330030000000011111000001111100113330
33300000333333000000000000000000003300003333000003303300300033003033003033003000330030330030330030000000011111000001111100111110
33300000333333000000000000000000003300003300300003303300300033003033003033003000330030330030330030000000011111000001111100223330
22200000222222000000000000000000003300303300303003303300303033003033003033003030330030330030330030000000011111000002222200222220
11100000111111000000000000000000033330300333000333000333003003330003330003330030033300033300033300000000011111000001111100111110
31100000111111000000000000000000000000000000000000000000000000000000000000000000000000000000000000000000011111000001111300333330
11100000111111000000000000000000000000000000000000000000000000000000000000000000000000000000000000000000033333000003333300333330
22200000221111000000000000000000000000000000000000000000000000000000000000000000000000000000000000000000022222000003333300332220
22200000222221000000000000000000000000000000000000000000000000000000000000000000000000000000000000000000022222000002222200222220
11100000111111000000000000000000000000000000000000000000000000000000000000000000000000000000000000000000011111000001111100111110
00000000000000000000000000000000000000000000000000000000000000000000000000000000000000000000000000000000000000000000000000000000
00000000000000000000000000000000000000000000000000000000000000000000000000000000000000000000000000000000000000000000000000000000

0x298250da
00000000000000000000000000000000000000000000000000000000000000000000000000000000000000000000000000000000000000000000000000000000
11111111100000000000000000000000000000000000000000000000000000000000000000000000000000000000000001111100000111110011111111110000
33333333300000000000000000000000000000000000000000000000000000000000000000000000000000000000000003333300000333330033333333311000
33333333300000000000000000000000000000000000000000000000000000000000000000000000000000000000000003333330003333330033221111111100
33333333300000000000000000000000000000000000000000000000000000000000000000000000000000000000000002222220002222220022222222222200
22222222200000000000000000000000000000000000000000000000000000000000000000000000000000000000000001111111011111110011111111111100
11111111100000000000000000000000003333300000333300333330033300330030330000333330333300000000000001111111011111110011111111111100
11111111100000000000000000000303003000000000330030330000330030330030330000330030330030000000000003333333333111110011111111111100
11111100000000000000000000003333303333000000330030330000330000330030330000330030330030000000000002222222222333330033311001111100
11111100000000000000000000000303000003300000333330333300330330330030330000333330333330000000000002222222222222220022222002211100
11111100000000000000000000003333300003300000330300330000330030330030330000330030330300000000000001111111111111110011111001111100
11111100000000000000000000000303003003300000330030330000330030330030330000330030330030000000000001111111113333330033333003333300
11111100000000000000000000000000000333000000330030333330033330033300333330330030330030000000000003333333333333330033333333333300
22222200000000000000000000000000000000000000000000000000000000000000000000000000000000000000000003333333333333320023333222222200
22222200000000000000000000000000000000000000000000000000000000000000000000000000000000000000000002222222222222220022222222222000
11111100000000000000000000000000000000000000000000000000000000000000000000000000000000000000000001111101110111110011111111110000
11113300000000000000000000000000000000000000000000000000000000000000000000000000000000000000000003333303330333330033333111111000
11111100000000000000000000000000000000000000000000000000000000000000000000000000000000000000000003333300300322110011111111111100
11111100000000000000000000330000033300333330033300000333000333000333000003330003330003330000000002222200200222220011111111111100
11111100000000000000000003330000330030300000330030003300303300303300300033003033003033003000000001111100000111110011111001111100
11111100000000000000000000330000330000333300330030003300303300303300300033003033003033003000000001111100000111110011333003333300
33333300000000000000000000330000333300000330330030003300303300303300300033003033003033003000000001111100000111110011111002333300
33333300000000000000000000330000330030000330330030003300303300303300300033003033003033003000000001111100000111110022333003333300
22222200000000000000000000330030330030300330330030303300303300303300303033003033003033003000000001111100000222220022222002222200
11111100000000000000000003333030033300033300033300300333000333000333003003330003330003330000000001111100000111110011111001111100
11111100000000000000000000000000000000000000000000000000000000000000000000000000000000000000000001111100000111130033333003333300
11111100000000000000000000000000000000000000000000000000000000000000000000000000000000000000000003333300000333330033333003333300
22111100000000000000000000000000000000000000000000000000000000000000000000000000000000000000000002222200000333330033222003332200
22222100000000000000000000000000000000000000000000000000000000000000000000000000000000000000000002222200000222220022222002222200
11111100000000000000000000000000000000000000000000000000000000000000000000000000000000000000000001111100000111110011111001111100
00000000000000000000000000000000000000000000000000000000000000000000000000000000000000000000000000000000000000000000000000000000
00000000000000000000000000000000000000000000000000000000000000000000000000000000000000000000000000000000000000000000000000000000

0x29825109
00000000000000000000000000000000000000000000000000000000000000000000000000000000000000000000000000000000000000000000000000000000
10000000000000000000000000000000000000000000000000000000000000000000000000000000000000000111110000011111001111111111000011111001
30000000000000000000000000000000000000000000000000000000000000000000000000000000000000000333330000033333003333333331100011111001
30000000000000000000000000000000000000000000000000000000000000000000000000000000000000000333333000333333003322111111110011111001
30000000000000000000000000000000000000000000000000000000000000000000000000000000000000000222222000222222002222222222220022211001
20000000000000000000000000000000000000000000000000000000000000000000000000000000000000000111111101111111001111111111110011111001
10000000000000000000000000333330000033330033333003330033003033000033333033330000000000000111111101111111001111111111110011111001
10000000000000000000030300300000000033003033000033003033003033000033003033003000000000000333333333311111001111111111110011111001
00000000000000000000333330333300000033003033000033000033003033000033003033003000000000000222222222233333003331100111110011111001
00000000000000000000030300000330000033333033330033033033003033000033333033333000000000000222222222222222002222200221110011111001
00000000000000000000333330000330000033030033000033003033003033000033003033030000000000000111111111111111001111100111110011111001
00000000000000000000030300300330000033003033000033003033003033000033003033003000000000000111111111333333003333300333330033333033
00000000000000000000000000033300000033003033333003333003330033333033003033003000000000000333333333333333003333333333330033333333
00000000000000000000000000000000000000000000000000000000000000000000000000000000000000000333333333333332002333322222220022222222
00000000000000000000000000000000000000000000000000000000000000000000000000000000000000000222222222222222002222222222200022222222
00000000000000000000000000000000000000000000000000000000000000000000000000000000000000000111110111011111001111111111000011111111
00000000000000000000000000000000000000000000000000000000000000000000000000000000000000000333330333033333003333311111100011111111
00000000000000000000000000000000000000000000000000000000000000000000000000000000000000000333330030032211001111111111110011111111
00000000000000000033000003330033333003330000033300033300033300000333000333000333000000000222220020022222001111111111110011111111
00000000000000000333000033003030000033003000330030330030330030003300303300303300300000000111110000011111001111100111110011111011
00000000000000000033000033000033330033003000330030330030330030003300303300303300300000000111110000011111001133300333330033333003
00000000000000000033000033330000033033003000330030330030330030003300303300303300300000000111110000011111001111100233330033333003
00000000000000000033000033003000033033003000330030330030330030003300303300303300300000000111110000011111002233300333330033333003
00000000000000000033003033003030033033003030330030330030330030303300303300303300300000000111110000022222002222200222220022222002
00000000000000000333303003330003330003330030033300033300033300300333000333000333000000000111110000011111001111100111110011111001
00000000000000000000000000000000000000000000000000000000000000000000000000000000000000000111110000011113003333300333330033333003
00000000000000000000000000000000000000000000000000000000000000000000000000000000000000000333330000033333003333300333330033333003
00000000000000000000000000000000000000000000000000000000000000000000000000000000000000000222220000033333003322200333220022222002
00000000000000000000000000000000000000000000000000000000000000000000000000000000000000000222220000022222002222200222220022222002
00000000000000000000000000000000000000000000000000000000000000000000000000000000000000000111110000011111001111100111110011111001
00000000000000000000000000000000000000000000000000000000000000000000000000000000000000000000000000000000000000000000000000000000
00000000000000000000000000000000000000000000000000000000000000000000000000000000000000000000000000000000000000000000000000000000

0x29825128
00000000000000000000000000000000000000000000000000000000000000000000000000000000000000000000000000000000000000000000000000000000
00000000000000000000000000000000000000000000000000000000000000000000000000000000011111000001111100111111111100001111100111110000
00000000000000000000000000000000000000000000000000000000000000000000000000000000033333000003333300333333333110001111100111330000
00000000000000000000000000000000000000000000000000000000000000000000000000000000033333300033333300332211111111001111100111110000
00000000000000000000000000000000000000000000000000000000000000000000000000000000022222200022222200222222222222002221100111110000
00000000000000000000000000000000000000000000000000000000000000000000000000000000011111110111111100111111111111001111100111110000
00000000000000000033333000003333003333300333003300303300003333303333000000000000011111110111111100111111111111001111100111110000
00000000000003030030000000003300303300003300303300303300003300303300300000000000033333333331111100111111111111001111100111110000
00000000000033333033330000003300303300003300003300303300003300303300300000000000022222222223333300333110011111001111100111110000
00000000000003030000033000003333303333003303303300303300003333303333300000000000022222222222222200222220022111001111100111110000
00000000000033333000033000003303003300003300303300303300003300303303000000000000011111111111111100111110011111001111100111110000
00000000000003030030033000003300303300003300303300303300003300303300300000000000011111111133333300333330033333003333303333330000
00000000000000000003330000003300303333300333300333003333303300303300300000000000033333333333333300333333333333003333333333320000
00000000000000000000000000000000000000000000000000000000000000000000000000000000033333333333333200233332222222002222222222220000
00000000000000000000000000000000000000000000000000000000000000000000000000000000022222222222222200222222222220002222222222200000
00000000000000000000000000000000000000000000000000000000000000000000000000000000011111011101111100111111111100001111111111000000
00000000000000000000000000000000000000000000000000000000000000000000000000000000033333033303333300333331111110001111111111100000
00000000000000000000000000000000000000000000000000000000000000000000000000000000033333003003221100111111111111001111111111110000
00000000003300000333003333300333000003330003330003330000033300033300033300000000022222002002222200111111111111001111111111110000
00000000033300003300303000003300300033003033003033003000330030330030330030000000011111000001111100111110011111001111101111110000
00000000003300003300003333003300300033003033003033003000330030330030330030000000011111000001111100113330033333003333300333330000
00000000003300003333000003303300300033003033003033003000330030330030330030000000011111000001111100111110023333003333300333330000
00000000003300003300300003303300300033003033003033003000330030330030330030000000011111000001111100223330033333003333300333330000
00000000003300303300303003303300303033003033003033003030330030330030330030000000011111000002222200222220022222002222200222220000
00000000033330300333000333000333003003330003330003330030033300033300033300000000011111000001111100111110011111001111100111110000
00000000000000000000000000000000000000000000000000000000000000000000000000000000011111000001111300333330033333003333300333330000
00000000000000000000000000000000000000000000000000000000000000000000000000000000033333000003333300333330033333003333300333330000
00000000000000000000000000000000000000000000000000000000000000000000000000000000022222000003333300332220033322002222200222220000
00000000000000000000000000000000000000000000000000000000000000000000000000000000022222000002222200222220022222002222200222220000
00000000000000000000000000000000000000000000000000000000000000000000000000000000011111000001111100111110011111001111100111110000
00000000000000000000000000000000000000000000000000000000000000000000000000000000000000000000000000000000000000000000000000000000
00000000000000000000000000000000000000000000000000000000000000000000000000000000000000000000000000000000000000000000000000000000

0x29825147
00000000000000000000000000000000000000000000000000000000000000000000000000000000000000000000000000000000000000000000000000000000
00000000000000000000000000000000000000000000000000000000000000000000000001111100000111110011111111110000111110011111000000000000
00000000000000000000000000000000000000000000000000000000000000000000000003333300000333330033333333311000111110011133000000000000
00000000000000000000000000000000000000000000000000000000000000000000000003333330003333330033221111111100111110011111000000000000
00000000000000000000000000000000000000000000000000000000000000000000000002222220002222220022222222222200222110011111000000000000
00000000000000000000000000000000000000000000000000000000000000000000000001111111011111110011111111111100111110011111000000000000
00000000003333300000333300333330033300330030330000333330333300000000000001111111011111110011111111111100111110011111000000000000
00000303003000000000330030330000330030330030330000330030330030000000000003333333333111110011111111111100111110011111000000000000
00003333303333000000330030330000330000330030330000330030330030000000000002222222222333330033311001111100111110011111000000000000
00000303000003300000333330333300330330330030330000333330333330000000000002222222222222220022222002211100111110011111000000000000
00003333300003300000330300330000330030330030330000330030330300000000000001111111111111110011111001111100111110011111000000000000
00000303003003300000330030330000330030330030330000330030330030000000000001111111113333330033333003333300333330333333000000000000
00000000000333000000330030333330033330033300333330330030330030000000000003333333333333330033333333333300333333333332000000000000
00000000000000000000000000000000000000000000000000000000000000000000000003333333333333320023333222222200222222222222000000000000
00000000000000000000000000000000000000000000000000000000000000000000000002222222222222220022222222222000222222222220000000000000
00000000000000000000000000000000000000000000000000000000000000000000000001111101110111110011111111110000111111111100000000000000
00000000000000000000000000000000000000000000000000000000000000000000000003333303330333330033333111111000111111111110000000000000
00000000000000000000000000000000000000000000000000000000000000000000000003333300300322110011111111111100111111111111000000000000
00330000033300333330033300000333000333000333000003330003330003330000000002222200200222220011111111111100111111111111000000000000
03330000330030300000330030003300303300303300300033003033003033003000000001111100000111110011111001111100111110111111000000000000
00330000330000333300330030003300303300303300300033003033003033003000000001111100000111110011333003333300333330033333000000000000
00330000333300000330330030003300303300303300300033003033003033003000000001111100000111110011111002333300333330033333000000000000
00330000330030000330330030003300303300303300300033003033003033003000000001111100000111110022333003333300333330033333000000000000
00330030330030300330330030303300303300303300303033003033003033003000000001111100000222220022222002222200222220022222000000000000
03333030033300033300033300300333000333000333003003330003330003330000000001111100000111110011111001111100111110011111000000000000
00000000000000000000000000000000000000000000000000000000000000000000000001111100000111130033333003333300333330033333000000000000
00000000000000000000000000000000000000000000000000000000000000000000000003333300000333330033333003333300333330033333000000000000
00000000000000000000000000000000000000000000000000000000000000000000000002222200000333330033222003332200222220022222000000000000
00000000000000000000000000000000000000000000000000000000000000000000000002222200000222220022222002222200222220022222000000000000
00000000000000000000000000000000000000000000000000000000000000000000000001111100000111110011111001111100111110011111000000000000
00000000000000000000000000000000000000000000000000000000000000000000000000000000000000000000000000000000000000000000000000000000
00000000000000000000000000000000000000000000000000000000000000000000000000000000000000000000000000000000000000000000000000000000

0x29825186
00000000000000000000000000000000000000000000000000000000000000000000000000000000000000000000000000000000000000000000000000000000
00000000000000000000000000000000000000000000000000000000000000000111110000011111001111111111000011111001111100000000000000000000
00000000000000000000000000000000000000000000000000000000000000000333330000033333003333333331100011111001113300000000000000000000
00000000000000000000000000000000000000000000000000000000000000000333333000333333003322111111110011111001111100000000000000000000
00000000000000000000000000000000000000000000000000000000000000000222222000222222002222222222220022211001111100000000000000000000
00000000000000000000000000000000000000000000000000000000000000000111111101111111001111111111110011111001111100000000000000000000
00333330000033330033333003330033003033000033333033330000000000000111111101111111001111111111110011111001111100000000000000000000
00300000000033003033000033003033003033000033003033003000000000000333333333311111001111111111110011111001111100000000000000000303
30333300000033003033000033000033003033000033003033003000000000000222222222233333003331100111110011111001111100000000000000003333
00000330000033333033330033033033003033000033333033333000000000000222222222222222002222200221110011111001111100000000000000000303
30000330000033030033000033003033003033000033003033030000000000000111111111111111001111100111110011111001111100000000000000003333
00300330000033003033000033003033003033000033003033003000000000000111111111333333003333300333330033333033333300000000000000000303
00033300000033003033333003333003330033333033003033003000000000000333333333333333003333333333330033333333333200000000000000000000
00000000000000000000000000000000000000000000000000000000000000000333333333333332002333322222220022222222222200000000000000000000
00000000000000000000000000000000000000000000000000000000000000000222222222222222002222222222200022222222222000000000000000000000
00000000000000000000000000000000000000000000000000000000000000000111110111011111001111111111000011111111110000000000000000000000
00000000000000000000000000000000000000000000000000000000000000000333330333033333003333311111100011111111111000000000000000000000
00000000000000000000000000000000000000000000000000000000000000000333330030032211001111111111110011111111111100000000000000000000
03330033333003330000033300033300033300000333000333000333000000000222220020022222001111111111110011111111111100000000000000330000
33003030000033003000330030330030330030003300303300303300300000000111110000011111001111100111110011111011111100000000000003330000
33000033330033003000330030330030330030003300303300303300300000000111110000011111001133300333330033333003333300000000000000330000
33330000033033003000330030330030330030003300303300303300300000000111110000011111001111100233330033333003333300000000000000330000
33003000033033003000330030330030330030003300303300303300300000000111110000011111002233300333330033333003333300000000000000330000
33003030033033003030330030330030330030303300303300303300300000000111110000022222002222200222220022222002222200000000000000330030
03330003330003330030033300033300033300300333000333000333000000000111110000011111001111100111110011111001111100000000000003333030
00000000000000000000000000000000000000000000000000000000000000000111110000011113003333300333330033333003333300000000000000000000
00000000000000000000000000000000000000000000000000000000000000000333330000033333003333300333330033333003333300000000000000000000
00000000000000000000000000000000000000000000000000000000000000000222220000033333003322200333220022222002222200000000000000000000
00000000000000000000000000000000000000000000000000000000000000000222220000022222002222200222220022222002222200000000000000000000
00000000000000000000000000000000000000000000000000000000000000000111110000011111001111100111110011111001111100000000000000000000
00000000000000000000000000000000000000000000000000000000000000000000000000000000000000000000000000000000000000000000000000000000
00000000000000000000000000000000000000000000000000000000000000000000000000000000000000000000000000000000000000000000000000000000

0x298251a5
00000000000000000000000000000000000000000000000000000000000000000000000000000000000000000000000000000000000000000000000000000000
00000000000000000000000000000000000000000000000000000000011111000001111100111111111100001111100111110000000000000000000000000000
00000000000000000000000000000000000000000000000000000000033333000003333300333333333110001111100111330000000000000000000000000000
00000000000000000000000000000000000000000000000000000000033333300033333300332211111111001111100111110000000000000000000000000000
00000000000000000000000000000000000000000000000000000000022222200022222200222222222222002221100111110000000000000000000000000000
00000000000000000000000000000000000000000000000000000000011111110111111100111111111111001111100111110000000000000000000000000000
00003333003333300333003300303300003333303333000000000000011111110111111100111111111111001111100111110000000000000000000000033300
00003300303300003300303300303300003300303300300000000000033333333331111100111111111111001111100111110000000000000000030300330030
00003300303300003300003300303300003300303300300000000000022222222223333300333110011111001111100111110000000000000000333330330000
00003333303333003303303300303300003333303333300000000000022222222222222200222220022111001111100111110000000000000000030300333300
00003303003300003300303300303300003300303303000000000000011111111111111100111110011111001111100111110000000000000000333330330030
00003300303300003300303300303300003300303300300000000000011111111133333300333330033333003333303333330000000000000000030300330030
00003300303333300333300333003333303300303300300000000000033333333333333300333333333333003333333333320000000000000000000000033300
00000000000000000000000000000000000000000000000000000000033333333333333200233332222222002222222222220000000000000000000000000000
00000000000000000000000000000000000000000000000000000000022222222222222200222222222220002222222222200000000000000000000000000000
00000000000000000000000000000000000000000000000000000000011111011101111100111111111100001111111111000000000000000000000000000000
00000000000000000000000000000000000000000000000000000000033333033303333300333331111110001111111111100000000000000000000000000000
00000000000000000000000000000000000000000000000000000000033333003003221100111111111111001111111111110000000000000000000000000000
33300333000003330003330003330000033300033300033300000000022222002002222200111111111111001111111111110000000000000033000033333003
00003300300033003033003033003000330030330030330030000000011111000001111100111110011111001111101111110000000000000333000030000033
33003300300033003033003033003000330030330030330030000000011111000001111100113330033333003333300333330000000000000033000033330033
03303300300033003033003033003000330030330030330030000000011111000001111100111110023333003333300333330000000000000033000000033033
03303300300033003033003033003000330030330030330030000000011111000001111100223330033333003333300333330000000000000033000000033033
03303300303033003033003033003030330030330030330030000000011111000002222200222220022222002222200222220000000000000033003030033033
33000333003003330003330003330030033300033300033300000000011111000001111100111110011111001111100111110000000000000333303003330003
00000000000000000000000000000000000000000000000000000000011111000001111300333330033333003333300333330000000000000000000000000000
00000000000000000000000000000000000000000000000000000000033333000003333300333330033333003333300333330000000000000000000000000000
00000000000000000000000000000000000000000000000000000000022222000003333300332220033322002222200222220000000000000000000000000000
00000000000000000000000000000000000000000000000000000000022222000002222200222220022222002222200222220000000000000000000000000000
00000000000000000000000000000000000000000000000000000000011111000001111100111110011111001111100111110000000000000000000000000000
00000000000000000000000000000000000000000000000000000000000000000000000000000000000000000000000000000000000000000000000000000000
00000000000000000000000000000000000000000000000000000000000000000000000000000000000000000000000000000000000000000000000000000000

0x298251c4
00000000000000000000000000000000000000000000000000000000000000000000000000000000000000000000000000000000000000000000000000000000
00000000000000000000000000000000000000000000000001111100000111110011111111110000111110011111000000000000000000000000000000000000
00000000000000000000000000000000000000000000000003333300000333330033333333311000111110011133000000000000000000000000000000000000
00000000000000000000000000000000000000000000000003333330003333330033221111111100111110011111000000000000000000000000000000000000
00000000000000000000000000000000000000000000000002222220002222220022222222222200222110011111000000000000000000000000000000000000
00000000000000000000000000000000000000000000000001111111011111110011111111111100111110011111000000000000000000000000000000000000
00333330033300330030330000333330333300000000000001111111011111110011111111111100111110011111000000000000000000000003330000003333
30330000330030330030330000330030330030000000000003333333333111110011111111111100111110011111000000000000000003030033003000003300
30330000330000330030330000330030330030000000000002222222222333330033311001111100111110011111000000000000000033333033000000003300
30333300330330330030330000333330333330000000000002222222222222220022222002211100111110011111000000000000000003030033330000003333
00330000330030330030330000330030330300000000000001111111111111110011111001111100111110011111000000000000000033333033003000003303
30330000330030330030330000330030330030000000000001111111113333330033333003333300333330333333000000000000000003030033003000003300
30333330033330033300333330330030330030000000000003333333333333330033333333333300333333333332000000000000000000000003330000003300
00000000000000000000000000000000000000000000000003333333333333320023333222222200222222222222000000000000000000000000000000000000
00000000000000000000000000000000000000000000000002222222222222220022222222222000222222222220000000000000000000000000000000000000
00000000000000000000000000000000000000000000000001111101110111110011111111110000111111111100000000000000000000000000000000000000
00000000000000000000000000000000000000000000000003333303330333330033333111111000111111111110000000000000000000000000000000000000
00000000000000000000000000000000000000000000000003333300300322110011111111111100111111111111000000000000000000000000000000000000
00000333000333000333000003330003330003330000000002222200200222220011111111111100111111111111000000000000003300003333300333000333
30003300303300303300300033003033003033003000000001111100000111110011111001111100111110111111000000000000033300003000003300303300
30003300303300303300300033003033003033003000000001111100000111110011333003333300333330033333000000000000003300003333003300303300
30003300303300303300300033003033003033003000000001111100000111110011111002333300333330033333000000000000003300000003303300303300
30003300303300303300300033003033003033003000000001111100000111110022333003333300333330033333000000000000003300000003303300303300
30303300303300303300303033003033003033003000000001111100000222220022222002222200222220022222000000000000003300303003303300303300
00300333000333000333003003330003330003330000000001111100000111110011111001111100111110011111000000000000033330300333000333000333
00000000000000000000000000000000000000000000000001111100000111130033333003333300333330033333000000000000000000000000000000000000
00000000000000000000000000000000000000000000000003333300000333330033333003333300333330033333000000000000000000000000000000000000
00000000000000000000000000000000000000000000000002222200000333330033222003332200222220022222000000000000000000000000000000000000
00000000000000000000000000000000000000000000000002222200000222220022222002222200222220022222000000000000000000000000000000000000
00000000000000000000000000000000000000000000000001111100000111110011111001111100111110011111000000000000000000000000000000000000
00000000000000000000000000000000000000000000000000000000000000000000000000000000000000000000000000000000000000000000000000000000
00000000000000000000000000000000000000000000000000000000000000000000000000000000000000000000000000000000000000000000000000000000

0x298251f3
00000000000000000000000000000000000000000000000000000000000000000000000000000000000000000000000000000000000000000000000000000000
00000000000000000000000000000000000000000111110000011111001111111111000011111001111100000000000000000000000000000000000000000000
00000000000000000000000000000000000000000333330000033333003333333331100011111001113300000000000000000000000000000000000000000000
00000000000000000000000000000000000000000333333000333333003322111111110011111001111100000000000000000000000000000000000000000000
00000000000000000000000000000000000000000222222000222222002222222222220022211001111100000000000000000000000000000000000000000000
00000000000000000000000000000000000000000111111101111111001111111111110011111001111100000000000000000000000000000000000000000000
03330033003033000033333033330000000000000111111101111111001111111111110011111001111100000000000000000000000333000000333300333330
33003033003033000033003033003000000000000333333333311111001111111111110011111001111100000000000000000303003300300000330030330000
33000033003033000033003033003000000000000222222222233333003331100111110011111001111100000000000000003333303300000000330030330000
33033033003033000033333033333000000000000222222222222222002222200221110011111001111100000000000000000303003333000000333330333300
33003033003033000033003033030000000000000111111111111111001111100111110011111001111100000000000000003333303300300000330300330000
33003033003033000033003033003000000000000111111111333333003333300333330033333033333300000000000000000303003300300000330030330000
03333003330033333033003033003000000000000333333333333333003333333333330033333333333200000000000000000000000333000000330030333330
00000000000000000000000000000000000000000333333333333332002333322222220022222222222200000000000000000000000000000000000000000000
00000000000000000000000000000000000000000222222222222222002222222222200022222222222000000000000000000000000000000000000000000000
00000000000000000000000000000000000000000111110111011111001111111111000011111111110000000000000000000000000000000000000000000000
00000000000000000000000000000000000000000333330333033333003333311111100011111111111000000000000000000000000000000000000000000000
00000000000000000000000000000000000000000333330030032211001111111111110011111111111100000000000000000000000000000000000000000000
00033300033300000333000333000333000000000222220020022222001111111111110011111111111100000000000000330000333330033300033300000333
30330030330030003300303300303300300000000111110000011111001111100111110011111011111100000000000003330000300000330030330030003300
30330030330030003300303300303300300000000111110000011111001133300333330033333003333300000000000000330000333300330030330030003300
30330030330030003300303300303300300000000111110000011111001111100233330033333003333300000000000000330000000330330030330030003300
30330030330030003300303300303300300000000111110000011111002233300333330033333003333300000000000000330000000330330030330030003300
30330030330030303300303300303300300000000111110000022222002222200222220022222002222200000000000000330030300330330030330030303300
00033300033300300333000333000333000000000111110000011111001111100111110011111001111100000000000003333030033300033300033300300333
00000000000000000000000000000000000000000111110000011113003333300333330033333003333300000000000000000000000000000000000000000000
00000000000000000000000000000000000000000333330000033333003333300333330033333003333300000000000000000000000000000000000000000000
00000000000000000000000000000000000000000222220000033333003322200333220022222002222200000000000000000000000000000000000000000000
00000000000000000000000000000000000000000222220000022222002222200222220022222002222200000000000000000000000000000000000000000000
00000000000000000000000000000000000000000111110000011111001111100111110011111001111100000000000000000000000000000000000000000000
00000000000000000000000000000000000000000000000000000000000000000000000000000000000000000000000000000000000000000000000000000000
00000000000000000000000000000000000000000000000000000000000000000000000000000000000000000000000000000000000000000000000000000000

0x29825212
00000000000000000000000000000000000000000000000000000000000000000000000000000000000000000000000000000000000000000000000000000000
00000000000000000000000000000000011111000001111100111111111100001111100111110000000000000000000000000000000000000000000000000000
00000000000000000000000000000000033333000003333300333333333110001111100111330000000000000000000000000000000000000000000000000000
00000000000000000000000000000000033333300033333300332211111111001111100111110000000000000000000000000000000000000000000000000000
00000000000000000000000000000000022222200022222200222222222222002221100111110000000000000000000000000000000000000000000000000000
00000000000000000000000000000000011111110111111100111111111111001111100111110000000000000000000000000000000000000000000000000000
00303300003333303333000000000000011111110111111100111111111111001111100111110000000000000000000000033300000033330033333003330033
00303300003300303300300000000000033333333331111100111111111111001111100111110000000000000000030300330030000033003033000033003033
00303300003300303300300000000000022222222223333300333110011111001111100111110000000000000000333330330000000033003033000033000033
00303300003333303333300000000000022222222222222200222220022111001111100111110000000000000000030300333300000033333033330033033033
00303300003300303303000000000000011111111111111100111110011111001111100111110000000000000000333330330030000033030033000033003033
00303300003300303300300000000000011111111133333300333330033333003333303333330000000000000000030300330030000033003033000033003033
33003333303300303300300000000000033333333333333300333333333333003333333333320000000000000000000000033300000033003033333003333003
00000000000000000000000000000000033333333333333200233332222222002222222222220000000000000000000000000000000000000000000000000000
00000000000000000000000000000000022222222222222200222222222220002222222222200000000000000000000000000000000000000000000000000000
00000000000000000000000000000000011111011101111100111111111100001111111111000000000000000000000000000000000000000000000000000000
00000000000000000000000000000000033333033303333300333331111110001111111111100000000000000000000000000000000000000000000000000000
00000000000000000000000000000000033333003003221100111111111111001111111111110000000000000000000000000000000000000000000000000000
03330000033300033300033300000000022222002002222200111111111111001111111111110000000000000033000033333003330003330000033300033300
33003000330030330030330030000000011111000001111100111110011111001111101111110000000000000333000030000033003033003000330030330030
33003000330030330030330030000000011111000001111100113330033333003333300333330000000000000033000033330033003033003000330030330030
33003000330030330030330030000000011111000001111100111110023333003333300333330000000000000033000000033033003033003000330030330030
33003000330030330030330030000000011111000001111100223330033333003333300333330000000000000033000000033033003033003000330030330030
33003030330030330030330030000000011111000002222200222220022222002222200222220000000000000033003030033033003033003030330030330030
03330030033300033300033300000000011111000001111100111110011111001111100111110000000000000333303003330003330003330030033300033300
00000000000000000000000000000000011111000001111300333330033333003333300333330000000000000000000000000000000000000000000000000000
00000000000000000000000000000000033333000003333300333330033333003333300333330000000000000000000000000000000000000000000000000000
00000000000000000000000000000000022222000003333300332220033322002222200222220000000000000000000000000000000000000000000000000000
00000000000000000000000000000000022222000002222200222220022222002222200222220000000000000000000000000000000000000000000000000000
00000000000000000000000000000000011111000001111100111110011111001111100111110000000000000000000000000000000000000000000000000000
00000000000000000000000000000000000000000000000000000000000000000000000000000000000000000000000000000000000000000000000000000000
00000000000000000000000000000000000000000000000000000000000000000000000000000000000000000000000000000000000000000000000000000000

0x29825241
00000000000000000000000000000000000000000000000000000000000000000000000000000000000000000000000000000000000000000000000000000000
00000000000000000000000001111100000111110011111111110000111110011111000000000000000000000000000000000000000000000000000000000000
00000000000000000000000003333300000333330033333333311000111110011133000000000000000000000000000000000000000000000000000000000000
00000000000000000000000003333330003333330033221111111100111110011111000000000000000000000000000000000000000000000000000000000000
00000000000000000000000002222220002222220022222222222200222110011111000000000000000000000000000000000000000000000000000000000000
00000000000000000000000001111111011111110011111111111100111110011111000000000000000000000000000000000000000000000000000000000000
00333330333300000000000001111111011111110011111111111100111110011111000000000000000000000003330000003333003333300333003300303300
00330030330030000000000003333333333111110011111111111100111110011111000000000000000003030033003000003300303300003300303300303300
00330030330030000000000002222222222333330033311001111100111110011111000000000000000033333033000000003300303300003300003300303300
00333330333330000000000002222222222222220022222002211100111110011111000000000000000003030033330000003333303333003303303300303300
00330030330300000000000001111111111111110011111001111100111110011111000000000000000033333033003000003303003300003300303300303300
00330030330030000000000001111111113333330033333003333300333330333333000000000000000003030033003000003300303300003300303300303300
30330030330030000000000003333333333333330033333333333300333333333332000000000000000000000003330000003300303333300333300333003333
00000000000000000000000003333333333333320023333222222200222222222222000000000000000000000000000000000000000000000000000000000000
00000000000000000000000002222222222222220022222222222000222222222220000000000000000000000000000000000000000000000000000000000000
00000000000000000000000001111101110111110011111111110000111111111100000000000000000000000000000000000000000000000000000000000000
00000000000000000000000003333303330333330033333111111000111111111110000000000000000000000000000000000000000000000000000000000000
00000000000000000000000003333300300322110011111111111100111111111111000000000000000000000000000000000000000000000000000000000000
03330003330003330000000002222200200222220011111111111100111111111111000000000000003300003333300333000333000003330003330003330000
33003033003033003000000001111100000111110011111001111100111110111111000000000000033300003000003300303300300033003033003033003000
33003033003033003000000001111100000111110011333003333300333330033333000000000000003300003333003300303300300033003033003033003000
33003033003033003000000001111100000111110011111002333300333330033333000000000000003300000003303300303300300033003033003033003000
33003033003033003000000001111100000111110022333003333300333330033333000000000000003300000003303300303300300033003033003033003000
33003033003033003000000001111100000222220022222002222200222220022222000000000000003300303003303300303300303033003033003033003030
03330003330003330000000001111100000111110011111001111100111110011111000000000000033330300333000333000333003003330003330003330030
00000000000000000000000001111100000111130033333003333300333330033333000000000000000000000000000000000000000000000000000000000000
00000000000000000000000003333300000333330033333003333300333330033333000000000000000000000000000000000000000000000000000000000000
00000000000000000000000002222200000333330033222003332200222220022222000000000000000000000000000000000000000000000000000000000000
00000000000000000000000002222200000222220022222002222200222220022222000000000000000000000000000000000000000000000000000000000000
00000000000000000000000001111100000111110011111001111100111110011111000000000000000000000000000000000000000000000000000000000000
00000000000000000000000000000000000000000000000000000000000000000000000000000000000000000000000000000000000000000000000000000000
00000000000000000000000000000000000000000000000000000000000000000000000000000000000000000000000000000000000000000000000000000000

0x29825261
00000000000000000000000000000000000000000000000000000000000000000000000000000000000000000000000000000000000000000000000000000000
00000000000000000111110000011111001111111111000011111001111100000000000000000000000000000000000000000000000000000000000000000000
00000000000000000333330000033333003333333331100011111001113300000000000000000000000000000000000000000000000000000000000000000000
00000000000000000333333000333333003322111111110011111001111100000000000000000000000000000000000000000000000000000000000000000000
00000000000000000222222000222222002222222222220022211001111100000000000000000000000000000000000000000000000000000000000000000000
00000000000000000111111101111111001111111111110011111001111100000000000000000000000000000000000000000000000000000000000000000000
33330000000000000111111101111111001111111111110011111001111100000000000000000000000333000000333300333330033300330030330000333330
33003000000000000333333333311111001111111111110011111001111100000000000000000303003300300000330030330000330030330030330000330030
33003000000000000222222222233333003331100111110011111001111100000000000000003333303300000000330030330000330000330030330000330030
33333000000000000222222222222222002222200221110011111001111100000000000000000303003333000000333330333300330330330030330000333330
33030000000000000111111111111111001111100111110011111001111100000000000000003333303300300000330300330000330030330030330000330030
33003000000000000111111111333333003333300333330033333033333300000000000000000303003300300000330030330000330030330030330000330030
33003000000000000333333333333333003333333333330033333333333200000000000000000000000333000000330030333330033330033300333330330030
00000000000000000333333333333332002333322222220022222222222200000000000000000000000000000000000000000000000000000000000000000000
00000000000000000222222222222222002222222222200022222222222000000000000000000000000000000000000000000000000000000000000000000000
00000000000000000111110111011111001111111111000011111111110000000000000000000000000000000000000000000000000000000000000000000000
00000000000000000333330333033333003333311111100011111111111000000000000000000000000000000000000000000000000000000000000000000000
00000000000000000333330030032211001111111111110011111111111100000000000000000000000000000000000000000000000000000000000000000000
33000333000000000222220020022222001111111111110011111111111100000000000000330000333330033300033300000333000333000333000003330003
00303300300000000111110000011111001111100111110011111011111100000000000003330000300000330030330030003300303300303300300033003033
00303300300000000111110000011111001133300333330033333003333300000000000000330000333300330030330030003300303300303300300033003033
00303300300000000111110000011111001111100233330033333003333300000000000000330000000330330030330030003300303300303300300033003033
00303300300000000111110000011111002233300333330033333003333300000000000000330000000330330030330030003300303300303300300033003033
00303300300000000111110000022222002222200222220022222002222200000000000000330030300330330030330030303300303300303300303033003033
33000333000000000111110000011111001111100111110011111001111100000000000003333030033300033300033300300333000333000333003003330003
00000000000000000111110000011113003333300333330033333003333300000000000000000000000000000000000000000000000000000000000000000000
00000000000000000333330000033333003333300333330033333003333300000000000000000000000000000000000000000000000000000000000000000000
00000000000000000222220000033333003322200333220022222002222200000000000000000000000000000000000000000000000000000000000000000000
00000000000000000222220000022222002222200222220022222002222200000000000000000000000000000000000000000000000000000000000000000000
00000000000000000111110000011111001111100111110011111001111100000000000000000000000000000000000000000000000000000000000000000000
00000000000000000000000000000000000000000000000000000000000000000000000000000000000000000000000000000000000000000000000000000000
00000000000000000000000000000000000000000000000000000000000000000000000000000000000000000000000000000000000000000000000000000000

0x2982528f
00000000000000000000000000000000000000000000000000000000000000000000000000000000000000000000000000000000000000000000000000000000
00000000011111000001111100111111111100001111100111110000000000000000000000000000000000000000000000000000000000000000000000000000
00000000033333000003333300333333333110001111100111330000000000000000000000000000000000000000000000000000000000000000000000000000
00000000033333300033333300332211111111001111100111110000000000000000000000000000000000000000000000000000000000000000000000000000
00000000022222200022222200222222222222002221100111110000000000000000000000000000000000000000000000000000000000000000000000000000
00000000011111110111111100111111111111001111100111110000000000000000000000000000000000000000000000000000000000000000000000000000
00000000011111110111111100111111111111001111100111110000000000000000000000033300000033330033333003330033003033000033333033330000
00000000033333333331111100111111111111001111100111110000000000000000030300330030000033003033000033003033003033000033003033003000
00000000022222222223333300333110011111001111100111110000000000000000333330330000000033003033000033000033003033000033003033003000
00000000022222222222222200222220022111001111100111110000000000000000030300333300000033333033330033033033003033000033333033333000
00000000011111111111111100111110011111001111100111110000000000000000333330330030000033030033000033003033003033000033003033030000
00000000011111111133333300333330033333003333303333330000000000000000030300330030000033003033000033003033003033000033003033003000
00000000033333333333333300333333333333003333333333320000000000000000000000033300000033003033333003333003330033333033003033003000
00000000033333333333333200233332222222002222222222220000000000000000000000000000000000000000000000000000000000000000000000000000
00000000022222222222222200222222222220002222222222200000000000000000000000000000000000000000000000000000000000000000000000000000
00000000011111011101111100111111111100001111111111000000000000000000000000000000000000000000000000000000000000000000000000000000
00000000033333033303333300333331111110001111111111100000000000000000000000000000000000000000000000000000000000000000000000000000
00000000033333003003221100111111111111001111111111110000000000000000000000000000000000000000000000000000000000000000000000000000
00000000022222002002222200111111111111001111111111110000000000000033000033333003330003330000033300033300033300000333000333000333
30000000011111000001111100111110011111001111101111110000000000000333000030000033003033003000330030330030330030003300303300303300
30000000011111000001111100113330033333003333300333330000000000000033000033330033003033003000330030330030330030003300303300303300
30000000011111000001111100111110023333003333300333330000000000000033000000033033003033003000330030330030330030003300303300303300
30000000011111000001111100223330033333003333300333330000000000000033000000033033003033003000330030330030330030003300303300303300
30000000011111000002222200222220022222002222200222220000000000000033003030033033003033003030330030330030330030303300303300303300
00000000011111000001111100111110011111001111100111110000000000000333303003330003330003330030033300033300033300300333000333000333
00000000011111000001111300333330033333003333300333330000000000000000000000000000000000000000000000000000000000000000000000000000
00000000033333000003333300333330033333003333300333330000000000000000000000000000000000000000000000000000000000000000000000000000
00000000022222000003333300332220033322002222200222220000000000000000000000000000000000000000000000000000000000000000000000000000
00000000022222000002222200222220022222002222200222220000000000000000000000000000000000000000000000000000000000000000000000000000
00000000011111000001111100111110011111001111100111110000000000000000000000000000000000000000000000000000000000000000000000000000
00000000000000000000000000000000000000000000000000000000000000000000000000000000000000000000000000000000000000000000000000000000
00000000000000000000000000000000000000000000000000000000000000000000000000000000000000000000000000000000000000000000000000000000

0x298252af
00000000000000000000000000000000000000000000000000000000000000000000000000000000000000000000000000000000000000000000000000000000
01111100000111110011111111110000111110011111000000000000000000000000000000000000000000000000000000000000000000000000000000000000
03333300000333330033333333311000111110011133000000000000000000000000000000000000000000000000000000000000000000000000000000000000
03333330003333330033221111111100111110011111000000000000000000000000000000000000000000000000000000000000000000000000000000000000
02222220002222220022222222222200222110011111000000000000000000000000000000000000000000000000000000000000000000000000000000000000
01111111011111110011111111111100111110011111000000000000000000000000000000000000000000000000000000000000000000000000000000000000
01111111011111110011111111111100111110011111000000000000000000000003330000003333003333300333003300303300003333303333000000000000
03333333333111110011111111111100111110011111000000000000000003030033003000003300303300003300303300303300003300303300300000000000
02222222222333330033311001111100111110011111000000000000000033333033000000003300303300003300003300303300003300303300300000000000
02222222222222220022222002211100111110011111000000000000000003030033330000003333303333003303303300303300003333303333300000000000
01111111111111110011111001111100111110011111000000000000000033333033003000003303003300003300303300303300003300303303000000000000
01111111113333330033333003333300333330333333000000000000000003030033003000003300303300003300303300303300003300303300300000000000
03333333333333330033333333333300333333333332000000000000000000000003330000003300303333300333300333003333303300303300300000000000
03333333333333320023333222222200222222222222000000000000000000000000000000000000000000000000000000000000000000000000000000000000
02222222222222220022222222222000222222222220000000000000000000000000000000000000000000000000000000000000000000000000000000000000
01111101110111110011111111110000111111111100000000000000000000000000000000000000000000000000000000000000000000000000000000000000
03333303330333330033333111111000111111111110000000000000000000000000000000000000000000000000000000000000000000000000000000000000
03333300300322110011111111111100111111111111000000000000000000000000000000000000000000000000000000000000000000000000000000000000
02222200200222220011111111111100111111111111000000000000003300003333300333000333000003330003330003330000033300033300033300000000
01111100000111110011111001111100111110111111000000000000033300003000003300303300300033003033003033003000330030330030330030000000
01111100000111110011333003333300333330033333000000000000003300003333003300303300300033003033003033003000330030330030330030000000
01111100000111110011111002333300333330033333000000000000003300000003303300303300300033003033003033003000330030330030330030000000
01111100000111110022333003333300333330033333000000000000003300000003303300303300300033003033003033003000330030330030330030000000
01111100000222220022222002222200222220022222000000000000003300303003303300303300303033003033003033003030330030330030330030000000
01111100000111110011111001111100111110011111000000000000033330300333000333000333003003330003330003330030033300033300033300000000
01111100000111130033333003333300333330033333000000000000000000000000000000000000000000000000000000000000000000000000000000000000
03333300000333330033333003333300333330033333000000000000000000000000000000000000000000000000000000000000000000000000000000000000
02222200000333330033222003332200222220022222000000000000000000000000000000000000000000000000000000000000000000000000000000000000
02222200000222220022222002222200222220022222000000000000000000000000000000000000000000000000000000000000000000000000000000000000
01111100000111110011111001111100111110011111000000000000000000000000000000000000000000000000000000000000000000000000000000000000
00000000000000000000000000000000000000000000000000000000000000000000000000000000000000000000000000000000000000000000000000000000
00000000000000000000000000000000000000000000000000000000000000000000000000000000000000000000000000000000000000000000000000000000

0x2982533b
00000000000000000000000000000000000000000000000000000000000000000000000000000000000000000000000000000000000000000000000000000000
01111100000111110011111111110000111110011111000000000000000000000000000000000000000000000000000000000000000000000000000000000000
03333300000111110033333333333000333330033333000000000000000000000000000000000000000000000000000000000000000000000000000000000000
01111110001111110011122223333300333330033333000000000000000000000000000000000000000000000000000000000000000000000000000000000000
01111110002222220022222222222200222220022222000000000000000000000000000000000000000000000000000000000000000000000000000000000000
01111111011111110011111111111100111110011111000000000000000000000000000000000000000000000000000000000000000000000000000000000000
03333331011111110011111111111100111110011111000000000000000000000003330000003333003333300333003300303300003333303333000000000000
03333333333333330033333333333300333310011111000000000000000003030033003000003300303300003300303300303300003300303300300000000000
03333333333332220022222002222200222230033333000000000000000033333033000000003300303300003300003300303300003300303300300000000000
02222222222222220022222002222200222220022222000000000000000003030033330000003333303333003303303300303300003333303333300000000000
01111111111111110011111001111100111110011111000000000000000033333033003000003303003300003300303300303300003300303303000000000000
01111111111111110011111001111100333330333333000000000000000003030033003000003300303300003300303300303300003300303300300000000000
01111111113333330033333333333300333333333333000000000000000000000003330000003300303333300333300333003333303300303300300000000000
01111111111111220022222333333300333332222333000000000000000000000000000000000000000000000000000000000000000000000000000000000000
01111222222222220022222222222000222222222220000000000000000000000000000000000000000000000000000000000000000000000000000000000000
01111101110111110011111111110000111111111100000000000000000000000000000000000000000000000000000000000000000000000000000000000000
03333303330333330033333333333000333333333330000000000000000000000000000000000000000000000000000000000000000000000000000000000000
03333300300333330033333333333300333221111111000000000000000000000000000000000000000000000000000000000000000000000000000000000000
03333300200222220022222222222200222222222111000000000000003300003333300333000333000003330003330003330000033300033300033300000000
02222200000222220021111001111100111110111111000000000000033300003000003300303300300033003033003033003000330030330030330030000000
01111100000111110011111001111100111110013333000000000000003300003333003300303300300033003033003033003000330030330030330030000000
03333300000111110011111001111100111110011112000000000000003300000003303300303300300033003033003033003000330030330030330030000000
02222200000111110011111001111100111110023333000000000000003300000003303300303300300033003033003033003000330030330030330030000000
02222200000222210011111001111100222220022222000000000000003300303003303300303300303033003033003033003030330030330030330030000000
01111100000111110011111001111100111110011111000000000000033330300333000333000333003003330003330003330030033300033300033300000000
01111100000111110011111001111100111110011111000000000000000000000000000000000000000000000000000000000000000000000000000000000000
01111100000111110011111003333300333330033333000000000000000000000000000000000000000000000000000000000000000000000000000000000000
03331100000111110011111001122200222230033333000000000000000000000000000000000000000000000000000000000000000000000000000000000000
01111100000111110022222002222200222220022222000000000000000000000000000000000000000000000000000000000000000000000000000000000000
01111100000111110011111001111100111110011111000000000000000000000000000000000000000000000000000000000000000000000000000000000000
00000000000000000000000000000000000000000000000000000000000000000000000000000000000000000000000000000000000000000000000000000000
00000000000000000000000000000000000000000000000000000000000000000000000000000000000000000000000000000000000000000000000000000000

0x298253b8
00000000000000000000000000000000000000000000000000000000000000000000000000000000000000000000000000000000000000000000000000000000
01111100000111110011111111110000111110011111000000000000000000000000000000000000000000000000000000000000000000000000000000000000
03333300000333330033333333333000333330011111000000000000000000000000000000000000000000000000000000000000000000000000000000000000
03333330003333330033333332221100111110011111000000000000000000000000000000000000000000000000000000000000000000000000000000000000
02222220002222220022222222222200111110022222000000000000000000000000000000000000000000000000000000000000000000000000000000000000
01111111011111110011111111111100111110011111000000000000000000000000000000000000000000000000000000000000000000000000000000000000
01111111011111110033333333333300111110011111000000000000000000000003330000003333003333300333003300303300003333303333000000000000
03333333333333330033333333333300333330033333000000000000000003030033003000003300303300003300303300303300003300303300300000000000
02222333333333330033333003333300333330022222000000000000000033333033000000003300303300003300003300303300003300303300300000000000
02222222222222220022222002222200222220022222000000000000000003030033330000003333303333003303303300303300003333303333300000000000
01111111111111110011111001111100111110011111000000000000000033333033003000003303003300003300303300303300003300303303000000000000
01111111111111110011111001111100111110111111000000000000000003030033003000003300303300003300303300303300003300303300300000000000
01111111111111110011111111111100333333333333000000000000000000000003330000003300303333300333300333003333303300303300300000000000
01111111111111110011111111111100111222222222000000000000000000000000000000000000000000000000000000000000000000000000000000000000
01111111111111110011111111222000222222222220000000000000000000000000000000000000000000000000000000000000000000000000000000000000
01111101110111110011111111110000111111111100000000000000000000000000000000000000000000000000000000000000000000000000000000000000
03333303330333330033333333333000333333333330000000000000000000000000000000000000000000000000000000000000000000000000000000000000
03333300300333330033333333333300333333333333000000000000000000000000000000000000000000000000000000000000000000000000000000000000
01111100200223330033333333333200222222222222000000000000003300003333300333000333000003330003330003330000033300033300033300000000
01222200000222220022222002222200222220222211000000000000033300003000003300303300300033003033003033003000330030330030330030000000
01111100000111110011111001111100111110011111000000000000003300003333003300303300300033003033003033003000330030330030330030000000
03333300000333330033333003333100111110011111000000000000003300000003303300303300300033003033003033003000330030330030330030000000
03222200000222220022222002111100111110011111000000000000003300000003303300303300300033003033003033003000330030330030330030000000
02222200000222220022222002222200222110011111000000000000003300303003303300303300303033003033003033003030330030330030330030000000
01111100000111110011111001111100111110011111000000000000033330300333000333000333003003330003330003330030033300033300033300000000
01111100000111110011111001111100111110011111000000000000000000000000000000000000000000000000000000000000000000000000000000000000
01111100000111110011111001111100111110011111000000000000000000000000000000000000000000000000000000000000000000000000000000000000
03333300000333330033333003333300333330011111000000000000000000000000000000000000000000000000000000000000000000000000000000000000
03333300000333330032222001111100111110011111000000000000000000000000000000000000000000000000000000000000000000000000000000000000
02222200000222220022222002222100111110011111000000000000000000000000000000000000000000000000000000000000000000000000000000000000
00000000000000000000000000000000000000000000000000000000000000000000000000000000000000000000000000000000000000000000000000000000
00000000000000000000000000000000000000000000000000000000000000000000000000000000000000000000000000000000000000000000000000000000

0x298254a3
00000000000000000000000000000000000000000000000000000000000000000000000000000000000000000000000000000000000000000000000000000000
01111100000111110011111111110000111110011111000000000000000000000000000000000000000000000000000000000000000000000000000000000000
03333300000333330033333333333000333330033333000000000000000000000000000000000000000000000000000000000000000000000000000000000000
03333330003333330033333333333300333330033333000000000000000000000000000000000000000000000000000000000000000000000000000000000000
03333330003222220022222222222200222220022222000000000000000000000000000000000000000000000000000000000000000000000000000000000000
02222222022222220022222211111100111110011111000000000000000000000000000000000000000000000000000000000000000000000000000000000000
01111111011111110011111111111100111110011333000000000000000000000003330000003333003333300333003300303300003333303333000000000000
01111111111111110011111113333300333330033333000000000000000003030033003000003300303300003300303300303300003300303300300000000000
01111111111111110011333002222200333330033333000000000000000033333033000000003300303300003300003300303300003300303300300000000000
01111111111111110022222002222200222220022222000000000000000003030033330000003333303333003303303300303300003333303333300000000000
01111111111111110011111001111100111110011111000000000000000033333033003000003303003300003300303300303300003300303303000000000000
03333333111111110011111001111100111110111111000000000000000003030033003000003300303300003300303300303300003300303300300000000000
02221111111111110011111111111100111111111111000000000000000000000003330000003300303333300333300333003333303300303300300000000000
02222222222222220011111111111100111111111111000000000000000000000000000000000000000000000000000000000000000000000000000000000000
02222222222222220022111111111000111111111110000000000000000000000000000000000000000000000000000000000000000000000000000000000000
01111101110111110011111111110000111111111100000000000000000000000000000000000000000000000000000000000000000000000000000000000000
01111101110113330033333333333000333333333330000000000000000000000000000000000000000000000000000000000000000000000000000000000000
01111100100111110022222233333300333333333333000000000000000000000000000000000000000000000000000000000000000000000000000000000000
01111100100111110011111111111200222233333333000000000000003300003333300333000333000003330003330003330000033300033300033300000000
01111100000111110011111002222200222220222222000000000000033300003000003300303300300033003033003033003000330030330030330030000000
03333300000311110011111001111100111110011111000000000000003300003333003300303300300033003033003033003000330030330030330030000000
03333300000333330033333003333300333330033333000000000000003300000003303300303300300033003033003033003000330030330030330030000000
03333300000333330033332002222200222220022222000000000000003300000003303300303300300033003033003033003000330030330030330030000000
02222200000222220022222002222200222220022222000000000000003300303003303300303300303033003033003033003030330030330030330030000000
01111100000111110011111001111100111110011111000000000000033330300333000333000333003003330003330003330030033300033300033300000000
01111100000111110011111001111100111110011111000000000000000000000000000000000000000000000000000000000000000000000000000000000000
01111100000111110011111001111100111110011111000000000000000000000000000000000000000000000000000000000000000000000000000000000000
02221100000111330033333003333300333330033333000000000000000000000000000000000000000000000000000000000000000000000000000000000000
02222200000111110011111002223300333330033333000000000000000000000000000000000000000000000000000000000000000000000000000000000000
01111100000111110011112002222200222220022222000000000000000000000000000000000000000000000000000000000000000000000000000000000000
00000000000000000000000000000000000000000000000000000000000000000000000000000000000000000000000000000000000000000000000000000000
00000000000000000000000000000000000000000000000000000000000000000000000000000000000000000000000000000000000000000000000000000000

0x2982558d
00000000000000000000000000000000000000000000000000000000000000000000000000000000000000000000000000000000000000000000000000000000
01111100000111110011111111110000111110011111000000000000000000000000000000000000000000000000000000000000000000000000000000000000
01111100000133330033333333333000333330033333000000000000000000000000000000000000000000000000000000000000000000000000000000000000
01111110001111110011222223333300333330033333000000000000000000000000000000000000000000000000000000000000000000000000000000000000
02222210001111110011111112222200333330033222000000000000000000000000000000000000000000000000000000000000000000000000000000000000
01111111011111110011112222222200222220022222000000000000000000000000000000000000000000000000000000000000000000000000000000000000
01111111011111110011111111111100111110011111000000000000000000000003330000003333003333300333003300303300003333303333000000000000
01111111111111110011111111111100111110011111000000000000000003030033003000003300303300003300303300303300003300303300300000000000
01111111111111110011111001111100111110011111000000000000000033333033000000003300303300003300003300303300003300303300300000000000
02111111111111110011111001111100111110011122000000000000000003030033330000003333303333003303303300303300003333303333300000000000
01111111111111110011111001111100111110011111000000000000000033333033003000003303003300003300303300303300003300303303000000000000
03333333333333330033333003333100111110111111000000000000000003030033003000003300303300003300303300303300003300303300300000000000
03333333333333330033332221111100111111111111000000000000000000000003330000003300303333300333300333003333303300303300300000000000
03222222222222220022222222222200222222111111000000000000000000000000000000000000000000000000000000000000000000000000000000000000
02222222222222220022222222222000222222222110000000000000000000000000000000000000000000000000000000000000000000000000000000000000
01111101110111110011111111110000111111111100000000000000000000000000000000000000000000000000000000000000000000000000000000000000
01111101110111110011111111111000111133333330000000000000000000000000000000000000000000000000000000000000000000000000000000000000
01111100100111110011111111111100111111122222000000000000000000000000000000000000000000000000000000000000000000000000000000000000
01111100100111110011111111111100111111111111000000000000003300003333300333000333000003330003330003330000033300033300033300000000
01111100000111110011111001111100111110111111000000000000033300003000003300303300300033003033003033003000330030330030330030000000
03333300000333330033333003333300111110011111000000000000003300003333003300303300300033003033003033003000330030330030330030000000
01122200000333330033333003333300333330033333000000000000003300000003303300303300300033003033003033003000330030330030330030000000
03333300000333330033333003333300333330033322000000000000003300000003303300303300300033003033003033003000330030330030330030000000
02222200000222220022222002222200222220022222000000000000003300303003303300303300303033003033003033003030330030330030330030000000
01111100000111110011111001111100111110011111000000000000033330300333000333000333003003330003330003330030033300033300033300000000
03333300000333330033333001111100111110011111000000000000000000000000000000000000000000000000000000000000000000000000000000000000
03333300000333330022211001111100111110011111000000000000000000000000000000000000000000000000000000000000000000000000000000000000
02222200000222220022222002222200221110011111000000000000000000000000000000000000000000000000000000000000000000000000000000000000
02222200000222220022222002222200222220011111000000000000000000000000000000000000000000000000000000000000000000000000000000000000
01111100000111110011111001111100111110011111000000000000000000000000000000000000000000000000000000000000000000000000000000000000
00000000000000000000000000000000000000000000000000000000000000000000000000000000000000000000000000000000000000000000000000000000
00000000000000000000000000000000000000000000000000000000000000000000000000000000000000000000000000000000000000000000000000000000

0x29825668
00000000000000000000000000000000000000000000000000000000000000000000000000000000000000000000000000000000000000000000000000000000
01111100000111110011111111110000111110011111000000000000000000000000000000000000000000000000000000000000000000000000000000000000
03333300000333330033333333311000111110011133000000000000000000000000000000000000000000000000000000000000000000000000000000000000
03333330003333330033221111111100111110011111000000000000000000000000000000000000000000000000000000000000000000000000000000000000
02222220002222220022222222222200222110011111000000000000000000000000000000000000000000000000000000000000000000000000000000000000
01111111011111110011111111111100111110011111000000000000000000000000000000000000000000000000000000000000000000000000000000000000
01111111011111110011111111111100111110011111000000000000000000000003330000003333003333300333003300303300003333303333000000000000
03333333333111110011111111111100111110011111000000000000000003030033003000003300303300003300303300303300003300303300300000000000
02222222222333330033311001111100111110011111000000000000000033333033000000003300303300003300003300303300003300303300300000000000
02222222222222220022222002211100111110011111000000000000000003030033330000003333303333003303303300303300003333303333300000000000
01111111111111110011111001111100111110011111000000000000000033333033003000003303003300003300303300303300003300303303000000000000
01111111113333330033333003333300333330333333000000000000000003030033003000003300303300003300303300303300003300303300300000000000
03333333333333330033333333333300333333333332000000000000000000000003330000003300303333300333300333003333303300303300300000000000
03333333333333320023333222222200222222222222000000000000000000000000000000000000000000000000000000000000000000000000000000000000
02222222222222220022222222222000222222222220000000000000000000000000000000000000000000000000000000000000000000000000000000000000
01111101110111110011111111110000111111111100000000000000000000000000000000000000000000000000000000000000000000000000000000000000
03333303330333330033333111111000111111111110000000000000000000000000000000000000000000000000000000000000000000000000000000000000
03333300300322110011111111111100111111111111000000000000000000000000000000000000000000000000000000000000000000000000000000000000
02222200200222220011111111111100111111111111000000000000003300003333300333000333000003330003330003330000033300033300033300000000
01111100000111110011111001111100111110111111000000000000033300003000003300303300300033003033003033003000330030330030330030000000
01111100000111110011333003333300333330033333000000000000003300003333003300303300300033003033003033003000330030330030330030000000
01111100000111110011111002333300333330033333000000000000003300000003303300303300300033003033003033003000330030330030330030000000
01111100000111110022333003333300333330033333000000000000003300000003303300303300300033003033003033003000330030330030330030000000
01111100000222220022222002222200222220022222000000000000003300303003303300303300303033003033003033003030330030330030330030000000
01111100000111110011111001111100111110011111000000000000033330300333000333000333003003330003330003330030033300033300033300000000
01111100000111130033333003333300333330033333000000000000000000000000000000000000000000000000000000000000000000000000000000000000
03333300000333330033333003333300333330033333000000000000000000000000000000000000000000000000000000000000000000000000000000000000
02222200000333330033222003332200222220022222000000000000000000000000000000000000000000000000000000000000000000000000000000000000
02222200000222220022222002222200222220022222000000000000000000000000000000000000000000000000000000000000000000000000000000000000
01111100000111110011111001111100111110011111000000000000000000000000000000000000000000000000000000000000000000000000000000000000
00000000000000000000000000000000000000000000000000000000000000000000000000000000000000000000000000000000000000000000000000000000
00000000000000000000000000000000000000000000000000000000000000000000000000000000000000000000000000000000000000000000000000000000

0x29825752
00000000000000000000000000000000000000000000000000000000000000000000000000000000000000000000000000000000000000000000000000000000
01111100000111110011111111110000111110011111000000000000000000000000000000000000000000000000000000000000000000000000000000000000
03333300000111110033333333333000333330033333000000000000000000000000000000000000000000000000000000000000000000000000000000000000
01111110001111110011122223333300333330033333000000000000000000000000000000000000000000000000000000000000000000000000000000000000
01111110002222220022222222222200222220022222000000000000000000000000000000000000000000000000000000000000000000000000000000000000
01111111011111110011111111111100111110011111000000000000000000000000000000000000000000000000000000000000000000000000000000000000
03333331011111110011111111111100111110011111000000000000000000000003330000003333003333300333003300303300003333303333000000000000
03333333333333330033333333333300333310011111000000000000000003030033003000003300303300003300303300303300003300303300300000000000
03333333333332220022222002222200222230033333000000000000000033333033000000003300303300003300003300303300003300303300300000000000
02222222222222220022222002222200222220022222000000000000000003030033330000003333303333003303303300303300003333303333300000000000
01111111111111110011111001111100111110011111000000000000000033333033003000003303003300003300303300303300003300303303000000000000
01111111111111110011111001111100333330333333000000000000000003030033003000003300303300003300303300303300003300303300300000000000
01111111113333330033333333333300333333333333000000000000000000000003330000003300303333300333300333003333303300303300300000000000
01111111111111220022222333333300333332222333000000000000000000000000000000000000000000000000000000000000000000000000000000000000
01111222222222220022222222222000222222222220000000000000000000000000000000000000000000000000000000000000000000000000000000000000
01111101110111110011111111110000111111111100000000000000000000000000000000000000000000000000000000000000000000000000000000000000
03333303330333330033333333333000333333333330000000000000000000000000000000000000000000000000000000000000000000000000000000000000
03333300300333330033333333333300333221111111000000000000000000000000000000000000000000000000000000000000000000000000000000000000
03333300200222220022222222222200222222222111000000000000003300003333300333000333000003330003330003330000033300033300033300000000
02222200000222220021111001111100111110111111000000000000033300003000003300303300300033003033003033003000330030330030330030000000
01111100000111110011111001111100111110013333000000000000003300003333003300303300300033003033003033003000330030330030330030000000
03333300000111110011111001111100111110011112000000000000003300000003303300303300300033003033003033003000330030330030330030000000
02222200000111110011111001111100111110023333000000000000003300000003303300303300300033003033003033003000330030330030330030000000
02222200000222210011111001111100222220022222000000000000003300303003303300303300303033003033003033003030330030330030330030000000
01111100000111110011111001111100111110011111000000000000033330300333000333000333003003330003330003330030033300033300033300000000
01111100000111110011111001111100111110011111000000000000000000000000000000000000000000000000000000000000000000000000000000000000
01111100000111110011111003333300333330033333000000000000000000000000000000000000000000000000000000000000000000000000000000000000
03331100000111110011111001122200222230033333000000000000000000000000000000000000000000000000000000000000000000000000000000000000
01111100000111110022222002222200222220022222000000000000000000000000000000000000000000000000000000000000000000000000000000000000
01111100000111110011111001111100111110011111000000000000000000000000000000000000000000000000000000000000000000000000000000000000
00000000000000000000000000000000000000000000000000000000000000000000000000000000000000000000000000000000000000000000000000000000
00000000000000000000000000000000000000000000000000000000000000000000000000000000000000000000000000000000000000000000000000000000

0x2982583d
00000000000000000000000000000000000000000000000000000000000000000000000000000000000000000000000000000000000000000000000000000000
01111100000111110011111111110000111110011111000000000000000000000000000000000000000000000000000000000000000000000000000000000000
03333300000333330033333333333000333330011111000000000000000000000000000000000000000000000000000000000000000000000000000000000000
03333330003333330033333332221100111110011111000000000000000000000000000000000000000000000000000000000000000000000000000000000000
02222220002222220022222222222200111110022222000000000000000000000000000000000000000000000000000000000000000000000000000000000000
01111111011111110011111111111100111110011111000000000000000000000000000000000000000000000000000000000000000000000000000000000000
01111111011111110033333333333300111110011111000000000000000000000003330000003333003333300333003300303300003333303333000000000000
03333333333333330033333333333300333330033333000000000000000003030033003000003300303300003300303300303300003300303300300000000000
02222333333333330033333003333300333330022222000000000000000033333033000000003300303300003300003300303300003300303300300000000000
02222222222222220022222002222200222220022222000000000000000003030033330000003333303333003303303300303300003333303333300000000000
01111111111111110011111001111100111110011111000000000000000033333033003000003303003300003300303300303300003300303303000000000000
01111111111111110011111001111100111110111111000000000000000003030033003000003300303300003300303300303300003300303300300000000000
01111111111111110011111111111100333333333333000000000000000000000003330000003300303333300333300333003333303300303300300000000000
01111111111111110011111111111100111222222222000000000000000000000000000000000000000000000000000000000000000000000000000000000000
01111111111111110011111111222000222222222220000000000000000000000000000000000000000000000000000000000000000000000000000000000000
01111101110111110011111111110000111111111100000000000000000000000000000000000000000000000000000000000000000000000000000000000000
03333303330333330033333333333000333333333330000000000000000000000000000000000000000000000000000000000000000000000000000000000000
03333300300333330033333333333300333333333333000000000000000000000000000000000000000000000000000000000000000000000000000000000000
01111100200223330033333333333200222222222222000000000000003300003333300333000333000003330003330003330000033300033300033300000000
01222200000222220022222002222200222220222211000000000000033300003000003300303300300033003033003033003000330030330030330030000000
01111100000111110011111001111100111110011111000000000000003300003333003300303300300033003033003033003000330030330030330030000000
03333300000333330033333003333100111110011111000000000000003300000003303300303300300033003033003033003000330030330030330030000000
03222200000222220022222002111100111110011111000000000000003300000003303300303300300033003033003033003000330030330030330030000000
02222200000222220022222002222200222110011111000000000000003300303003303300303300303033003033003033003030330030330030330030000000
01111100000111110011111001111100111110011111000000000000033330300333000333000333003003330003330003330030033300033300033300000000
01111100000111110011111001111100111110011111000000000000000000000000000000000000000000000000000000000000000000000000000000000000
01111100000111110011111001111100111110011111000000000000000000000000000000000000000000000000000000000000000000000000000000000000
03333300000333330033333003333300333330011111000000000000000000000000000000000000000000000000000000000000000000000000000000000000
03333300000333330032222001111100111110011111000000000000000000000000000000000000000000000000000000000000000000000000000000000000
02222200000222220022222002222100111110011111000000000000000000000000000000000000000000000000000000000000000000000000000000000000
00000000000000000000000000000000000000000000000000000000000000000000000000000000000000000000000000000000000000000000000000000000
00000000000000000000000000000000000000000000000000000000000000000000000000000000000000000000000000000000000000000000000000000000

0x29825927
00000000000000000000000000000000000000000000000000000000000000000000000000000000000000000000000000000000000000000000000000000000
01111100000111110011111111110000111110011111000000000000000000000000000000000000000000000000000000000000000000000000000000000000
03333300000333330033333333333000333330033333000000000000000000000000000000000000000000000000000000000000000000000000000000000000
03333330003333330033333333333300333330033333000000000000000000000000000000000000000000000000000000000000000000000000000000000000
03333330003222220022222222222200222220022222000000000000000000000000000000000000000000000000000000000000000000000000000000000000
02222222022222220022222211111100111110011111000000000000000000000000000000000000000000000000000000000000000000000000000000000000
01111111011111110011111111111100111110011333000000000000000000000003330000003333003333300333003300303300003333303333000000000000
01111111111111110011111113333300333330033333000000000000000003030033003000003300303300003300303300303300003300303300300000000000
01111111111111110011333002222200333330033333000000000000000033333033000000003300303300003300003300303300003300303300300000000000
01111111111111110022222002222200222220022222000000000000000003030033330000003333303333003303303300303300003333303333300000000000
01111111111111110011111001111100111110011111000000000000000033333033003000003303003300003300303300303300003300303303000000000000
03333333111111110011111001111100111110111111000000000000000003030033003000003300303300003300303300303300003300303300300000000000
02221111111111110011111111111100111111111111000000000000000000000003330000003300303333300333300333003333303300303300300000000000
02222222222222220011111111111100111111111111000000000000000000000000000000000000000000000000000000000000000000000000000000000000
02222222222222220022111111111000111111111110000000000000000000000000000000000000000000000000000000000000000000000000000000000000
01111101110111110011111111110000111111111100000000000000000000000000000000000000000000000000000000000000000000000000000000000000
01111101110113330033333333333000333333333330000000000000000000000000000000000000000000000000000000000000000000000000000000000000
01111100100111110022222233333300333333333333000000000000000000000000000000000000000000000000000000000000000000000000000000000000
01111100100111110011111111111200222233333333000000000000003300003333300333000333000003330003330003330000033300033300033300000000
01111100000111110011111002222200222220222222000000000000033300003000003300303300300033003033003033003000330030330030330030000000
03333300000311110011111001111100111110011111000000000000003300003333003300303300300033003033003033003000330030330030330030000000
03333300000333330033333003333300333330033333000000000000003300000003303300303300300033003033003033003000330030330030330030000000
03333300000333330033332002222200222220022222000000000000003300000003303300303300300033003033003033003000330030330030330030000000
02222200000222220022222002222200222220022222000000000000003300303003303300303300303033003033003033003030330030330030330030000000
01111100000111110011111001111100111110011111000000000000033330300333000333000333003003330003330003330030033300033300033300000000
01111100000111110011111001111100111110011111000000000000000000000000000000000000000000000000000000000000000000000000000000000000
01111100000111110011111001111100111110011111000000000000000000000000000000000000000000000000000000000000000000000000000000000000
02221100000111330033333003333300333330033333000000000000000000000000000000000000000000000000000000000000000000000000000000000000
02222200000111110011111002223300333330033333000000000000000000000000000000000000000000000000000000000000000000000000000000000000
01111100000111110011112002222200222220022222000000000000000000000000000000000000000000000000000000000000000000000000000000000000
00000000000000000000000000000000000000000000000000000000000000000000000000000000000000000000000000000000000000000000000000000000
00000000000000000000000000000000000000000000000000000000000000000000000000000000000000000000000000000000000000000000000000000000

0x29825a11
00000000000000000000000000000000000000000000000000000000000000000000000000000000000000000000000000000000000000000000000000000000
01111100000111110011111111110000111110011111000000000000000000000000000000000000000000000000000000000000000000000000000000000000
01111100000133330033333333333000333330033333000000000000000000000000000000000000000000000000000000000000000000000000000000000000
01111110001111110011222223333300333330033333000000000000000000000000000000000000000000000000000000000000000000000000000000000000
02222210001111110011111112222200333330033222000000000000000000000000000000000000000000000000000000000000000000000000000000000000
01111111011111110011112222222200222220022222000000000000000000000000000000000000000000000000000000000000000000000000000000000000
01111111011111110011111111111100111110011111000000000000000000000003330000003333003333300333003300303300003333303333000000000000
01111111111111110011111111111100111110011111000000000000000003030033003000003300303300003300303300303300003300303300300000000000
01111111111111110011111001111100111110011111000000000000000033333033000000003300303300003300003300303300003300303300300000000000
02111111111111110011111001111100111110011122000000000000000003030033330000003333303333003303303300303300003333303333300000000000
01111111111111110011111001111100111110011111000000000000000033333033003000003303003300003300303300303300003300303303000000000000
03333333333333330033333003333100111110111111000000000000000003030033003000003300303300003300303300303300003300303300300000000000
03333333333333330033332221111100111111111111000000000000000000000003330000003300303333300333300333003333303300303300300000000000
03222222222222220022222222222200222222111111000000000000000000000000000000000000000000000000000000000000000000000000000000000000
02222222222222220022222222222000222222222110000000000000000000000000000000000000000000000000000000000000000000000000000000000000
01111101110111110011111111110000111111111100000000000000000000000000000000000000000000000000000000000000000000000000000000000000
01111101110111110011111111111000111133333330000000000000000000000000000000000000000000000000000000000000000000000000000000000000
01111100100111110011111111111100111111122222000000000000000000000000000000000000000000000000000000000000000000000000000000000000
01111100100111110011111111111100111111111111000000000000003300003333300333000333000003330003330003330000033300033300033300000000
01111100000111110011111001111100111110111111000000000000033300003000003300303300300033003033003033003000330030330030330030000000
03333300000333330033333003333300111110011111000000000000003300003333003300303300300033003033003033003000330030330030330030000000
01122200000333330033333003333300333330033333000000000000003300000003303300303300300033003033003033003000330030330030330030000000
03333300000333330033333003333300333330033322000000000000003300000003303300303300300033003033003033003000330030330030330030000000
02222200000222220022222002222200222220022222000000000000003300303003303300303300303033003033003033003030330030330030330030000000
01111100000111110011111001111100111110011111000000000000033330300333000333000333003003330003330003330030033300033300033300000000
03333300000333330033333001111100111110011111000000000000000000000000000000000000000000000000000000000000000000000000000000000000
03333300000333330022211001111100111110011111000000000000000000000000000000000000000000000000000000000000000000000000000000000000
02222200000222220022222002222200221110011111000000000000000000000000000000000000000000000000000000000000000000000000000000000000
02222200000222220022222002222200222220011111000000000000000000000000000000000000000000000000000000000000000000000000000000000000
01111100000111110011111001111100111110011111000000000000000000000000000000000000000000000000000000000000000000000000000000000000
00000000000000000000000000000000000000000000000000000000000000000000000000000000000000000000000000000000000000000000000000000000
00000000000000000000000000000000000000000000000000000000000000000000000000000000000000000000000000000000000000000000000000000000

0x29825afc
00000000000000000000000000000000000000000000000000000000000000000000000000000000000000000000000000000000000000000000000000000000
01111100000111110011111111110000111110011111000000000000000000000000000000000000000000000000000000000000000000000000000000000000
03333300000333330033333333311000111110011133000000000000000000000000000000000000000000000000000000000000000000000000000000000000
03333330003333330033221111111100111110011111000000000000000000000000000000000000000000000000000000000000000000000000000000000000
02222220002222220022222222222200222110011111000000000000000000000000000000000000000000000000000000000000000000000000000000000000
01111111011111110011111111111100111110011111000000000000000000000000000000000000000000000000000000000000000000000000000000000000
01111111011111110011111111111100111110011111000000000000000000000003330000003333003333300333003300303300003333303333000000000000
03333333333111110011111111111100111110011111000000000000000003030033003000003300303300003300303300303300003300303300300000000000
02222222222333330033311001111100111110011111000000000000000033333033000000003300303300003300003300303300003300303300300000000000
02222222222222220022222002211100111110011111000000000000000003030033330000003333303333003303303300303300003333303333300000000000
01111111111111110011111001111100111110011111000000000000000033333033003000003303003300003300303300303300003300303303000000000000
01111111113333330033333003333300333330333333000000000000000003030033003000003300303300003300303300303300003300303300300000000000
03333333333333330033333333333300333333333332000000000000000000000003330000003300303333300333300333003333303300303300300000000000
03333333333333320023333222222200222222222222000000000000000000000000000000000000000000000000000000000000000000000000000000000000
02222222222222220022222222222000222222222220000000000000000000000000000000000000000000000000000000000000000000000000000000000000
01111101110111110011111111110000111111111100000000000000000000000000000000000000000000000000000000000000000000000000000000000000
03333303330333330033333111111000111111111110000000000000000000000000000000000000000000000000000000000000000000000000000000000000
03333300300322110011111111111100111111111111000000000000000000000000000000000000000000000000000000000000000000000000000000000000
02222200200222220011111111111100111111111111000000000000003300003333300333000333000003330003330003330000033300033300033300000000
01111100000111110011111001111100111110111111000000000000033300003000003300303300300033003033003033003000330030330030330030000000
01111100000111110011333003333300333330033333000000000000003300003333003300303300300033003033003033003000330030330030330030000000
01111100000111110011111002333300333330033333000000000000003300000003303300303300300033003033003033003000330030330030330030000000
01111100000111110022333003333300333330033333000000000000003300000003303300303300300033003033003033003000330030330030330030000000
01111100000222220022222002222200222220022222000000000000003300303003303300303300303033003033003033003030330030330030330030000000
01111100000111110011111001111100111110011111000000000000033330300333000333000333003003330003330003330030033300033300033300000000
01111100000111130033333003333300333330033333000000000000000000000000000000000000000000000000000000000000000000000000000000000000
03333300000333330033333003333300333330033333000000000000000000000000000000000000000000000000000000000000000000000000000000000000
02222200000333330033222003332200222220022222000000000000000000000000000000000000000000000000000000000000000000000000000000000000
02222200000222220022222002222200222220022222000000000000000000000000000000000000000000000000000000000000000000000000000000000000
01111100000111110011111001111100111110011111000000000000000000000000000000000000000000000000000000000000000000000000000000000000
00000000000000000000000000000000000000000000000000000000000000000000000000000000000000000000000000000000000000000000000000000000
00000000000000000000000000000000000000000000000000000000000000000000000000000000000000000000000000000000000000000000000000000000

0x29825be6
00000000000000000000000000000000000000000000000000000000000000000000000000000000000000000000000000000000000000000000000000000000
01111100000111110011111111110000111110011111000000000000000000000000000000000000000000000000000000000000000000000000000000000000
03333300000111110033333333333000333330033333000000000000000000000000000000000000000000000000000000000000000000000000000000000000
01111110001111110011122223333300333330033333000000000000000000000000000000000000000000000000000000000000000000000000000000000000
01111110002222220022222222222200222220022222000000000000000000000000000000000000000000000000000000000000000000000000000000000000
01111111011111110011111111111100111110011111000000000000000000000000000000000000000000000000000000000000000000000000000000000000
03333331011111110011111111111100111110011111000000000000000000000003330000003333003333300333003300303300003333303333000000000000
03333333333333330033333333333300333310011111000000000000000003030033003000003300303300003300303300303300003300303300300000000000
03333333333332220022222002222200222230033333000000000000000033333033000000003300303300003300003300303300003300303300300000000000
02222222222222220022222002222200222220022222000000000000000003030033330000003333303333003303303300303300003333303333300000000000
01111111111111110011111001111100111110011111000000000000000033333033003000003303003300003300303300303300003300303303000000000000
01111111111111110011111001111100333330333333000000000000000003030033003000003300303300003300303300303300003300303300300000000000
01111111113333330033333333333300333333333333000000000000000000000003330000003300303333300333300333003333303300303300300000000000
01111111111111220022222333333300333332222333000000000000000000000000000000000000000000000000000000000000000000000000000000000000
01111222222222220022222222222000222222222220000000000000000000000000000000000000000000000000000000000000000000000000000000000000
01111101110111110011111111110000111111111100000000000000000000000000000000000000000000000000000000000000000000000000000000000000
03333303330333330033333333333000333333333330000000000000000000000000000000000000000000000000000000000000000000000000000000000000
03333300300333330033333333333300333221111111000000000000000000000000000000000000000000000000000000000000000000000000000000000000
03333300200222220022222222222200222222222111000000000000003300003333300333000333000003330003330003330000033300033300033300000000
02222200000222220021111001111100111110111111000000000000033300003000003300303300300033003033003033003000330030330030330030000000
01111100000111110011111001111100111110013333000000000000003300003333003300303300300033003033003033003000330030330030330030000000
03333300000111110011111001111100111110011112000000000000003300000003303300303300300033003033003033003000330030330030330030000000
02222200000111110011111001111100111110023333000000000000003300000003303300303300300033003033003033003000330030330030330030000000
02222200000222210011111001111100222220022222000000000000003300303003303300303300303033003033003033003030330030330030330030000000
01111100000111110011111001111100111110011111000000000000033330300333000333000333003003330003330003330030033300033300033300000000
01111100000111110011111001111100111110011111000000000000000000000000000000000000000000000000000000000000000000000000000000000000
01111100000111110011111003333300333330033333000000000000000000000000000000000000000000000000000000000000000000000000000000000000
03331100000111110011111001122200222230033333000000000000000000000000000000000000000000000000000000000000000000000000000000000000
01111100000111110022222002222200222220022222000000000000000000000000000000000000000000000000000000000000000000000000000000000000
01111100000111110011111001111100111110011111000000000000000000000000000000000000000000000000000000000000000000000000000000000000
00000000000000000000000000000000000000000000000000000000000000000000000000000000000000000000000000000000000000000000000000000000
00000000000000000000000000000000000000000000000000000000000000000000000000000000000000000000000000000000000000000000000000000000

0x29825cd0
00000000000000000000000000000000000000000000000000000000000000000000000000000000000000000000000000000000000000000000000000000000
01111100000111110011111111110000111110011111000000000000000000000000000000000000000000000000000000000000000000000000000000000000
03333300000333330033333333333000333330011111000000000000000000000000000000000000000000000000000000000000000000000000000000000000
03333330003333330033333332221100111110011111000000000000000000000000000000000000000000000000000000000000000000000000000000000000
02222220002222220022222222222200111110022222000000000000000000000000000000000000000000000000000000000000000000000000000000000000
01111111011111110011111111111100111110011111000000000000000000000000000000000000000000000000000000000000000000000000000000000000
01111111011111110033333333333300111110011111000000000000000000000003330000003333003333300333003300303300003333303333000000000000
03333333333333330033333333333300333330033333000000000000000003030033003000003300303300003300303300303300003300303300300000000000
02222333333333330033333003333300333330022222000000000000000033333033000000003300303300003300003300303300003300303300300000000000
02222222222222220022222002222200222220022222000000000000000003030033330000003333303333003303303300303300003333303333300000000000
01111111111111110011111001111100111110011111000000000000000033333033003000003303003300003300303300303300003300303303000000000000
01111111111111110011111001111100111110111111000000000000000003030033003000003300303300003300303300303300003300303300300000000000
01111111111111110011111111111100333333333333000000000000000000000003330000003300303333300333300333003333303300303300300000000000
01111111111111110011111111111100111222222222000000000000000000000000000000000000000000000000000000000000000000000000000000000000
01111111111111110011111111222000222222222220000000000000000000000000000000000000000000000000000000000000000000000000000000000000
01111101110111110011111111110000111111111100000000000000000000000000000000000000000000000000000000000000000000000000000000000000
03333303330333330033333333333000333333333330000000000000000000000000000000000000000000000000000000000000000000000000000000000000
03333300300333330033333333333300333333333333000000000000000000000000000000000000000000000000000000000000000000000000000000000000
01111100200223330033333333333200222222222222000000000000003300003333300333000333000003330003330003330000033300033300033300000000
01222200000222220022222002222200222220222211000000000000033300003000003300303300300033003033003033003000330030330030330030000000
01111100000111110011111001111100111110011111000000000000003300003333003300303300300033003033003033003000330030330030330030000000
03333300000333330033333003333100111110011111000000000000003300000003303300303300300033003033003033003000330030330030330030000000
03222200000222220022222002111100111110011111000000000000003300000003303300303300300033003033003033003000330030330030330030000000
02222200000222220022222002222200222110011111000000000000003300303003303300303300303033003033003033003030330030330030330030000000
01111100000111110011111001111100111110011111000000000000033330300333000333000333003003330003330003330030033300033300033300000000
01111100000111110011111001111100111110011111000000000000000000000000000000000000000000000000000000000000000000000000000000000000
01111100000111110011111001111100111110011111000000000000000000000000000000000000000000000000000000000000000000000000000000000000
03333300000333330033333003333300333330011111000000000000000000000000000000000000000000000000000000000000000000000000000000000000
03333300000333330032222001111100111110011111000000000000000000000000000000000000000000000000000000000000000000000000000000000000
02222200000222220022222002222100111110011111000000000000000000000000000000000000000000000000000000000000000000000000000000000000
00000000000000000000000000000000000000000000000000000000000000000000000000000000000000000000000000000000000000000000000000000000
00000000000000000000000000000000000000000000000000000000000000000000000000000000000000000000000000000000000000000000000000000000

0x29825dbb
00000000000000000000000000000000000000000000000000000000000000000000000000000000000000000000000000000000000000000000000000000000
01111100000111110011111111110000111110011111000000000000000000000000000000000000000000000000000000000000000000000000000000000000
03333300000333330033333333333000333330033333000000000000000000000000000000000000000000000000000000000000000000000000000000000000
03333330003333330033333333333300333330033333000000000000000000000000000000000000000000000000000000000000000000000000000000000000
03333330003222220022222222222200222220022222000000000000000000000000000000000000000000000000000000000000000000000000000000000000
02222222022222220022222211111100111110011111000000000000000000000000000000000000000000000000000000000000000000000000000000000000
01111111011111110011111111111100111110011333000000000000000000000003330000003333003333300333003300303300003333303333000000000000
01111111111111110011111113333300333330033333000000000000000003030033003000003300303300003300303300303300003300303300300000000000
01111111111111110011333002222200333330033333000000000000000033333033000000003300303300003300003300303300003300303300300000000000
01111111111111110022222002222200222220022222000000000000000003030033330000003333303333003303303300303300003333303333300000000000
01111111111111110011111001111100111110011111000000000000000033333033003000003303003300003300303300303300003300303303000000000000
03333333111111110011111001111100111110111111000000000000000003030033003000003300303300003300303300303300003300303300300000000000
02221111111111110011111111111100111111111111000000000000000000000003330000003300303333300333300333003333303300303300300000000000
02222222222222220011111111111100111111111111000000000000000000000000000000000000000000000000000000000000000000000000000000000000
02222222222222220022111111111000111111111110000000000000000000000000000000000000000000000000000000000000000000000000000000000000
01111101110111110011111111110000111111111100000000000000000000000000000000000000000000000000000000000000000000000000000000000000
01111101110113330033333333333000333333333330000000000000000000000000000000000000000000000000000000000000000000000000000000000000
01111100100111110022222233333300333333333333000000000000000000000000000000000000000000000000000000000000000000000000000000000000
01111100100111110011111111111200222233333333000000000000003300003333300333000333000003330003330003330000033300033300033300000000
01111100000111110011111002222200222220222222000000000000033300003000003300303300300033003033003033003000330030330030330030000000
03333300000311110011111001111100111110011111000000000000003300003333003300303300300033003033003033003000330030330030330030000000
03333300000333330033333003333300333330033333000000000000003300000003303300303300300033003033003033003000330030330030330030000000
03333300000333330033332002222200222220022222000000000000003300000003303300303300300033003033003033003000330030330030330030000000
02222200000222220022222002222200222220022222000000000000003300303003303300303300303033003033003033003030330030330030330030000000
01111100000111110011111001111100111110011111000000000000033330300333000333000333003003330003330003330030033300033300033300000000
01111100000111110011111001111100111110011111000000000000000000000000000000000000000000000000000000000000000000000000000000000000
01111100000111110011111001111100111110011111000000000000000000000000000000000000000000000000000000000000000000000000000000000000
02221100000111330033333003333300333330033333000000000000000000000000000000000000000000000000000000000000000000000000000000000000
02222200000111110011111002223300333330033333000000000000000000000000000000000000000000000000000000000000000000000000000000000000
01111100000111110011112002222200222220022222000000000000000000000000000000000000000000000000000000000000000000000000000000000000
00000000000000000000000000000000000000000000000000000000000000000000000000000000000000000000000000000000000000000000000000000000
00000000000000000000000000000000000000000000000000000000000000000000000000000000000000000000000000000000000000000000000000000000


