0x48cfc1f4
31111111111111111111130000000000000000000000000000000000000000000000000000000000000000000000000000000000000000000000000000000000
31111111111111111111130000000000000000000000000000000000000000000000000000000000000000000000000000000000000000000000000000000000
03100000000000000000013000000000000000000000000000000000000000000000000000000000000000000000000000000000000000000000000000000000
03101111111111111111013000000000000000000000000000000000000000000000000000000000000000000000000000000000000000000000000000000000
00310111111111111111101300000000000000000000000000000000000000000000000000000000000000000000000000000000000000000000000000000000
00310111111111111111101300000000000000000000000000000000000000000000000000000000000000000000000000000000000000000000000000000000
00031011000031133333110130000000000000000000000000000000000000000000000000000000000000000000000000000000000000000000000000000000
00031011000031133111110130000000000000000000000000000000000000000000000000000000000000000000000000000000000000000000000000000000
00003101100003113311111013000000000000000000000000000000000000000000000000000000000000000000000000000000000000000000000000000000
00003101100003113333311013000000000000000000000000000000000000000000000000000000000000000000000000000000000000000000000000000000
00000310110000311331111101300000000000000000000000000000000000000000000000000000000000000000000000000000000000000000000000000000
00000310110000311331111101300000000000000000000000000000000000000000000000000000000000000000000000000000000000000000000000000000
00000031011000031111111110130000000000000000000000000000000000000000000000000000000000000000000000000000000000000000000000000000
00000031011000031133113110130000000000000000000000000000000000000000000000000000000000000000000000000000000000000000000000000000
00000003101100003113311311013000000000000000000000000000000000000000000000000000000000000000000000000000000000000000000000000000
00000003101100003113311311013000000000000000000000000000000000000000000000000000000000000000000000000000000000000000000000000000
00000000310110000311331131101300000000000000000000000000000000000000000000000000000000000000000000000000000000000000000000000000
00000000310110000311331131101300000000000000000000000000000000000000000000000000000000000000000000000000000000000000000000000000
00000000031011000031133333110130000000000000000000000000000000000000000000000000000000000000000000000000000000000000000000000000
00000000031011000031111111110130000000000000000000000000000000000000000000000000000000000000000000000000000000000000000000000000
00000000003101100003113311311013000000000000000000000000000000000000000000000000000000000000000000000000000000000000000000000000
00000000003101100003113331311013000000000000000000000000000000000000000000000000000000000000000000000000000000000000000000000000
00000000000310110000311333131101300000000000000000000000000000000000000000000000000000000000000000000000000000000000000000000000
00000000000310110000311331331101300000000000000000000000000000000000000000000000000000000000000000000000000000000000000000000000
00000000000031011000031133113110130000000000000000000000000000000000000000000000000000000000000000000000000000000000000000000000
00000000000031011333331133113110130000000000000000000000000000000000000000000000000000000000000000000000000000000000000000000000
00000000000003101111111111111111013000000000000000000000000000000000000000000000000000000000000000000000000000000000000000000000
00000000000003101111111111111111013000000000000000000000000000000000000000000000000000000000000000000000000000000000000000000000
00000000000000310111111111111111101300000000000000000000000000000000000000000000000000000000000000000000000000000000000000000000
00000000000000310000000000000000001300000000000000000000000000000000000000000000000000000000000000000000000000000000000000000000
00000000000000031111111111111111111130000000000000000000000000000000000000000000000000000000000000000000000000000000000000000000
00000000000000031111111111111111111130000000000000000000000000000000000000000000000000000000000000000000000000000000000000000000

0x48cfc242
31111111111111111111130000000000000000000000000000000000033333110000000000000000000000000000000000000000000000000000000000000000
31111111111111111111130000000000000000000000000000000000000000000000000000000000000000000000000000000000000000000000000000000000
03100000000000000000013000000000000000000000000000000000000000000000000000000000000000000000000000000000000000000000000000000000
03101111111111111111013000000000000000000000000000000000000000000000000000000000000000000000000000000000000000000000000000000000
00310111111111111111101300000000000000000000000000000000000000000000000000000000000000000000000000000000000000000000000000000000
00310111111111111111101300000000000000000000000000000000000000000000000000000000000000000000000000000000000000000000000000000000
00031011000031133333110130000000000000000000000000000000000000000000000000000000000000000000000000000000000000000000000000000000
00031011000031133111110130000000000000000000000000000000000000000000000000000000000000000000000000000000000000000000000000000000
00003101100003113311111013000000000000000000000000000000000000000000000000000000000000000000000000000000000000000000000000000000
00003101100003113333311013000000000000000000000000000000000000000000000000000000000000000000000000000000000000000000000000000000
00000310110000311331111101300000000000000000000000000000000000000000000000000000000000000000000000000000000000000000000000000000
00000310110000311331111101300000000000000000000000000000000000000000000000000000000000000000000000000000000000000000000000000000
00000031011000031111111110130000000000000000000000000000000000000000000000000000000000000000000000000000000000000000000000000000
00000031011000031133113110130000000000000000000000000000000000000000000000000000000000000000000000000000000000000000000000000000
00000003101100003113311311013000000000000000000000000000000000000000000000000000000000000000000000000000000000000000000000000000
00000003101100003113311311013000000000000000000000000000000000000000000000000000000000000000000000000000000000000000000000000000
00000000310110000311331131101300000000000000000000000000000000000000000000000000000000000000000000000000000000000000000000000000
00000000310110000311331131101300000000000000000000000000000000000000000000000000000000000000000000000000000000000000000000000000
00000000031011000031133333110130000000000000000000000000000000000000000000000000000000000000000000000000000000000000000000000000
00000000031011000031111111110130000000000000000000000000000000000000000000000000000000000000000000000000000000000000000000000000
00000000003101100003113311311013000000000000000000000000000000000000000000000000000000000000000000000000000000000000000000000000
00000000003101100003113331311013000000000000000000000000000000000000000000000000000000000000000000000000000000000000000000000000
00000000000310110000311333131101300000000000000000000000000000000000000000000000000000000000000000000000000000000000000000000000
00000000000310110000311331331101300000000000000000000000000000000000000000000000000000000000000000000000000000000000000000000000
00000000000031011000031133113110130000000000000000000000000000000000000000000000000000000000000000000000000000000000000000000000
00000000000031011333331133113110130000000000000000000000000000000000000000000000000000000000000000000000000000000000000000000000
00000000000003101111111111111111013000000000000000000000000000000000000000000000000000000000000000000000000000000000000000000000
00000000000003101111111111111111013000000000000000000000000000000000000000000000000000000000000000000000000000000000000000000000
00000000000000310111111111111111101300000000000000000000000000000000000000000000000000000000000000000000000000000000000000000000
00000000000000310000000000000000001300000000000000000000000000000000000000000000000000000000000000000000000000000000000000000000
00000000000000031111111111111111111130000000000000000000000000000000000000000000000000000000000000000000000000000000000000000000
00000000000000031111111111111111111130000000000000000000000000000000000000000000000000000000000000000000000000000000000000000000

0x48cfc280
31111111111111111111130000000000000000000000000000322211122231100000000000000000000000000000000000000000000000000000000000000000
31111111111111111111130000000000000000000000000000033222223311000000000000000000000000000000000000000000000000000000000000000000
03100000000000000000013000000000000000000000000000000333331100000000000000000000000000000000000000000000000000000000000000000000
03101111111111111111013000000000000000000000000000000000000000000000000000000000000000000000000000000000000000000000000000000000
00310111111111111111101300000000000000000000000000000000000000000000000000000000000000000000000000000000000000000000000000000000
00310111111111111111101300000000000000000000000000000000000000000000000000000000000000000000000000000000000000000000000000000000
00031011000031133333110130000000000000000000000000000000000000000000000000000000000000000000000000000000000000000000000000000000
00031011000031133111110130000000000000000000000000000000000000000000000000000000000000000000000000000000000000000000000000000000
00003101100003113311111013000000000000000000000000000000000000000000000000000000000000000000000000000000000000000000000000000000
00003101100003113333311013000000000000000000000000000000000000000000000000000000000000000000000000000000000000000000000000000000
00000310110000311331111101300000000000000000000000000000000000000000000000000000000000000000000000000000000000000000000000000000
00000310110000311331111101300000000000000000000000000000000000000000000000000000000000000000000000000000000000000000000000000000
00000031011000031111111110130000000000000000000000000000000000000000000000000000000000000000000000000000000000000000000000000000
00000031011000031133113110130000000000000000000000000000000000000000000000000000000000000000000000000000000000000000000000000000
00000003101100003113311311013000000000000000000000000000000000000000000000000000000000000000000000000000000000000000000000000000
00000003101100003113311311013000000000000000000000000000000000000000000000000000000000000000000000000000000000000000000000000000
00000000310110000311331131101300000000000000000000000000000000000000000000000000000000000000000000000000000000000000000000000000
00000000310110000311331131101300000000000000000000000000000000000000000000000000000000000000000000000000000000000000000000000000
00000000031011000031133333110130000000000000000000000000000000000000000000000000000000000000000000000000000000000000000000000000
00000000031011000031111111110130000000000000000000000000000000000000000000000000000000000000000000000000000000000000000000000000
00000000003101100003113311311013000000000000000000000000000000000000000000000000000000000000000000000000000000000000000000000000
00000000003101100003113331311013000000000000000000000000000000000000000000000000000000000000000000000000000000000000000000000000
00000000000310110000311333131101300000000000000000000000000000000000000000000000000000000000000000000000000000000000000000000000
00000000000310110000311331331101300000000000000000000000000000000000000000000000000000000000000000000000000000000000000000000000
00000000000031011000031133113110130000000000000000000000000000000000000000000000000000000000000000000000000000000000000000000000
00000000000031011333331133113110130000000000000000000000000000000000000000000000000000000000000000000000000000000000000000000000
00000000000003101111111111111111013000000000000000000000000000000000000000000000000000000000000000000000000000000000000000000000
00000000000003101111111111111111013000000000000000000000000000000000000000000000000000000000000000000000000000000000000000000000
00000000000000310111111111111111101300000000000000000000000000000000000000000000000000000000000000000000000000000000000000000000
00000000000000310000000000000000001300000000000000000000000000000000000000000000000000000000000000000000000000000000000000000000
00000000000000031111111111111111111130000000000000000000000000000000000000000000000000000000000000000000000000000000000000000000
00000000000000031111111111111111111130000000000000000000000000000000000000000000000000000000000000000000000000000000000000000000

0x48cfc2de
31111111111111111111130000000000000000000000032322222211231100000000000000000000000000000000000000000000000000000000000000000000
31111111111111111111130000000000000000000000032322222211230100000000000000000000000000000000000000000000000000000000000000000000
03100000000000000000013000000000000000000000003222111222311003333033000330033333003333333033333300333333330000000000000000000000
03101111111111111111013000000000000000000000000332222233110003333033300330333333303333333033333330333333330000000000000000000000
00310111111111111111101300000000000000000000000003333311000000330033330330330003303300000033000330000330000000000000000000000000
00310111111111111111101300000000000000000000000000000000000000330033333330330003303300000033000330000330000000000000000000000000
00031011000031133333110130000000000000000000000000000000000000330033033330330000003300000033000330000330000000000000000000000000
00031011000031133111110130000000000000000000000000000000000000330033003330333333003333333033333330000330000000000000000000000000
00003101100003113311111013000000000000000000000000000000000000330033000330033333303333333033333300000330000000000000000000000000
00003101100003113333311013000000000000000000000000000000000000330033000330000003303300000033033000000330000000000000000000000000
00000310110000311331111101300000000000000000000000000000000000330033000330330003303300000033003300000330000000000000000000000000
00000310110000311331111101300000000000000000000000000000000000330033000330330003303300000033000330000330000000000000000000000000
00000031011000031111111110130000000000000000000000000000000003333033000330333333303333333033000330000330000000000000000000000000
00000031011000031133113110130000000000000000000000000000000003333033000330033333003333333033000330000330000000000000000000000000
00000003101100003113311311013000000000000000000000000000000000000000000000000000000000000000000000000000000000000000000000000000
00000003101100003113311311013000000000000000000000000000000000000000000000000000000000000000000000000000000000000000000000000000
00000000310110000311331131101300000000000000000000000000000000000000000000000000000000000000000000000000000000000000000000000000
00000000310110000311331131101300000000000000000000000000000000000003333300033333003333033000330033333000000000000000000000000000
00000000031011000031133333110130000000000000000000000000000000000033333330333333303333033300330333333300000000000000000000000000
00000000031011000031111111110130000000000000000000000000000000000033000330330003300330033330330330003300000000000000000000000000
00000000003101100003113311311013000000000000000000000000000000000033000330330003300330033333330330003300000000000000000000000000
00000000003101100003113331311013000000000000000000000000000000000033000000330003300330033033330330000000000000000000000000000000
00000000000310110000311333131101300000000000000000000000000000000033000000330003300330033003330333333000000000000000000000000000
00000000000310110000311331331101300000000000000000000000000000000033000000330003300330033000330033333300000000000000000000000000
00000000000031011000031133113110130000000000000000000000000000000033000000330003300330033000330000003300000000000000000000000000
00000000000031011333331133113110130000000000000000000000000000000033000330330003300330033000330330003300000000000000000000000000
00000000000003101111111111111111013000000000000000000000000000000033000330330003300330033000330330003300000000000000000000000000
00000000000003101111111111111111013000000000000000000000000000000033333330333333303333033000330333333300000000000000000000000000
00000000000000310111111111111111101300000000000000000000000000000003333300033333003333033000330033333000000000000000000000000000
00000000000000310000000000000000001300000000000000000000000000000000000000000000000000000000000000000000000000000000000000000000
00000000000000031111111111111111111130000000000000000000000000000000000000000000000000000000000000000000000000000000000000000000
00000000000000031111111111111111111130000000000000000000000000000000000000000000000000000000000000000000000000000000000000000000

0x48cfc33c
31111111111111111111130000000000000000003223222221122230100000000000000000000000000000000000000000000000000000000000000000000000
31111111111111111111130000000000000000000323222222112311000000000000000000000000000000000000000000000000000000000000000000000000
03100000000000000000013000000000000000000323222222112301000003333033000330033333003333333033333300333333330000000000000000000000
03101111111111111111013000000000000000000032221112223110000003333033300330333333303333333033333330333333330000000000000000000000
00310111111111111111101300000000000000000003322222331100000000330033330330330003303300000033000330000330000000000000000000000000
00310111111111111111101300000000000000000000033333110000000000330033333330330003303300000033000330000330000000000000000000000000
00031011000031133333110130000000000000000000000000000000000000330033033330330000003300000033000330000330000000000000000000000000
00031011000031133111110130000000000000000000000000000000000000330033003330333333003333333033333330000330000000000000000000000000
00003101100003113311111013000000000000000000000000000000000000330033000330033333303333333033333300000330000000000000000000000000
00003101100003113333311013000000000000000000000000000000000000330033000330000003303300000033033000000330000000000000000000000000
00000310110000311331111101300000000000000000000000000000000000330033000330330003303300000033003300000330000000000000000000000000
00000310110000311331111101300000000000000000000000000000000000330033000330330003303300000033000330000330000000000000000000000000
00000031011000031111111110130000000000000000000000000000000003333033000330333333303333333033000330000330000000000000000000000000
00000031011000031133113110130000000000000000000000000000000003333033000330033333003333333033000330000330000000000000000000000000
00000003101100003113311311013000000000000000000000000000000000000000000000000000000000000000000000000000000000000000000000000000
00000003101100003113311311013000000000000000000000000000000000000000000000000000000000000000000000000000000000000000000000000000
00000000310110000311331131101300000000000000000000000000000000000000000000000000000000000000000000000000000000000000000000000000
00000000310110000311331131101300000000000000000000000000000000000003333300033333003333033000330033333000000000000000000000000000
00000000031011000031133333110130000000000000000000000000000000000033333330333333303333033300330333333300000000000000000000000000
00000000031011000031111111110130000000000000000000000000000000000033000330330003300330033330330330003300000000000000000000000000
00000000003101100003113311311013000000000000000000000000000000000033000330330003300330033333330330003300000000000000000000000000
00000000003101100003113331311013000000000000000000000000000000000033000000330003300330033033330330000000000000000000000000000000
00000000000310110000311333131101300000000000000000000000000000000033000000330003300330033003330333333000000000000000000000000000
00000000000310110000311331331101300000000000000000000000000000000033000000330003300330033000330033333300000000000000000000000000
00000000000031011000031133113110130000000000000000000000000000000033000000330003300330033000330000003300000000000000000000000000
00000000000031011333331133113110130000000000000000000000000000000033000330330003300330033000330330003300000000000000000000000000
00000000000003101111111111111111013000000000000000000000000000000033000330330003300330033000330330003300000000000000000000000000
00000000000003101111111111111111013000000000000000000000000000000033333330333333303333033000330333333300000000000000000000000000
00000000000000310111111111111111101300000000000000000000000000000003333300033333003333033000330033333000000000000000000000000000
00000000000000310000000000000000001300000000000000000000000000000000000000000000000000000000000000000000000000000000000000000000
00000000000000031111111111111111111130000000000000000000000000000000000000000000000000000000000000000000000000000000000000000000
00000000000000031111111111111111111130000000000000000000000000000000000000000000000000000000000000000000000000000000000000000000

0x48cfc38a
31111111111111111111130000000000000032122321122222301000000000000000000000000000000000000000000000000000000000000000000000000000
31111111111111111111130000000000000032223222112222311000000000000000000000000000000000000000000000000000000000000000000000000000
03100000000000000000013000000000000032232222211222301000000003333033000330033333003333333033333300333333330000000000000000000000
03101111111111111111013000000000000003232222221123110000000003333033300330333333303333333033333330333333330000000000000000000000
00310111111111111111101300000000000003232222221123010000000000330033330330330003303300000033000330000330000000000000000000000000
00310111111111111111101300000000000000322211122231100000000000330033333330330003303300000033000330000330000000000000000000000000
00031011000031133333110130000000000000033222223311000000000000330033033330330000003300000033000330000330000000000000000000000000
00031011000031133111110130000000000000000333331100000000000000330033003330333333003333333033333330000330000000000000000000000000
00003101100003113311111013000000000000000000000000000000000000330033000330033333303333333033333300000330000000000000000000000000
00003101100003113333311013000000000000000000000000000000000000330033000330000003303300000033033000000330000000000000000000000000
00000310110000311331111101300000000000000000000000000000000000330033000330330003303300000033003300000330000000000000000000000000
00000310110000311331111101300000000000000000000000000000000000330033000330330003303300000033000330000330000000000000000000000000
00000031011000031111111110130000000000000000000000000000000003333033000330333333303333333033000330000330000000000000000000000000
00000031011000031133113110130000000000000000000000000000000003333033000330033333003333333033000330000330000000000000000000000000
00000003101100003113311311013000000000000000000000000000000000000000000000000000000000000000000000000000000000000000000000000000
00000003101100003113311311013000000000000000000000000000000000000000000000000000000000000000000000000000000000000000000000000000
00000000310110000311331131101300000000000000000000000000000000000000000000000000000000000000000000000000000000000000000000000000
00000000310110000311331131101300000000000000000000000000000000000003333300033333003333033000330033333000000000000000000000000000
00000000031011000031133333110130000000000000000000000000000000000033333330333333303333033300330333333300000000000000000000000000
00000000031011000031111111110130000000000000000000000000000000000033000330330003300330033330330330003300000000000000000000000000
00000000003101100003113311311013000000000000000000000000000000000033000330330003300330033333330330003300000000000000000000000000
00000000003101100003113331311013000000000000000000000000000000000033000000330003300330033033330330000000000000000000000000000000
00000000000310110000311333131101300000000000000000000000000000000033000000330003300330033003330333333000000000000000000000000000
00000000000310110000311331331101300000000000000000000000000000000033000000330003300330033000330033333300000000000000000000000000
00000000000031011000031133113110130000000000000000000000000000000033000000330003300330033000330000003300000000000000000000000000
00000000000031011333331133113110130000000000000000000000000000000033000330330003300330033000330330003300000000000000000000000000
00000000000003101111111111111111013000000000000000000000000000000033000330330003300330033000330330003300000000000000000000000000
00000000000003101111111111111111013000000000000000000000000000000033333330333333303333033000330333333300000000000000000000000000
00000000000000310111111111111111101300000000000000000000000000000003333300033333003333033000330033333000000000000000000000000000
00000000000000310000000000000000001300000000000000000000000000000000000000000000000000000000000000000000000000000000000000000000
00000000000000031111111111111111111130000000000000000000000000000000000000000000000000000000000000000000000000000000000000000000
00000000000000031111111111111111111130000000000000000000000000000000000000000000000000000000000000000000000000000000000000000000

0x48cfc3c9
31111111111111111111130000000000322232221122223010000000000000000000000000000000000000000000000000000000000000000000000000000000
31111111111111111111130000000000322232221121123110000000000000000000000000000000000000000000000000000000000000000000000000000000
03100000000000000000013000000000321223211222223010000000000000000000000000000000000000000000000000000000000000000000000000000000
03101111111111111111013000000000322232221122223110000000000000000000000000000000000000000000000000000000000000000000000000000000
00310111111111111111101300000000322322222112223010000000000000000000000000000000000000000000000000000000000000000000000000000000
00310111111111111111101300000000032322222211231100000000000000000000000000000000000000000000000000000000000000000000000000000000
00031011000031133333110130000000032322222211230100000000000000000000000000000000000000000000000000000000000000000000000000000000
00031011000031133111110130000000003222111222311000000000000000000000000000000000000000000000000000000000000000000000000000000000
00003101100003113311111013000000000332222233110000000000000000000000000000000000000000000000000000000000000000000000000000000000
00003101100003113333311013000000000003333311000000000000000000000000000000000000000000000000000000000000000000000000000000000000
00000310110000311331111101300000000000000000000000000000000000000000000000000000000000000000000000000000000000000000000000000000
00000310110000311331111101300000000000000000000000000000000000000000000000000000000000000000000000000000000000000000000000000000
00000031011000031111111110130000000000000000000000000000000000000000000000000000000000000000000000000000000000000000000000000000
00000031011000031133113110130000000000000000000000000000000000000000000000000000000000000000000000000000000000000000000000000000
00000003101100003113311311013000000000000000000000000000000000000000000000000000000000000000000000000000000000000000000000000000
00000003101100003113311311013000000000000000000000000000000000000000000000000000000000000000000000000000000000000000000000000000
00000000310110000311331131101300000000000000000000000000000000000000000000000000000000000000000000000000000000000000000000000000
00000000310110000311331131101300000000000000000000000000000000000000000000000000000000000000000000000000000000000000000000000000
00000000031011000031133333110130000000000000000000000000000000000000000000000000000000000000000000000000000000000000000000000000
00000000031011000031111111110130000000000000000000000000000000000000000000000000000000000000000000000000000000000000000000000000
00000000003101100003113311311013000000000000000000000000000000000000000000000000000000000000000000000000000000000000000000000000
00000000003101100003113331311013000000000000000000000000000000000000000000000000000000000000000000000000000000000000000000000000
00000000000310110000311333131101300000000000000000000000000000000000000000000000000000000000000000000000000000000000000000000000
00000000000310110000311331331101300000000000000000000000000000000000000000000000000000000000000000000000000000000000000000000000
00000000000031011000031133113110130000000000000000000000000000000000000000000000000000000000000000000000000000000000000000000000
00000000000031011333331133113110130000000000000000000000000000000000000000000000000000000000000000000000000000000000000000000000
00000000000003101111111111111111013000000000000000000000000000000000000000000000000000000000000000000000000000000000000000000000
00000000000003101111111111111111013000000000000000000000000000000000000000000000000000000000000000000000000000000000000000000000
00000000000000310111111111111111101300000000000000000000000000000000000000000000000000000000000000000000000000000000000000000000
00000000000000310000000000000000001300000000000000000000000000000000000000000000000000000000000000000000000000000000000000000000
00000000000000031111111111111111111130000000000000000000000000000000000000000000000000000000000000000000000000000000000000000000
00000000000000031111111111111111111130000000000000000000000000000000000000000000000000000000000000000000000000000000000000000000

0x48cfc417
31111111111111111111130000000322233112222301000000000000000000000000000000000000000000000000000000000000000000000000000000000000
31111111111111111111130000000322322211222311000000000000000000000000000000000000000000000000000000000000000000000000000000000000
03100000000000000000013000003222322211222230100000000000000000000000000000000000000000000000000000000000000000000000000000000000
03101111111111111111013000003222322211211231100000000000000000000000000000000000000000000000000000000000000000000000000000000000
00310111111111111111101300003212232112222230100000000000000000000000000000000000000000000000000000000000000000000000000000000000
00310111111111111111101300003222322211222231100000000000000000000000000000000000000000000000000000000000000000000000000000000000
00031011000031133333110130003223222221122230100000000000000000000000000000000000000000000000000000000000000000000000000000000000
00031011000031133111110130000323222222112311000000000000000000000000000000000000000000000000000000000000000000000000000000000000
00003101100003113311111013000323222222112301000000000000000000000000000000000000000000000000000000000000000000000000000000000000
00003101100003113333311013000032221112223110000000000000000000000000000000000000000000000000000000000000000000000000000000000000
00000310110000311331111101300003322222331100000000000000000000000000000000000000000000000000000000000000000000000000000000000000
00000310110000311331111101300000033333110000000000000000000000000000000000000000000000000000000000000000000000000000000000000000
00000031011000031111111110130000000000000000000000000000000000000000000000000000000000000000000000000000000000000000000000000000
00000031011000031133113110130000000000000000000000000000000000000000000000000000000000000000000000000000000000000000000000000000
00000003101100003113311311013000000000000000000000000000000000000000000000000000000000000000000000000000000000000000000000000000
00000003101100003113311311013000000000000000000000000000000000000000000000000000000000000000000000000000000000000000000000000000
00000000310110000311331131101300000000000000000000000000000000000000000000000000000000000000000000000000000000000000000000000000
00000000310110000311331131101300000000000000000000000000000000000000000000000000000000000000000000000000000000000000000000000000
00000000031011000031133333110130000000000000000000000000000000000000000000000000000000000000000000000000000000000000000000000000
00000000031011000031111111110130000000000000000000000000000000000000000000000000000000000000000000000000000000000000000000000000
00000000003101100003113311311013000000000000000000000000000000000000000000000000000000000000000000000000000000000000000000000000
00000000003101100003113331311013000000000000000000000000000000000000000000000000000000000000000000000000000000000000000000000000
00000000000310110000311333131101300000000000000000000000000000000000000000000000000000000000000000000000000000000000000000000000
00000000000310110000311331331101300000000000000000000000000000000000000000000000000000000000000000000000000000000000000000000000
00000000000031011000031133113110130000000000000000000000000000000000000000000000000000000000000000000000000000000000000000000000
00000000000031011333331133113110130000000000000000000000000000000000000000000000000000000000000000000000000000000000000000000000
00000000000003101111111111111111013000000000000000000000000000000000000000000000000000000000000000000000000000000000000000000000
00000000000003101111111111111111013000000000000000000000000000000000000000000000000000000000000000000000000000000000000000000000
00000000000000310111111111111111101300000000000000000000000000000000000000000000000000000000000000000000000000000000000000000000
00000000000000310000000000000000001300000000000000000000000000000000000000000000000000000000000000000000000000000000000000000000
00000000000000031111111111111111111130000000000000000000000000000000000000000000000000000000000000000000000000000000000000000000
00000000000000031111111111111111111130000000000000000000000000000000000000000000000000000000000000000000000000000000000000000000

0x48cfc455
31111111111111111111130000322222222231100000000000000000000000000000000000000000000000000000000000000000000000000000000000000000
31111111111111111111130003222331122223010000000000000000000000000000000000000000000000000000000000000000000000000000000000000000
03100000000000000000013003223222112223110000000000000000000000000000000000000000000000000000000000000000000000000000000000000000
03101111111111111111013032223222112222301000000000000000000000000000000000000000000000000000000000000000000000000000000000000000
00310111111111111111101032223222112112311000000000000000000000000000000000000000000000000000000000000000000000000000000000000000
00310111111111111111101032122321122222301000000000000000000000000000000000000000000000000000000000000000000000000000000000000000
00031011000031133333110032223222112222311000000000000000000000000000000000000000000000000000000000000000000000000000000000000000
00031011000031133111110032232222211222301000000000000000000000000000000000000000000000000000000000000000000000000000000000000000
00003101100003113311111003232222221123110000000000000000000000000000000000000000000000000000000000000000000000000000000000000000
00003101100003113333311003232222221123010000000000000000000000000000000000000000000000000000000000000000000000000000000000000000
00000310110000311331111100322211122231100000000000000000000000000000000000000000000000000000000000000000000000000000000000000000
00000310110000311331111101033222223311000000000000000000000000000000000000000000000000000000000000000000000000000000000000000000
00000031011000031111111110100333331100000000000000000000000000000000000000000000000000000000000000000000000000000000000000000000
00000031011000031133113110130000000000000000000000000000000000000000000000000000000000000000000000000000000000000000000000000000
00000003101100003113311311013000000000000000000000000000000000000000000000000000000000000000000000000000000000000000000000000000
00000003101100003113311311013000000000000000000000000000000000000000000000000000000000000000000000000000000000000000000000000000
00000000310110000311331131101300000000000000000000000000000000000000000000000000000000000000000000000000000000000000000000000000
00000000310110000311331131101300000000000000000000000000000000000000000000000000000000000000000000000000000000000000000000000000
00000000031011000031133333110130000000000000000000000000000000000000000000000000000000000000000000000000000000000000000000000000
00000000031011000031111111110130000000000000000000000000000000000000000000000000000000000000000000000000000000000000000000000000
00000000003101100003113311311013000000000000000000000000000000000000000000000000000000000000000000000000000000000000000000000000
00000000003101100003113331311013000000000000000000000000000000000000000000000000000000000000000000000000000000000000000000000000
00000000000310110000311333131101300000000000000000000000000000000000000000000000000000000000000000000000000000000000000000000000
00000000000310110000311331331101300000000000000000000000000000000000000000000000000000000000000000000000000000000000000000000000
00000000000031011000031133113110130000000000000000000000000000000000000000000000000000000000000000000000000000000000000000000000
00000000000031011333331133113110130000000000000000000000000000000000000000000000000000000000000000000000000000000000000000000000
00000000000003101111111111111111013000000000000000000000000000000000000000000000000000000000000000000000000000000000000000000000
00000000000003101111111111111111013000000000000000000000000000000000000000000000000000000000000000000000000000000000000000000000
00000000000000310111111111111111101300000000000000000000000000000000000000000000000000000000000000000000000000000000000000000000
00000000000000310000000000000000001300000000000000000000000000000000000000000000000000000000000000000000000000000000000000000000
00000000000000031111111111111111111130000000000000000000000000000000000000000000000000000000000000000000000000000000000000000000
00000000000000031111111111111111111130000000000000000000000000000000000000000000000000000000000000000000000000000000000000000000

0x48cfc4a3
31111111111111111111130003333311000000000000000000000000000000000000000000000000000000000000000000000000000000000000000000000000
31111111111111111111130332222233110000000000000000000000000000000000000000000000000000000000000000000000000000000000000000000000
03100000000000000000003222222222311000000000000000000000000003333033000330033333003333333033333300333333330000000000000000000000
03101111111111111111032223311222230100000000000000000000000003333033300330333333303333333033333330333333330000000000000000000000
00310111111111111111032232221122231100000000000000000000000000330033330330330003303300000033000330000330000000000000000000000000
00310111111111111110322232221122223010000000000000000000000000330033333330330003303300000033000330000330000000000000000000000000
00031011000031133330322232221121123110000000000000000000000000330033033330330000003300000033000330000330000000000000000000000000
00031011000031133110321223211222223010000000000000000000000000330033003330333333003333333033333330000330000000000000000000000000
00003101100003113310322232221122223110000000000000000000000000330033000330033333303333333033333300000330000000000000000000000000
00003101100003113330322322222112223010000000000000000000000000330033000330000003303300000033033000000330000000000000000000000000
00000310110000311331032322222211231100000000000000000000000000330033000330330003303300000033003300000330000000000000000000000000
00000310110000311331032322222211230100000000000000000000000000330033000330330003303300000033000330000330000000000000000000000000
00000031011000031111103222111222311000000000000000000000000003333033000330333333303333333033000330000330000000000000000000000000
00000031011000031133110332222233110000000000000000000000000003333033000330033333003333333033000330000330000000000000000000000000
00000003101100003113311003333311000000000000000000000000000000000000000000000000000000000000000000000000000000000000000000000000
00000003101100003113311310000000000000000000000000000000000000000000000000000000000000000000000000000000000000000000000000000000
00000000310110000311331131101300000000000000000000000000000000000000000000000000000000000000000000000000000000000000000000000000
00000000310110000311331131101300000000000000000000000000000000000003333300033333003333033000330033333000000000000000000000000000
00000000031011000031133333110130000000000000000000000000000000000033333330333333303333033300330333333300000000000000000000000000
00000000031011000031111111110130000000000000000000000000000000000033000330330003300330033330330330003300000000000000000000000000
00000000003101100003113311311013000000000000000000000000000000000033000330330003300330033333330330003300000000000000000000000000
00000000003101100003113331311013000000000000000000000000000000000033000000330003300330033033330330000000000000000000000000000000
00000000000310110000311333131101300000000000000000000000000000000033000000330003300330033003330333333000000000000000000000000000
00000000000310110000311331331101300000000000000000000000000000000033000000330003300330033000330033333300000000000000000000000000
00000000000031011000031133113110130000000000000000000000000000000033000000330003300330033000330000003300000000000000000000000000
00000000000031011333331133113110130000000000000000000000000000000033000330330003300330033000330330003300000000000000000000000000
00000000000003101111111111111111013000000000000000000000000000000033000330330003300330033000330330003300000000000000000000000000
00000000000003101111111111111111013000000000000000000000000000000033333330333333303333033000330333333300000000000000000000000000
00000000000000310111111111111111101300000000000000000000000000000003333300033333003333033000330033333000000000000000000000000000
00000000000000310000000000000000001300000000000000000000000000000000000000000000000000000000000000000000000000000000000000000000
00000000000000031111111111111111111130000000000000000000000000000000000000000000000000000000000000000000000000000000000000000000
00000000000000031111111111111111111130000000000000000000000000000000000000000000000000000000000000000000000000000000000000000000

0x48cfc511
31111111111111111111130000000000000000000000000000000000000000000000000000000000000000000000000000000000000000000000000000000000
31111111111111111111100000000000000000000000000000000000000000000000000000000000000000000000000000000000000000000000000000000000
03100000000000000000033333110000000000000000000000000000000003333033000330033333003333333033333300333333330000000000000000000000
03101111111111111103322222331100000000000000000000000000000003333033300330333333303333333033333330333333330000000000000000000000
00310111111111111032222222223110000000000000000000000000000000330033330330330003303300000033000330000330000000000000000000000000
00310111111111110322233112222301000000000000000000000000000000330033333330330003303300000033000330000330000000000000000000000000
00031011000031130322322211222311000000000000000000000000000000330033033330330000003300000033000330000330000000000000000000000000
00031011000031103222322211222230100000000000000000000000000000330033003330333333003333333033333330000330000000000000000000000000
00003101100003103222322211211231100000000000000000000000000000330033000330033333303333333033333300000330000000000000000000000000
00003101100003103212232112222230100000000000000000000000000000330033000330000003303300000033033000000330000000000000000000000000
00000310110000303222322211222231100000000000000000000000000000330033000330330003303300000033003300000330000000000000000000000000
00000310110000303223222221122230100000000000000000000000000000330033000330330003303300000033000330000330000000000000000000000000
00000031011000030323222222112311000000000000000000000000000003333033000330333333303333333033000330000330000000000000000000000000
00000031011000030323222222112301000000000000000000000000000003333033000330033333003333333033000330000330000000000000000000000000
00000003101100003032221112223110000000000000000000000000000000000000000000000000000000000000000000000000000000000000000000000000
00000003101100003103322222331100000000000000000000000000000000000000000000000000000000000000000000000000000000000000000000000000
00000000310110000310033333110000000000000000000000000000000000000000000000000000000000000000000000000000000000000000000000000000
00000000310110000311300000001300000000000000000000000000000000000003333300033333003333033000330033333000000000000000000000000000
00000000031011000031133333110130000000000000000000000000000000000033333330333333303333033300330333333300000000000000000000000000
00000000031011000031111111110130000000000000000000000000000000000033000330330003300330033330330330003300000000000000000000000000
00000000003101100003113311311013000000000000000000000000000000000033000330330003300330033333330330003300000000000000000000000000
00000000003101100003113331311013000000000000000000000000000000000033000000330003300330033033330330000000000000000000000000000000
00000000000310110000311333131101300000000000000000000000000000000033000000330003300330033003330333333000000000000000000000000000
00000000000310110000311331331101300000000000000000000000000000000033000000330003300330033000330033333300000000000000000000000000
00000000000031011000031133113110130000000000000000000000000000000033000000330003300330033000330000003300000000000000000000000000
00000000000031011333331133113110130000000000000000000000000000000033000330330003300330033000330330003300000000000000000000000000
00000000000003101111111111111111013000000000000000000000000000000033000330330003300330033000330330003300000000000000000000000000
00000000000003101111111111111111013000000000000000000000000000000033333330333333303333033000330333333300000000000000000000000000
00000000000000310111111111111111101300000000000000000000000000000003333300033333003333033000330033333000000000000000000000000000
00000000000000310000000000000000001300000000000000000000000000000000000000000000000000000000000000000000000000000000000000000000
00000000000000031111111111111111111130000000000000000000000000000000000000000000000000000000000000000000000000000000000000000000
00000000000000031111111111111111111130000000000000000000000000000000000000000000000000000000000000000000000000000000000000000000

0x48cfc55f
31111111111111111111130000000000000000000000000000000000000000000000000000000000000000000000000000000000000000000000000000000000
31111111111111111111130000000000000000000000000000000000000000000000000000000000000000000000000000000000000000000000000000000000
03100000000000000000013000000000000000000000000000000000000003333033000330033333003333333033333300333333330000000000000000000000
03101111111111111000000000000000000000000000000000000000000003333033300330333333303333333033333330333333330000000000000000000000
00310111111111100333331100000000000000000000000000000000000000330033330330330003303300000033000330000330000000000000000000000000
00310111111111033222223311000000000000000000000000000000000000330033333330330003303300000033000330000330000000000000000000000000
00031011000030322222222231100000000000000000000000000000000000330033033330330000003300000033000330000330000000000000000000000000
00031011000003222331122223010000000000000000000000000000000000330033003330333333003333333033333330000330000000000000000000000000
00003101100003223222112223110000000000000000000000000000000000330033000330033333303333333033333300000330000000000000000000000000
00003101100032223222112222301000000000000000000000000000000000330033000330000003303300000033033000000330000000000000000000000000
00000310110032223222112112311000000000000000000000000000000000330033000330330003303300000033003300000330000000000000000000000000
00000310110032122321122222301000000000000000000000000000000000330033000330330003303300000033000330000330000000000000000000000000
00000031011032223222112222311000000000000000000000000000000003333033000330333333303333333033000330000330000000000000000000000000
00000031011032232222211222301000000000000000000000000000000003333033000330033333003333333033000330000330000000000000000000000000
00000003101103232222221123110000000000000000000000000000000000000000000000000000000000000000000000000000000000000000000000000000
00000003101103232222221123010000000000000000000000000000000000000000000000000000000000000000000000000000000000000000000000000000
00000000310110322211122231101300000000000000000000000000000000000000000000000000000000000000000000000000000000000000000000000000
00000000310110033222223311001300000000000000000000000000000000000003333300033333003333033000330033333000000000000000000000000000
00000000031011000333331100110130000000000000000000000000000000000033333330333333303333033300330333333300000000000000000000000000
00000000031011000000000011110130000000000000000000000000000000000033000330330003300330033330330330003300000000000000000000000000
00000000003101100003113311311013000000000000000000000000000000000033000330330003300330033333330330003300000000000000000000000000
00000000003101100003113331311013000000000000000000000000000000000033000000330003300330033033330330000000000000000000000000000000
00000000000310110000311333131101300000000000000000000000000000000033000000330003300330033003330333333000000000000000000000000000
00000000000310110000311331331101300000000000000000000000000000000033000000330003300330033000330033333300000000000000000000000000
00000000000031011000031133113110130000000000000000000000000000000033000000330003300330033000330000003300000000000000000000000000
00000000000031011333331133113110130000000000000000000000000000000033000330330003300330033000330330003300000000000000000000000000
00000000000003101111111111111111013000000000000000000000000000000033000330330003300330033000330330003300000000000000000000000000
00000000000003101111111111111111013000000000000000000000000000000033333330333333303333033000330333333300000000000000000000000000
00000000000000310111111111111111101300000000000000000000000000000003333300033333003333033000330033333000000000000000000000000000
00000000000000310000000000000000001300000000000000000000000000000000000000000000000000000000000000000000000000000000000000000000
00000000000000031111111111111111111130000000000000000000000000000000000000000000000000000000000000000000000000000000000000000000
00000000000000031111111111111111111130000000000000000000000000000000000000000000000000000000000000000000000000000000000000000000

0x48cfc59d
31111111111111111111130000000000000000000000000000000000000000000000000000000000000000000000000000000000000000000000000000000000
31111111111111111111130000000000000000000000000000000000000000000000000000000000000000000000000000000000000000000000000000000000
03100000000000000000013000000000000000000000000000000000000000000000000000000000000000000000000000000000000000000000000000000000
03101111111111111111013000000000000000000000000000000000000000000000000000000000000000000000000000000000000000000000000000000000
00310111111110000000101300000000000000000000000000000000000000000000000000000000000000000000000000000000000000000000000000000000
00310111111003333311001300000000000000000000000000000000000000000000000000000000000000000000000000000000000000000000000000000000
00031011000332222233110130000000000000000000000000000000000000000000000000000000000000000000000000000000000000000000000000000000
00031011003222222222311030000000000000000000000000000000000000000000000000000000000000000000000000000000000000000000000000000000
00003101102223311222230103000000000000000000000000000000000000000000000000000000000000000000000000000000000000000000000000000000
00003101102232221122231103000000000000000000000000000000000000000000000000000000000000000000000000000000000000000000000000000000
00000310110232221122223010300000000000000000000000000000000000000000000000000000000000000000000000000000000000000000000000000000
00000310110232221121123110300000000000000000000000000000000000000000000000000000000000000000000000000000000000000000000000000000
00000031011023211222223010130000000000000000000000000000000000000000000000000000000000000000000000000000000000000000000000000000
00000031011032221122223110130000000000000000000000000000000000000000000000000000000000000000000000000000000000000000000000000000
00000003101102222112223010013000000000000000000000000000000000000000000000000000000000000000000000000000000000000000000000000000
00000003101102222211231101013000000000000000000000000000000000000000000000000000000000000000000000000000000000000000000000000000
00000000310110222211230101101300000000000000000000000000000000000000000000000000000000000000000000000000000000000000000000000000
00000000310110111222311031101300000000000000000000000000000000000000000000000000000000000000000000000000000000000000000000000000
00000000031011022233110333110130000000000000000000000000000000000000000000000000000000000000000000000000000000000000000000000000
00000000031011033311001111110130000000000000000000000000000000000000000000000000000000000000000000000000000000000000000000000000
00000000003101100000113311311013000000000000000000000000000000000000000000000000000000000000000000000000000000000000000000000000
00000000003101100003113331311013000000000000000000000000000000000000000000000000000000000000000000000000000000000000000000000000
00000000000310110000311333131101300000000000000000000000000000000000000000000000000000000000000000000000000000000000000000000000
00000000000310110000311331331101300000000000000000000000000000000000000000000000000000000000000000000000000000000000000000000000
00000000000031011000031133113110130000000000000000000000000000000000000000000000000000000000000000000000000000000000000000000000
00000000000031011333331133113110130000000000000000000000000000000000000000000000000000000000000000000000000000000000000000000000
00000000000003101111111111111111013000000000000000000000000000000000000000000000000000000000000000000000000000000000000000000000
00000000000003101111111111111111013000000000000000000000000000000000000000000000000000000000000000000000000000000000000000000000
00000000000000310111111111111111101300000000000000000000000000000000000000000000000000000000000000000000000000000000000000000000
00000000000000310000000000000000001300000000000000000000000000000000000000000000000000000000000000000000000000000000000000000000
00000000000000031111111111111111111130000000000000000000000000000000000000000000000000000000000000000000000000000000000000000000
00000000000000031111111111111111111130000000000000000000000000000000000000000000000000000000000000000000000000000000000000000000

0x48cfc5dc
31111111111111111111130000000000000000000000000000000000000000000000000000000000000000000000000000000000000000000000000000000000
31111111111111111111130000000000000000000000000000000000000000000000000000000000000000000000000000000000000000000000000000000000
03100000000000000000013000000000000000000000000000000000000000000000000000000000000000000000000000000000000000000000000000000000
03101111111111111111013000000000000000000000000000000000000000000000000000000000000000000000000000000000000000000000000000000000
00310111111111111111101300000000000000000000000000000000000000000000000000000000000000000000000000000000000000000000000000000000
00310111111111111111101300000000000000000000000000000000000000000000000000000000000000000000000000000000000000000000000000000000
00031011000000003333110130000000000000000000000000000000000000000000000000000000000000000000000000000000000000000000000000000000
00031011033333110011110130000000000000000000000000000000000000000000000000000000000000000000000000000000000000000000000000000000
00003101102222331101111013000000000000000000000000000000000000000000000000000000000000000000000000000000000000000000000000000000
00003101102222223110311013000000000000000000000000000000000000000000000000000000000000000000000000000000000000000000000000000000
00000310110112222301011101300000000000000000000000000000000000000000000000000000000000000000000000000000000000000000000000000000
00000310110211222311011101300000000000000000000000000000000000000000000000000000000000000000000000000000000000000000000000000000
00000031011011222230101110130000000000000000000000000000000000000000000000000000000000000000000000000000000000000000000000000000
00000031011011211231103110130000000000000000000000000000000000000000000000000000000000000000000000000000000000000000000000000000
00000003101102222230101311013000000000000000000000000000000000000000000000000000000000000000000000000000000000000000000000000000
00000003101101222231101311013000000000000000000000000000000000000000000000000000000000000000000000000000000000000000000000000000
00000000310110122230101131101300000000000000000000000000000000000000000000000000000000000000000000000000000000000000000000000000
00000000310110112311031131101300000000000000000000000000000000000000000000000000000000000000000000000000000000000000000000000000
00000000031011012301033333110130000000000000000000000000000000000000000000000000000000000000000000000000000000000000000000000000
00000000031011023110111111110130000000000000000000000000000000000000000000000000000000000000000000000000000000000000000000000000
00000000003101101103113311311013000000000000000000000000000000000000000000000000000000000000000000000000000000000000000000000000
00000000003101100003113331311013000000000000000000000000000000000000000000000000000000000000000000000000000000000000000000000000
00000000000310110000311333131101300000000000000000000000000000000000000000000000000000000000000000000000000000000000000000000000
00000000000310110000311331331101300000000000000000000000000000000000000000000000000000000000000000000000000000000000000000000000
00000000000031011000031133113110130000000000000000000000000000000000000000000000000000000000000000000000000000000000000000000000
00000000000031011333331133113110130000000000000000000000000000000000000000000000000000000000000000000000000000000000000000000000
00000000000003101111111111111111013000000000000000000000000000000000000000000000000000000000000000000000000000000000000000000000
00000000000003101111111111111111013000000000000000000000000000000000000000000000000000000000000000000000000000000000000000000000
00000000000000310111111111111111101300000000000000000000000000000000000000000000000000000000000000000000000000000000000000000000
00000000000000310000000000000000001300000000000000000000000000000000000000000000000000000000000000000000000000000000000000000000
00000000000000031111111111111111111130000000000000000000000000000000000000000000000000000000000000000000000000000000000000000000
00000000000000031111111111111111111130000000000000000000000000000000000000000000000000000000000000000000000000000000000000000000

0x48cfc62a
31111111111111111111130000000000000000000000000000000000000000000000000000000000000000000000000000000000000000000000000000000000
31111111111111111111130000000000000000000000000000000000000000000000000000000000000000000000000000000000000000000000000000000000
03100000000000000000013000000000000000000000000000000000000000000000000000000000000000000000000000000000000000000000000000000000
03101111111111111111013000000000000000000000000000000000000000000000000000000000000000000000000000000000000000000000000000000000
00310111111111111111101300000000000000000000000000000000000000000000000000000000000000000000000000000000000000000000000000000000
00310111111111111111101300000000000000000000000000000000000000000000000000000000000000000000000000000000000000000000000000000000
00031011000031133333110130000000000000000000000000000000000000000000000000000000000000000000000000000000000000000000000000000000
00031011000031133111110130000000000000000000000000000000000000000000000000000000000000000000000000000000000000000000000000000000
00003101100003113311111013000000000000000000000000000000000000000000000000000000000000000000000000000000000000000000000000000000
00003101101100113333311013000000000000000000000000000000000000000000000000000000000000000000000000000000000000000000000000000000
00000310110311011331111101300000000000000000000000000000000000000000000000000000000000000000000000000000000000000000000000000000
00000310110231101331111101300000000000000000000000000000000000000000000000000000000000000000000000000000000000000000000000000000
00000031011023010111111110130000000000000000000000000000000000000000000000000000000000000000000000000000000000000000000000000000
00000031011023110133113110130000000000000000000000000000000000000000000000000000000000000000000000000000000000000000000000000000
00000003101102301013311311013000000000000000000000000000000000000000000000000000000000000000000000000000000000000000000000000000
00000003101102311013311311013000000000000000000000000000000000000000000000000000000000000000000000000000000000000000000000000000
00000000310110301011331131101300000000000000000000000000000000000000000000000000000000000000000000000000000000000000000000000000
00000000310110311011331131101300000000000000000000000000000000000000000000000000000000000000000000000000000000000000000000000000
00000000031011001031133333110130000000000000000000000000000000000000000000000000000000000000000000000000000000000000000000000000
00000000031011010031111111110130000000000000000000000000000000000000000000000000000000000000000000000000000000000000000000000000
00000000003101100003113311311013000000000000000000000000000000000000000000000000000000000000000000000000000000000000000000000000
00000000003101100003113331311013000000000000000000000000000000000000000000000000000000000000000000000000000000000000000000000000
00000000000310110000311333131101300000000000000000000000000000000000000000000000000000000000000000000000000000000000000000000000
00000000000310110000311331331101300000000000000000000000000000000000000000000000000000000000000000000000000000000000000000000000
00000000000031011000031133113110130000000000000000000000000000000000000000000000000000000000000000000000000000000000000000000000
00000000000031011333331133113110130000000000000000000000000000000000000000000000000000000000000000000000000000000000000000000000
00000000000003101111111111111111013000000000000000000000000000000000000000000000000000000000000000000000000000000000000000000000
00000000000003101111111111111111013000000000000000000000000000000000000000000000000000000000000000000000000000000000000000000000
00000000000000310111111111111111101300000000000000000000000000000000000000000000000000000000000000000000000000000000000000000000
00000000000000310000000000000000001300000000000000000000000000000000000000000000000000000000000000000000000000000000000000000000
00000000000000031111111111111111111130000000000000000000000000000000000000000000000000000000000000000000000000000000000000000000
00000000000000031111111111111111111130000000000000000000000000000000000000000000000000000000000000000000000000000000000000000000

0x48cfc678
31111111111111111111130000000000000000000000000000000000000000000000000000000000000000000000000000000000000000000000000000000000
31111111111111111111130000000000000000000000000000000000000000000000000000000000000000000000000000000000000000000000000000000000
03100000000000000000013000000000000000000000000000000000000003333033000330033333003333333033333300333333330000000000000000000000
03101111111111111111013000000000000000000000000000000000000003333033300330333333303333333033333330333333330000000000000000000000
00310111111111111111101300000000000000000000000000000000000000330033330330330003303300000033000330000330000000000000000000000000
00310111111111111111101300000000000000000000000000000000000000330033333330330003303300000033000330000330000000000000000000000000
00031011000031133333110130000000000000000000000000000000000000330033033330330000003300000033000330000330000000000000000000000000
00031011000031133111110130000000000000000000000000000000000000330033003330333333003333333033333330000330000000000000000000000000
00003101100003113311111013000000000000000000000000000000000000330033000330033333303333333033333300000330000000000000000000000000
00003101100003113333311013000000000000000000000000000000000000330033000330000003303300000033033000000330000000000000000000000000
00000310110000311331111101300000000000000000000000000000000000330033000330330003303300000033003300000330000000000000000000000000
00000310110000311331111101300000000000000000000000000000000000330033000330330003303300000033000330000330000000000000000000000000
00000031011000031111111110130000000000000000000000000000000003333033000330333333303333333033000330000330000000000000000000000000
00000031011000031133113110130000000000000000000000000000000003333033000330033333003333333033000330000330000000000000000000000000
00000003101100003113311311013000000000000000000000000000000000000000000000000000000000000000000000000000000000000000000000000000
00000003101100003113311311013000000000000000000000000000000000000000000000000000000000000000000000000000000000000000000000000000
00000000310110000311331131101300000000000000000000000000000000000000000000000000000000000000000000000000000000000000000000000000
00000000310110000311331131101300000000000000000000000000000000000003333300033333003333033000330033333000000000000000000000000000
00000000031011000031133333110130000000000000000000000000000000000033333330333333303333033300330333333300000000000000000000000000
00000000031011000031111111110130000000000000000000000000000000000033000330330003300330033330330330003300000000000000000000000000
00000000003101100003113311311013000000000000000000000000000000000033000330330003300330033333330330003300000000000000000000000000
00000000003101100003113331311013000000000000000000000000000000000033000000330003300330033033330330000000000000000000000000000000
00000000000310110000311333131101300000000000000000000000000000000033000000330003300330033003330333333000000000000000000000000000
00000000000310110000311331331101300000000000000000000000000000000033000000330003300330033000330033333300000000000000000000000000
00000000000031011000031133113110130000000000000000000000000000000033000000330003300330033000330000003300000000000000000000000000
00000000000031011333331133113110130000000000000000000000000000000033000330330003300330033000330330003300000000000000000000000000
00000000000003101111111111111111013000000000000000000000000000000033000330330003300330033000330330003300000000000000000000000000
00000000000003101111111111111111013000000000000000000000000000000033333330333333303333033000330333333300000000000000000000000000
00000000000000310111111111111111101300000000000000000000000000000003333300033333003333033000330033333000000000000000000000000000
00000000000000310000000000000000001300000000000000000000000000000000000000000000000000000000000000000000000000000000000000000000
00000000000000031111111111111111111130000000000000000000000000000000000000000000000000000000000000000000000000000000000000000000
00000000000000031111111111111111111130000000000000000000000000000000000000000000000000000000000000000000000000000000000000000000

0x48cfc762
31111111111111111111130000000000000000000000000000000000033333110000000000000000000000000000000000000000000000000000000000000000
31111111111111111111130000000000000000000000000000000000000000000000000000000000000000000000000000000000000000000000000000000000
03100000000000000000013000000000000000000000000000000000000000000000000000000000000000000000000000000000000000000000000000000000
03101111111111111111013000000000000000000000000000000000000000000000000000000000000000000000000000000000000000000000000000000000
00310111111111111111101300000000000000000000000000000000000000000000000000000000000000000000000000000000000000000000000000000000
00310111111111111111101300000000000000000000000000000000000000000000000000000000000000000000000000000000000000000000000000000000
00031011000031133333110130000000000000000000000000000000000000000000000000000000000000000000000000000000000000000000000000000000
00031011000031133111110130000000000000000000000000000000000000000000000000000000000000000000000000000000000000000000000000000000
00003101100003113311111013000000000000000000000000000000000000000000000000000000000000000000000000000000000000000000000000000000
00003101100003113333311013000000000000000000000000000000000000000000000000000000000000000000000000000000000000000000000000000000
00000310110000311331111101300000000000000000000000000000000000000000000000000000000000000000000000000000000000000000000000000000
00000310110000311331111101300000000000000000000000000000000000000000000000000000000000000000000000000000000000000000000000000000
00000031011000031111111110130000000000000000000000000000000000000000000000000000000000000000000000000000000000000000000000000000
00000031011000031133113110130000000000000000000000000000000000000000000000000000000000000000000000000000000000000000000000000000
00000003101100003113311311013000000000000000000000000000000000000000000000000000000000000000000000000000000000000000000000000000
00000003101100003113311311013000000000000000000000000000000000000000000000000000000000000000000000000000000000000000000000000000
00000000310110000311331131101300000000000000000000000000000000000000000000000000000000000000000000000000000000000000000000000000
00000000310110000311331131101300000000000000000000000000000000000000000000000000000000000000000000000000000000000000000000000000
00000000031011000031133333110130000000000000000000000000000000000000000000000000000000000000000000000000000000000000000000000000
00000000031011000031111111110130000000000000000000000000000000000000000000000000000000000000000000000000000000000000000000000000
00000000003101100003113311311013000000000000000000000000000000000000000000000000000000000000000000000000000000000000000000000000
00000000003101100003113331311013000000000000000000000000000000000000000000000000000000000000000000000000000000000000000000000000
00000000000310110000311333131101300000000000000000000000000000000000000000000000000000000000000000000000000000000000000000000000
00000000000310110000311331331101300000000000000000000000000000000000000000000000000000000000000000000000000000000000000000000000
00000000000031011000031133113110130000000000000000000000000000000000000000000000000000000000000000000000000000000000000000000000
00000000000031011333331133113110130000000000000000000000000000000000000000000000000000000000000000000000000000000000000000000000
00000000000003101111111111111111013000000000000000000000000000000000000000000000000000000000000000000000000000000000000000000000
00000000000003101111111111111111013000000000000000000000000000000000000000000000000000000000000000000000000000000000000000000000
00000000000000310111111111111111101300000000000000000000000000000000000000000000000000000000000000000000000000000000000000000000
00000000000000310000000000000000001300000000000000000000000000000000000000000000000000000000000000000000000000000000000000000000
00000000000000031111111111111111111130000000000000000000000000000000000000000000000000000000000000000000000000000000000000000000
00000000000000031111111111111111111130000000000000000000000000000000000000000000000000000000000000000000000000000000000000000000

0x48cfc7a1
31111111111111111111130000000000000000000000000000322211122231100000000000000000000000000000000000000000000000000000000000000000
31111111111111111111130000000000000000000000000000033222223311000000000000000000000000000000000000000000000000000000000000000000
03100000000000000000013000000000000000000000000000000333331100000000000000000000000000000000000000000000000000000000000000000000
03101111111111111111013000000000000000000000000000000000000000000000000000000000000000000000000000000000000000000000000000000000
00310111111111111111101300000000000000000000000000000000000000000000000000000000000000000000000000000000000000000000000000000000
00310111111111111111101300000000000000000000000000000000000000000000000000000000000000000000000000000000000000000000000000000000
00031011000031133333110130000000000000000000000000000000000000000000000000000000000000000000000000000000000000000000000000000000
00031011000031133111110130000000000000000000000000000000000000000000000000000000000000000000000000000000000000000000000000000000
00003101100003113311111013000000000000000000000000000000000000000000000000000000000000000000000000000000000000000000000000000000
00003101100003113333311013000000000000000000000000000000000000000000000000000000000000000000000000000000000000000000000000000000
00000310110000311331111101300000000000000000000000000000000000000000000000000000000000000000000000000000000000000000000000000000
00000310110000311331111101300000000000000000000000000000000000000000000000000000000000000000000000000000000000000000000000000000
00000031011000031111111110130000000000000000000000000000000000000000000000000000000000000000000000000000000000000000000000000000
00000031011000031133113110130000000000000000000000000000000000000000000000000000000000000000000000000000000000000000000000000000
00000003101100003113311311013000000000000000000000000000000000000000000000000000000000000000000000000000000000000000000000000000
00000003101100003113311311013000000000000000000000000000000000000000000000000000000000000000000000000000000000000000000000000000
00000000310110000311331131101300000000000000000000000000000000000000000000000000000000000000000000000000000000000000000000000000
00000000310110000311331131101300000000000000000000000000000000000000000000000000000000000000000000000000000000000000000000000000
00000000031011000031133333110130000000000000000000000000000000000000000000000000000000000000000000000000000000000000000000000000
00000000031011000031111111110130000000000000000000000000000000000000000000000000000000000000000000000000000000000000000000000000
00000000003101100003113311311013000000000000000000000000000000000000000000000000000000000000000000000000000000000000000000000000
00000000003101100003113331311013000000000000000000000000000000000000000000000000000000000000000000000000000000000000000000000000
00000000000310110000311333131101300000000000000000000000000000000000000000000000000000000000000000000000000000000000000000000000
00000000000310110000311331331101300000000000000000000000000000000000000000000000000000000000000000000000000000000000000000000000
00000000000031011000031133113110130000000000000000000000000000000000000000000000000000000000000000000000000000000000000000000000
00000000000031011333331133113110130000000000000000000000000000000000000000000000000000000000000000000000000000000000000000000000
00000000000003101111111111111111013000000000000000000000000000000000000000000000000000000000000000000000000000000000000000000000
00000000000003101111111111111111013000000000000000000000000000000000000000000000000000000000000000000000000000000000000000000000
00000000000000310111111111111111101300000000000000000000000000000000000000000000000000000000000000000000000000000000000000000000
00000000000000310000000000000000001300000000000000000000000000000000000000000000000000000000000000000000000000000000000000000000
00000000000000031111111111111111111130000000000000000000000000000000000000000000000000000000000000000000000000000000000000000000
00000000000000031111111111111111111130000000000000000000000000000000000000000000000000000000000000000000000000000000000000000000

0x48cfc7ef
31111111111111111111130000000000000000000000032322222211231100000000000000000000000000000000000000000000000000000000000000000000
31111111111111111111130000000000000000000000032322222211230100000000000000000000000000000000000000000000000000000000000000000000
03100000000000000000013000000000000000000000003222111222311000000000000000000000000000000000000000000000000000000000000000000000
03101111111111111111013000000000000000000000000332222233110000000000000000000000000000000000000000000000000000000000000000000000
00310111111111111111101300000000000000000000000003333311000000000000000000000000000000000000000000000000000000000000000000000000
00310111111111111111101300000000000000000000000000000000000000000000000000000000000000000000000000000000000000000000000000000000
00031011000031133333110130000000000000000000000000000000000000000000000000000000000000000000000000000000000000000000000000000000
00031011000031133111110130000000000000000000000000000000000000000000000000000000000000000000000000000000000000000000000000000000
00003101100003113311111013000000000000000000000000000000000000000000000000000000000000000000000000000000000000000000000000000000
00003101100003113333311013000000000000000000000000000000000000000000000000000000000000000000000000000000000000000000000000000000
00000310110000311331111101300000000000000000000000000000000000000000000000000000000000000000000000000000000000000000000000000000
00000310110000311331111101300000000000000000000000000000000000000000000000000000000000000000000000000000000000000000000000000000
00000031011000031111111110130000000000000000000000000000000000000000000000000000000000000000000000000000000000000000000000000000
00000031011000031133113110130000000000000000000000000000000000000000000000000000000000000000000000000000000000000000000000000000
00000003101100003113311311013000000000000000000000000000000000000000000000000000000000000000000000000000000000000000000000000000
00000003101100003113311311013000000000000000000000000000000000000000000000000000000000000000000000000000000000000000000000000000
00000000310110000311331131101300000000000000000000000000000000000000000000000000000000000000000000000000000000000000000000000000
00000000310110000311331131101300000000000000000000000000000000000000000000000000000000000000000000000000000000000000000000000000
00000000031011000031133333110130000000000000000000000000000000000000000000000000000000000000000000000000000000000000000000000000
00000000031011000031111111110130000000000000000000000000000000000000000000000000000000000000000000000000000000000000000000000000
00000000003101100003113311311013000000000000000000000000000000000000000000000000000000000000000000000000000000000000000000000000
00000000003101100003113331311013000000000000000000000000000000000000000000000000000000000000000000000000000000000000000000000000
00000000000310110000311333131101300000000000000000000000000000000000000000000000000000000000000000000000000000000000000000000000
00000000000310110000311331331101300000000000000000000000000000000000000000000000000000000000000000000000000000000000000000000000
00000000000031011000031133113110130000000000000000000000000000000000000000000000000000000000000000000000000000000000000000000000
00000000000031011333331133113110130000000000000000000000000000000000000000000000000000000000000000000000000000000000000000000000
00000000000003101111111111111111013000000000000000000000000000000000000000000000000000000000000000000000000000000000000000000000
00000000000003101111111111111111013000000000000000000000000000000000000000000000000000000000000000000000000000000000000000000000
00000000000000310111111111111111101300000000000000000000000000000000000000000000000000000000000000000000000000000000000000000000
00000000000000310000000000000000001300000000000000000000000000000000000000000000000000000000000000000000000000000000000000000000
00000000000000031111111111111111111130000000000000000000000000000000000000000000000000000000000000000000000000000000000000000000
00000000000000031111111111111111111130000000000000000000000000000000000000000000000000000000000000000000000000000000000000000000

0x48cfc83d
31111111111111111111130000000000000000003223222221122230100000000000000000000000000000000000000000000000000000000000000000000000
31111111111111111111130000000000000000000323222222112311000000000000000000000000000000000000000000000000000000000000000000000000
03100000000000000000013000000000000000000323222222112301000003333033000330033333003333333033333300333333330000000000000000000000
03101111111111111111013000000000000000000032221112223110000003333033300330333333303333333033333330333333330000000000000000000000
00310111111111111111101300000000000000000003322222331100000000330033330330330003303300000033000330000330000000000000000000000000
00310111111111111111101300000000000000000000033333110000000000330033333330330003303300000033000330000330000000000000000000000000
00031011000031133333110130000000000000000000000000000000000000330033033330330000003300000033000330000330000000000000000000000000
00031011000031133111110130000000000000000000000000000000000000330033003330333333003333333033333330000330000000000000000000000000
00003101100003113311111013000000000000000000000000000000000000330033000330033333303333333033333300000330000000000000000000000000
00003101100003113333311013000000000000000000000000000000000000330033000330000003303300000033033000000330000000000000000000000000
00000310110000311331111101300000000000000000000000000000000000330033000330330003303300000033003300000330000000000000000000000000
00000310110000311331111101300000000000000000000000000000000000330033000330330003303300000033000330000330000000000000000000000000
00000031011000031111111110130000000000000000000000000000000003333033000330333333303333333033000330000330000000000000000000000000
00000031011000031133113110130000000000000000000000000000000003333033000330033333003333333033000330000330000000000000000000000000
00000003101100003113311311013000000000000000000000000000000000000000000000000000000000000000000000000000000000000000000000000000
00000003101100003113311311013000000000000000000000000000000000000000000000000000000000000000000000000000000000000000000000000000
00000000310110000311331131101300000000000000000000000000000000000000000000000000000000000000000000000000000000000000000000000000
00000000310110000311331131101300000000000000000000000000000000000003333300033333003333033000330033333000000000000000000000000000
00000000031011000031133333110130000000000000000000000000000000000033333330333333303333033300330333333300000000000000000000000000
00000000031011000031111111110130000000000000000000000000000000000033000330330003300330033330330330003300000000000000000000000000
00000000003101100003113311311013000000000000000000000000000000000033000330330003300330033333330330003300000000000000000000000000
00000000003101100003113331311013000000000000000000000000000000000033000000330003300330033033330330000000000000000000000000000000
00000000000310110000311333131101300000000000000000000000000000000033000000330003300330033003330333333000000000000000000000000000
00000000000310110000311331331101300000000000000000000000000000000033000000330003300330033000330033333300000000000000000000000000
00000000000031011000031133113110130000000000000000000000000000000033000000330003300330033000330000003300000000000000000000000000
00000000000031011333331133113110130000000000000000000000000000000033000330330003300330033000330330003300000000000000000000000000
00000000000003101111111111111111013000000000000000000000000000000033000330330003300330033000330330003300000000000000000000000000
00000000000003101111111111111111013000000000000000000000000000000033333330333333303333033000330333333300000000000000000000000000
00000000000000310111111111111111101300000000000000000000000000000003333300033333003333033000330033333000000000000000000000000000
00000000000000310000000000000000001300000000000000000000000000000000000000000000000000000000000000000000000000000000000000000000
00000000000000031111111111111111111130000000000000000000000000000000000000000000000000000000000000000000000000000000000000000000
00000000000000031111111111111111111130000000000000000000000000000000000000000000000000000000000000000000000000000000000000000000

0x48cfc89b
31111111111111111111130000000000000032122321122222301000000000000000000000000000000000000000000000000000000000000000000000000000
31111111111111111111130000000000000032223222112222311000000000000000000000000000000000000000000000000000000000000000000000000000
03100000000000000000013000000000000032232222211222301000000003333033000330033333003333333033333300333333330000000000000000000000
03101111111111111111013000000000000003232222221123110000000003333033300330333333303333333033333330333333330000000000000000000000
00310111111111111111101300000000000003232222221123010000000000330033330330330003303300000033000330000330000000000000000000000000
00310111111111111111101300000000000000322211122231100000000000330033333330330003303300000033000330000330000000000000000000000000
00031011000031133333110130000000000000033222223311000000000000330033033330330000003300000033000330000330000000000000000000000000
00031011000031133111110130000000000000000333331100000000000000330033003330333333003333333033333330000330000000000000000000000000
00003101100003113311111013000000000000000000000000000000000000330033000330033333303333333033333300000330000000000000000000000000
00003101100003113333311013000000000000000000000000000000000000330033000330000003303300000033033000000330000000000000000000000000
00000310110000311331111101300000000000000000000000000000000000330033000330330003303300000033003300000330000000000000000000000000
00000310110000311331111101300000000000000000000000000000000000330033000330330003303300000033000330000330000000000000000000000000
00000031011000031111111110130000000000000000000000000000000003333033000330333333303333333033000330000330000000000000000000000000
00000031011000031133113110130000000000000000000000000000000003333033000330033333003333333033000330000330000000000000000000000000
00000003101100003113311311013000000000000000000000000000000000000000000000000000000000000000000000000000000000000000000000000000
00000003101100003113311311013000000000000000000000000000000000000000000000000000000000000000000000000000000000000000000000000000
00000000310110000311331131101300000000000000000000000000000000000000000000000000000000000000000000000000000000000000000000000000
00000000310110000311331131101300000000000000000000000000000000000003333300033333003333033000330033333000000000000000000000000000
00000000031011000031133333110130000000000000000000000000000000000033333330333333303333033300330333333300000000000000000000000000
00000000031011000031111111110130000000000000000000000000000000000033000330330003300330033330330330003300000000000000000000000000
00000000003101100003113311311013000000000000000000000000000000000033000330330003300330033333330330003300000000000000000000000000
00000000003101100003113331311013000000000000000000000000000000000033000000330003300330033033330330000000000000000000000000000000
00000000000310110000311333131101300000000000000000000000000000000033000000330003300330033003330333333000000000000000000000000000
00000000000310110000311331331101300000000000000000000000000000000033000000330003300330033000330033333300000000000000000000000000
00000000000031011000031133113110130000000000000000000000000000000033000000330003300330033000330000003300000000000000000000000000
00000000000031011333331133113110130000000000000000000000000000000033000330330003300330033000330330003300000000000000000000000000
00000000000003101111111111111111013000000000000000000000000000000033000330330003300330033000330330003300000000000000000000000000
00000000000003101111111111111111013000000000000000000000000000000033333330333333303333033000330333333300000000000000000000000000
00000000000000310111111111111111101300000000000000000000000000000003333300033333003333033000330033333000000000000000000000000000
00000000000000310000000000000000001300000000000000000000000000000000000000000000000000000000000000000000000000000000000000000000
00000000000000031111111111111111111130000000000000000000000000000000000000000000000000000000000000000000000000000000000000000000
00000000000000031111111111111111111130000000000000000000000000000000000000000000000000000000000000000000000000000000000000000000

0x48cfc8f9
31111111111111111111130000000000322232221122223010000000000000000000000000000000000000000000000000000000000000000000000000000000
31111111111111111111130000000000322232221121123110000000000000000000000000000000000000000000000000000000000000000000000000000000
03100000000000000000013000000000321223211222223010000000000003333033000330033333003333333033333300333333330000000000000000000000
03101111111111111111013000000000322232221122223110000000000003333033300330333333303333333033333330333333330000000000000000000000
00310111111111111111101300000000322322222112223010000000000000330033330330330003303300000033000330000330000000000000000000000000
00310111111111111111101300000000032322222211231100000000000000330033333330330003303300000033000330000330000000000000000000000000
00031011000031133333110130000000032322222211230100000000000000330033033330330000003300000033000330000330000000000000000000000000
00031011000031133111110130000000003222111222311000000000000000330033003330333333003333333033333330000330000000000000000000000000
00003101100003113311111013000000000332222233110000000000000000330033000330033333303333333033333300000330000000000000000000000000
00003101100003113333311013000000000003333311000000000000000000330033000330000003303300000033033000000330000000000000000000000000
00000310110000311331111101300000000000000000000000000000000000330033000330330003303300000033003300000330000000000000000000000000
00000310110000311331111101300000000000000000000000000000000000330033000330330003303300000033000330000330000000000000000000000000
00000031011000031111111110130000000000000000000000000000000003333033000330333333303333333033000330000330000000000000000000000000
00000031011000031133113110130000000000000000000000000000000003333033000330033333003333333033000330000330000000000000000000000000
00000003101100003113311311013000000000000000000000000000000000000000000000000000000000000000000000000000000000000000000000000000
00000003101100003113311311013000000000000000000000000000000000000000000000000000000000000000000000000000000000000000000000000000
00000000310110000311331131101300000000000000000000000000000000000000000000000000000000000000000000000000000000000000000000000000
00000000310110000311331131101300000000000000000000000000000000000003333300033333003333033000330033333000000000000000000000000000
00000000031011000031133333110130000000000000000000000000000000000033333330333333303333033300330333333300000000000000000000000000
00000000031011000031111111110130000000000000000000000000000000000033000330330003300330033330330330003300000000000000000000000000
00000000003101100003113311311013000000000000000000000000000000000033000330330003300330033333330330003300000000000000000000000000
00000000003101100003113331311013000000000000000000000000000000000033000000330003300330033033330330000000000000000000000000000000
00000000000310110000311333131101300000000000000000000000000000000033000000330003300330033003330333333000000000000000000000000000
00000000000310110000311331331101300000000000000000000000000000000033000000330003300330033000330033333300000000000000000000000000
00000000000031011000031133113110130000000000000000000000000000000033000000330003300330033000330000003300000000000000000000000000
00000000000031011333331133113110130000000000000000000000000000000033000330330003300330033000330330003300000000000000000000000000
00000000000003101111111111111111013000000000000000000000000000000033000330330003300330033000330330003300000000000000000000000000
00000000000003101111111111111111013000000000000000000000000000000033333330333333303333033000330333333300000000000000000000000000
00000000000000310111111111111111101300000000000000000000000000000003333300033333003333033000330033333000000000000000000000000000
00000000000000310000000000000000001300000000000000000000000000000000000000000000000000000000000000000000000000000000000000000000
00000000000000031111111111111111111130000000000000000000000000000000000000000000000000000000000000000000000000000000000000000000
00000000000000031111111111111111111130000000000000000000000000000000000000000000000000000000000000000000000000000000000000000000

0x48cfc937
31111111111111111111130000000322233112222301000000000000000000000000000000000000000000000000000000000000000000000000000000000000
31111111111111111111130000000322322211222311000000000000000000000000000000000000000000000000000000000000000000000000000000000000
03100000000000000000013000003222322211222230100000000000000000000000000000000000000000000000000000000000000000000000000000000000
03101111111111111111013000003222322211211231100000000000000000000000000000000000000000000000000000000000000000000000000000000000
00310111111111111111101300003212232112222230100000000000000000000000000000000000000000000000000000000000000000000000000000000000
00310111111111111111101300003222322211222231100000000000000000000000000000000000000000000000000000000000000000000000000000000000
00031011000031133333110130003223222221122230100000000000000000000000000000000000000000000000000000000000000000000000000000000000
00031011000031133111110130000323222222112311000000000000000000000000000000000000000000000000000000000000000000000000000000000000
00003101100003113311111013000323222222112301000000000000000000000000000000000000000000000000000000000000000000000000000000000000
00003101100003113333311013000032221112223110000000000000000000000000000000000000000000000000000000000000000000000000000000000000
00000310110000311331111101300003322222331100000000000000000000000000000000000000000000000000000000000000000000000000000000000000
00000310110000311331111101300000033333110000000000000000000000000000000000000000000000000000000000000000000000000000000000000000
00000031011000031111111110130000000000000000000000000000000000000000000000000000000000000000000000000000000000000000000000000000
00000031011000031133113110130000000000000000000000000000000000000000000000000000000000000000000000000000000000000000000000000000
00000003101100003113311311013000000000000000000000000000000000000000000000000000000000000000000000000000000000000000000000000000
00000003101100003113311311013000000000000000000000000000000000000000000000000000000000000000000000000000000000000000000000000000
00000000310110000311331131101300000000000000000000000000000000000000000000000000000000000000000000000000000000000000000000000000
00000000310110000311331131101300000000000000000000000000000000000000000000000000000000000000000000000000000000000000000000000000
00000000031011000031133333110130000000000000000000000000000000000000000000000000000000000000000000000000000000000000000000000000
00000000031011000031111111110130000000000000000000000000000000000000000000000000000000000000000000000000000000000000000000000000
00000000003101100003113311311013000000000000000000000000000000000000000000000000000000000000000000000000000000000000000000000000
00000000003101100003113331311013000000000000000000000000000000000000000000000000000000000000000000000000000000000000000000000000
00000000000310110000311333131101300000000000000000000000000000000000000000000000000000000000000000000000000000000000000000000000
00000000000310110000311331331101300000000000000000000000000000000000000000000000000000000000000000000000000000000000000000000000
00000000000031011000031133113110130000000000000000000000000000000000000000000000000000000000000000000000000000000000000000000000
00000000000031011333331133113110130000000000000000000000000000000000000000000000000000000000000000000000000000000000000000000000
00000000000003101111111111111111013000000000000000000000000000000000000000000000000000000000000000000000000000000000000000000000
00000000000003101111111111111111013000000000000000000000000000000000000000000000000000000000000000000000000000000000000000000000
00000000000000310111111111111111101300000000000000000000000000000000000000000000000000000000000000000000000000000000000000000000
00000000000000310000000000000000001300000000000000000000000000000000000000000000000000000000000000000000000000000000000000000000
00000000000000031111111111111111111130000000000000000000000000000000000000000000000000000000000000000000000000000000000000000000
00000000000000031111111111111111111130000000000000000000000000000000000000000000000000000000000000000000000000000000000000000000

0x48cfc976
31111111111111111111130000322222222231100000000000000000000000000000000000000000000000000000000000000000000000000000000000000000
31111111111111111111130003222331122223010000000000000000000000000000000000000000000000000000000000000000000000000000000000000000
03100000000000000000013003223222112223110000000000000000000000000000000000000000000000000000000000000000000000000000000000000000
03101111111111111111013032223222112222301000000000000000000000000000000000000000000000000000000000000000000000000000000000000000
00310111111111111111101032223222112112311000000000000000000000000000000000000000000000000000000000000000000000000000000000000000
00310111111111111111101032122321122222301000000000000000000000000000000000000000000000000000000000000000000000000000000000000000
00031011000031133333110032223222112222311000000000000000000000000000000000000000000000000000000000000000000000000000000000000000
00031011000031133111110032232222211222301000000000000000000000000000000000000000000000000000000000000000000000000000000000000000
00003101100003113311111003232222221123110000000000000000000000000000000000000000000000000000000000000000000000000000000000000000
00003101100003113333311003232222221123010000000000000000000000000000000000000000000000000000000000000000000000000000000000000000
00000310110000311331111100322211122231100000000000000000000000000000000000000000000000000000000000000000000000000000000000000000
00000310110000311331111101033222223311000000000000000000000000000000000000000000000000000000000000000000000000000000000000000000
00000031011000031111111110100333331100000000000000000000000000000000000000000000000000000000000000000000000000000000000000000000
00000031011000031133113110130000000000000000000000000000000000000000000000000000000000000000000000000000000000000000000000000000
00000003101100003113311311013000000000000000000000000000000000000000000000000000000000000000000000000000000000000000000000000000
00000003101100003113311311013000000000000000000000000000000000000000000000000000000000000000000000000000000000000000000000000000
00000000310110000311331131101300000000000000000000000000000000000000000000000000000000000000000000000000000000000000000000000000
00000000310110000311331131101300000000000000000000000000000000000000000000000000000000000000000000000000000000000000000000000000
00000000031011000031133333110130000000000000000000000000000000000000000000000000000000000000000000000000000000000000000000000000
00000000031011000031111111110130000000000000000000000000000000000000000000000000000000000000000000000000000000000000000000000000
00000000003101100003113311311013000000000000000000000000000000000000000000000000000000000000000000000000000000000000000000000000
00000000003101100003113331311013000000000000000000000000000000000000000000000000000000000000000000000000000000000000000000000000
00000000000310110000311333131101300000000000000000000000000000000000000000000000000000000000000000000000000000000000000000000000
00000000000310110000311331331101300000000000000000000000000000000000000000000000000000000000000000000000000000000000000000000000
00000000000031011000031133113110130000000000000000000000000000000000000000000000000000000000000000000000000000000000000000000000
00000000000031011333331133113110130000000000000000000000000000000000000000000000000000000000000000000000000000000000000000000000
00000000000003101111111111111111013000000000000000000000000000000000000000000000000000000000000000000000000000000000000000000000
00000000000003101111111111111111013000000000000000000000000000000000000000000000000000000000000000000000000000000000000000000000
00000000000000310111111111111111101300000000000000000000000000000000000000000000000000000000000000000000000000000000000000000000
00000000000000310000000000000000001300000000000000000000000000000000000000000000000000000000000000000000000000000000000000000000
00000000000000031111111111111111111130000000000000000000000000000000000000000000000000000000000000000000000000000000000000000000
00000000000000031111111111111111111130000000000000000000000000000000000000000000000000000000000000000000000000000000000000000000

0x48cfc9a5
31111111111111111111130003333311000000000000000000000000000000000000000000000000000000000000000000000000000000000000000000000000
31111111111111111111130332222233110000000000000000000000000000000000000000000000000000000000000000000000000000000000000000000000
03100000000000000000003222222222311000000000000000000000000000000000000000000000000000000000000000000000000000000000000000000000
03101111111111111111032223311222230100000000000000000000000000000000000000000000000000000000000000000000000000000000000000000000
00310111111111111111032232221122231100000000000000000000000000000000000000000000000000000000000000000000000000000000000000000000
00310111111111111110322232221122223010000000000000000000000000000000000000000000000000000000000000000000000000000000000000000000
00031011000031133330322232221121123110000000000000000000000000000000000000000000000000000000000000000000000000000000000000000000
00031011000031133110321223211222223010000000000000000000000000000000000000000000000000000000000000000000000000000000000000000000
00003101100003113310322232221122223110000000000000000000000000000000000000000000000000000000000000000000000000000000000000000000
00003101100003113330322322222112223010000000000000000000000000000000000000000000000000000000000000000000000000000000000000000000
00000310110000311331032322222211231100000000000000000000000000000000000000000000000000000000000000000000000000000000000000000000
00000310110000311331032322222211230100000000000000000000000000000000000000000000000000000000000000000000000000000000000000000000
00000031011000031111103222111222311000000000000000000000000000000000000000000000000000000000000000000000000000000000000000000000
00000031011000031133110332222233110000000000000000000000000000000000000000000000000000000000000000000000000000000000000000000000
00000003101100003113311003333311000000000000000000000000000000000000000000000000000000000000000000000000000000000000000000000000
00000003101100003113311310000000000000000000000000000000000000000000000000000000000000000000000000000000000000000000000000000000
00000000310110000311331131101300000000000000000000000000000000000000000000000000000000000000000000000000000000000000000000000000
00000000310110000311331131101300000000000000000000000000000000000000000000000000000000000000000000000000000000000000000000000000
00000000031011000031133333110130000000000000000000000000000000000000000000000000000000000000000000000000000000000000000000000000
00000000031011000031111111110130000000000000000000000000000000000000000000000000000000000000000000000000000000000000000000000000
00000000003101100003113311311013000000000000000000000000000000000000000000000000000000000000000000000000000000000000000000000000
00000000003101100003113331311013000000000000000000000000000000000000000000000000000000000000000000000000000000000000000000000000
00000000000310110000311333131101300000000000000000000000000000000000000000000000000000000000000000000000000000000000000000000000
00000000000310110000311331331101300000000000000000000000000000000000000000000000000000000000000000000000000000000000000000000000
00000000000031011000031133113110130000000000000000000000000000000000000000000000000000000000000000000000000000000000000000000000
00000000000031011333331133113110130000000000000000000000000000000000000000000000000000000000000000000000000000000000000000000000
00000000000003101111111111111111013000000000000000000000000000000000000000000000000000000000000000000000000000000000000000000000
00000000000003101111111111111111013000000000000000000000000000000000000000000000000000000000000000000000000000000000000000000000
00000000000000310111111111111111101300000000000000000000000000000000000000000000000000000000000000000000000000000000000000000000
00000000000000310000000000000000001300000000000000000000000000000000000000000000000000000000000000000000000000000000000000000000
00000000000000031111111111111111111130000000000000000000000000000000000000000000000000000000000000000000000000000000000000000000
00000000000000031111111111111111111130000000000000000000000000000000000000000000000000000000000000000000000000000000000000000000

0x48cfca12
31111111111111111111130000000000000000000000000000000000000000000000000000000000000000000000000000000000000000000000000000000000
31111111111111111111100000000000000000000000000000000000000000000000000000000000000000000000000000000000000000000000000000000000
03100000000000000000033333110000000000000000000000000000000003333033000330033333003333333033333300333333330000000000000000000000
03101111111111111103322222331100000000000000000000000000000003333033300330333333303333333033333330333333330000000000000000000000
00310111111111111032222222223110000000000000000000000000000000330033330330330003303300000033000330000330000000000000000000000000
00310111111111110322233112222301000000000000000000000000000000330033333330330003303300000033000330000330000000000000000000000000
00031011000031130322322211222311000000000000000000000000000000330033033330330000003300000033000330000330000000000000000000000000
00031011000031103222322211222230100000000000000000000000000000330033003330333333003333333033333330000330000000000000000000000000
00003101100003103222322211211231100000000000000000000000000000330033000330033333303333333033333300000330000000000000000000000000
00003101100003103212232112222230100000000000000000000000000000330033000330000003303300000033033000000330000000000000000000000000
00000310110000303222322211222231100000000000000000000000000000330033000330330003303300000033003300000330000000000000000000000000
00000310110000303223222221122230100000000000000000000000000000330033000330330003303300000033000330000330000000000000000000000000
00000031011000030323222222112311000000000000000000000000000003333033000330333333303333333033000330000330000000000000000000000000
00000031011000030323222222112301000000000000000000000000000003333033000330033333003333333033000330000330000000000000000000000000
00000003101100003032221112223110000000000000000000000000000000000000000000000000000000000000000000000000000000000000000000000000
00000003101100003103322222331100000000000000000000000000000000000000000000000000000000000000000000000000000000000000000000000000
00000000310110000310033333110000000000000000000000000000000000000000000000000000000000000000000000000000000000000000000000000000
00000000310110000311300000001300000000000000000000000000000000000003333300033333003333033000330033333000000000000000000000000000
00000000031011000031133333110130000000000000000000000000000000000033333330333333303333033300330333333300000000000000000000000000
00000000031011000031111111110130000000000000000000000000000000000033000330330003300330033330330330003300000000000000000000000000
00000000003101100003113311311013000000000000000000000000000000000033000330330003300330033333330330003300000000000000000000000000
00000000003101100003113331311013000000000000000000000000000000000033000000330003300330033033330330000000000000000000000000000000
00000000000310110000311333131101300000000000000000000000000000000033000000330003300330033003330333333000000000000000000000000000
00000000000310110000311331331101300000000000000000000000000000000033000000330003300330033000330033333300000000000000000000000000
00000000000031011000031133113110130000000000000000000000000000000033000000330003300330033000330000003300000000000000000000000000
00000000000031011333331133113110130000000000000000000000000000000033000330330003300330033000330330003300000000000000000000000000
00000000000003101111111111111111013000000000000000000000000000000033000330330003300330033000330330003300000000000000000000000000
00000000000003101111111111111111013000000000000000000000000000000033333330333333303333033000330333333300000000000000000000000000
00000000000000310111111111111111101300000000000000000000000000000003333300033333003333033000330033333000000000000000000000000000
00000000000000310000000000000000001300000000000000000000000000000000000000000000000000000000000000000000000000000000000000000000
00000000000000031111111111111111111130000000000000000000000000000000000000000000000000000000000000000000000000000000000000000000
00000000000000031111111111111111111130000000000000000000000000000000000000000000000000000000000000000000000000000000000000000000

0x48cfca60
31111111111111111111130000000000000000000000000000000000000000000000000000000000000000000000000000000000000000000000000000000000
31111111111111111111130000000000000000000000000000000000000000000000000000000000000000000000000000000000000000000000000000000000
03100000000000000000013000000000000000000000000000000000000003333033000330033333003333333033333300333333330000000000000000000000
03101111111111111000000000000000000000000000000000000000000003333033300330333333303333333033333330333333330000000000000000000000
00310111111111100333331100000000000000000000000000000000000000330033330330330003303300000033000330000330000000000000000000000000
00310111111111033222223311000000000000000000000000000000000000330033333330330003303300000033000330000330000000000000000000000000
00031011000030322222222231100000000000000000000000000000000000330033033330330000003300000033000330000330000000000000000000000000
00031011000003222331122223010000000000000000000000000000000000330033003330333333003333333033333330000330000000000000000000000000
00003101100003223222112223110000000000000000000000000000000000330033000330033333303333333033333300000330000000000000000000000000
00003101100032223222112222301000000000000000000000000000000000330033000330000003303300000033033000000330000000000000000000000000
00000310110032223222112112311000000000000000000000000000000000330033000330330003303300000033003300000330000000000000000000000000
00000310110032122321122222301000000000000000000000000000000000330033000330330003303300000033000330000330000000000000000000000000
00000031011032223222112222311000000000000000000000000000000003333033000330333333303333333033000330000330000000000000000000000000
00000031011032232222211222301000000000000000000000000000000003333033000330033333003333333033000330000330000000000000000000000000
00000003101103232222221123110000000000000000000000000000000000000000000000000000000000000000000000000000000000000000000000000000
00000003101103232222221123010000000000000000000000000000000000000000000000000000000000000000000000000000000000000000000000000000
00000000310110322211122231101300000000000000000000000000000000000000000000000000000000000000000000000000000000000000000000000000
00000000310110033222223311001300000000000000000000000000000000000003333300033333003333033000330033333000000000000000000000000000
00000000031011000333331100110130000000000000000000000000000000000033333330333333303333033300330333333300000000000000000000000000
00000000031011000000000011110130000000000000000000000000000000000033000330330003300330033330330330003300000000000000000000000000
00000000003101100003113311311013000000000000000000000000000000000033000330330003300330033333330330003300000000000000000000000000
00000000003101100003113331311013000000000000000000000000000000000033000000330003300330033033330330000000000000000000000000000000
00000000000310110000311333131101300000000000000000000000000000000033000000330003300330033003330333333000000000000000000000000000
00000000000310110000311331331101300000000000000000000000000000000033000000330003300330033000330033333300000000000000000000000000
00000000000031011000031133113110130000000000000000000000000000000033000000330003300330033000330000003300000000000000000000000000
00000000000031011333331133113110130000000000000000000000000000000033000330330003300330033000330330003300000000000000000000000000
00000000000003101111111111111111013000000000000000000000000000000033000330330003300330033000330330003300000000000000000000000000
00000000000003101111111111111111013000000000000000000000000000000033333330333333303333033000330333333300000000000000000000000000
00000000000000310111111111111111101300000000000000000000000000000003333300033333003333033000330033333000000000000000000000000000
00000000000000310000000000000000001300000000000000000000000000000000000000000000000000000000000000000000000000000000000000000000
00000000000000031111111111111111111130000000000000000000000000000000000000000000000000000000000000000000000000000000000000000000
00000000000000031111111111111111111130000000000000000000000000000000000000000000000000000000000000000000000000000000000000000000

0x48cfcacd
31111111111111111111130000000000000000000000000000000000000000000000000000000000000000000000000000000000000000000000000000000000
31111111111111111111130000000000000000000000000000000000000000000000000000000000000000000000000000000000000000000000000000000000
03100000000000000000013000000000000000000000000000000000000003333033000330033333003333333033333300333333330000000000000000000000
03101111111111111111013000000000000000000000000000000000000003333033300330333333303333333033333330333333330000000000000000000000
00310111111110000000101300000000000000000000000000000000000000330033330330330003303300000033000330000330000000000000000000000000
00310111111003333311001300000000000000000000000000000000000000330033333330330003303300000033000330000330000000000000000000000000
00031011000332222233110130000000000000000000000000000000000000330033033330330000003300000033000330000330000000000000000000000000
00031011003222222222311030000000000000000000000000000000000000330033003330333333003333333033333330000330000000000000000000000000
00003101102223311222230103000000000000000000000000000000000000330033000330033333303333333033333300000330000000000000000000000000
00003101102232221122231103000000000000000000000000000000000000330033000330000003303300000033033000000330000000000000000000000000
00000310110232221122223010300000000000000000000000000000000000330033000330330003303300000033003300000330000000000000000000000000
00000310110232221121123110300000000000000000000000000000000000330033000330330003303300000033000330000330000000000000000000000000
00000031011023211222223010130000000000000000000000000000000003333033000330333333303333333033000330000330000000000000000000000000
00000031011032221122223110130000000000000000000000000000000003333033000330033333003333333033000330000330000000000000000000000000
00000003101102222112223010013000000000000000000000000000000000000000000000000000000000000000000000000000000000000000000000000000
00000003101102222211231101013000000000000000000000000000000000000000000000000000000000000000000000000000000000000000000000000000
00000000310110222211230101101300000000000000000000000000000000000000000000000000000000000000000000000000000000000000000000000000
00000000310110111222311031101300000000000000000000000000000000000003333300033333003333033000330033333000000000000000000000000000
00000000031011022233110333110130000000000000000000000000000000000033333330333333303333033300330333333300000000000000000000000000
00000000031011033311001111110130000000000000000000000000000000000033000330330003300330033330330330003300000000000000000000000000
00000000003101100000113311311013000000000000000000000000000000000033000330330003300330033333330330003300000000000000000000000000
00000000003101100003113331311013000000000000000000000000000000000033000000330003300330033033330330000000000000000000000000000000
00000000000310110000311333131101300000000000000000000000000000000033000000330003300330033003330333333000000000000000000000000000
00000000000310110000311331331101300000000000000000000000000000000033000000330003300330033000330033333300000000000000000000000000
00000000000031011000031133113110130000000000000000000000000000000033000000330003300330033000330000003300000000000000000000000000
00000000000031011333331133113110130000000000000000000000000000000033000330330003300330033000330330003300000000000000000000000000
00000000000003101111111111111111013000000000000000000000000000000033000330330003300330033000330330003300000000000000000000000000
00000000000003101111111111111111013000000000000000000000000000000033333330333333303333033000330333333300000000000000000000000000
00000000000000310111111111111111101300000000000000000000000000000003333300033333003333033000330033333000000000000000000000000000
00000000000000310000000000000000001300000000000000000000000000000000000000000000000000000000000000000000000000000000000000000000
00000000000000031111111111111111111130000000000000000000000000000000000000000000000000000000000000000000000000000000000000000000
00000000000000031111111111111111111130000000000000000000000000000000000000000000000000000000000000000000000000000000000000000000

0x48cfcb0c
31111111111111111111130000000000000000000000000000000000000000000000000000000000000000000000000000000000000000000000000000000000
31111111111111111111130000000000000000000000000000000000000000000000000000000000000000000000000000000000000000000000000000000000
03100000000000000000013000000000000000000000000000000000000000000000000000000000000000000000000000000000000000000000000000000000
03101111111111111111013000000000000000000000000000000000000000000000000000000000000000000000000000000000000000000000000000000000
00310111111111111111101300000000000000000000000000000000000000000000000000000000000000000000000000000000000000000000000000000000
00310111111111111111101300000000000000000000000000000000000000000000000000000000000000000000000000000000000000000000000000000000
00031011000000003333110130000000000000000000000000000000000000000000000000000000000000000000000000000000000000000000000000000000
00031011033333110011110130000000000000000000000000000000000000000000000000000000000000000000000000000000000000000000000000000000
00003101102222331101111013000000000000000000000000000000000000000000000000000000000000000000000000000000000000000000000000000000
00003101102222223110311013000000000000000000000000000000000000000000000000000000000000000000000000000000000000000000000000000000
00000310110112222301011101300000000000000000000000000000000000000000000000000000000000000000000000000000000000000000000000000000
00000310110211222311011101300000000000000000000000000000000000000000000000000000000000000000000000000000000000000000000000000000
00000031011011222230101110130000000000000000000000000000000000000000000000000000000000000000000000000000000000000000000000000000
00000031011011211231103110130000000000000000000000000000000000000000000000000000000000000000000000000000000000000000000000000000
00000003101102222230101311013000000000000000000000000000000000000000000000000000000000000000000000000000000000000000000000000000
00000003101101222231101311013000000000000000000000000000000000000000000000000000000000000000000000000000000000000000000000000000
00000000310110122230101131101300000000000000000000000000000000000000000000000000000000000000000000000000000000000000000000000000
00000000310110112311031131101300000000000000000000000000000000000000000000000000000000000000000000000000000000000000000000000000
00000000031011012301033333110130000000000000000000000000000000000000000000000000000000000000000000000000000000000000000000000000
00000000031011023110111111110130000000000000000000000000000000000000000000000000000000000000000000000000000000000000000000000000
00000000003101101103113311311013000000000000000000000000000000000000000000000000000000000000000000000000000000000000000000000000
00000000003101100003113331311013000000000000000000000000000000000000000000000000000000000000000000000000000000000000000000000000
00000000000310110000311333131101300000000000000000000000000000000000000000000000000000000000000000000000000000000000000000000000
00000000000310110000311331331101300000000000000000000000000000000000000000000000000000000000000000000000000000000000000000000000
00000000000031011000031133113110130000000000000000000000000000000000000000000000000000000000000000000000000000000000000000000000
00000000000031011333331133113110130000000000000000000000000000000000000000000000000000000000000000000000000000000000000000000000
00000000000003101111111111111111013000000000000000000000000000000000000000000000000000000000000000000000000000000000000000000000
00000000000003101111111111111111013000000000000000000000000000000000000000000000000000000000000000000000000000000000000000000000
00000000000000310111111111111111101300000000000000000000000000000000000000000000000000000000000000000000000000000000000000000000
00000000000000310000000000000000001300000000000000000000000000000000000000000000000000000000000000000000000000000000000000000000
00000000000000031111111111111111111130000000000000000000000000000000000000000000000000000000000000000000000000000000000000000000
00000000000000031111111111111111111130000000000000000000000000000000000000000000000000000000000000000000000000000000000000000000

0x48cfcb3b
31111111111111111111130000000000000000000000000000000000000000000000000000000000000000000000000000000000000000000000000000000000
31111111111111111111130000000000000000000000000000000000000000000000000000000000000000000000000000000000000000000000000000000000
03100000000000000000013000000000000000000000000000000000000000000000000000000000000000000000000000000000000000000000000000000000
03101111111111111111013000000000000000000000000000000000000000000000000000000000000000000000000000000000000000000000000000000000
00310111111111111111101300000000000000000000000000000000000000000000000000000000000000000000000000000000000000000000000000000000
00310111111111111111101300000000000000000000000000000000000000000000000000000000000000000000000000000000000000000000000000000000
00031011000031133333110130000000000000000000000000000000000000000000000000000000000000000000000000000000000000000000000000000000
00031011000031133111110130000000000000000000000000000000000000000000000000000000000000000000000000000000000000000000000000000000
00003101100003113311111013000000000000000000000000000000000000000000000000000000000000000000000000000000000000000000000000000000
00003101101100113333311013000000000000000000000000000000000000000000000000000000000000000000000000000000000000000000000000000000
00000310110311011331111101300000000000000000000000000000000000000000000000000000000000000000000000000000000000000000000000000000
00000310110231101331111101300000000000000000000000000000000000000000000000000000000000000000000000000000000000000000000000000000
00000031011023010111111110130000000000000000000000000000000000000000000000000000000000000000000000000000000000000000000000000000
00000031011023110133113110130000000000000000000000000000000000000000000000000000000000000000000000000000000000000000000000000000
00000003101102301013311311013000000000000000000000000000000000000000000000000000000000000000000000000000000000000000000000000000
00000003101102311013311311013000000000000000000000000000000000000000000000000000000000000000000000000000000000000000000000000000
00000000310110301011331131101300000000000000000000000000000000000000000000000000000000000000000000000000000000000000000000000000
00000000310110311011331131101300000000000000000000000000000000000000000000000000000000000000000000000000000000000000000000000000
00000000031011001031133333110130000000000000000000000000000000000000000000000000000000000000000000000000000000000000000000000000
00000000031011010031111111110130000000000000000000000000000000000000000000000000000000000000000000000000000000000000000000000000
00000000003101100003113311311013000000000000000000000000000000000000000000000000000000000000000000000000000000000000000000000000
00000000003101100003113331311013000000000000000000000000000000000000000000000000000000000000000000000000000000000000000000000000
00000000000310110000311333131101300000000000000000000000000000000000000000000000000000000000000000000000000000000000000000000000
00000000000310110000311331331101300000000000000000000000000000000000000000000000000000000000000000000000000000000000000000000000
00000000000031011000031133113110130000000000000000000000000000000000000000000000000000000000000000000000000000000000000000000000
00000000000031011333331133113110130000000000000000000000000000000000000000000000000000000000000000000000000000000000000000000000
00000000000003101111111111111111013000000000000000000000000000000000000000000000000000000000000000000000000000000000000000000000
00000000000003101111111111111111013000000000000000000000000000000000000000000000000000000000000000000000000000000000000000000000
00000000000000310111111111111111101300000000000000000000000000000000000000000000000000000000000000000000000000000000000000000000
00000000000000310000000000000000001300000000000000000000000000000000000000000000000000000000000000000000000000000000000000000000
00000000000000031111111111111111111130000000000000000000000000000000000000000000000000000000000000000000000000000000000000000000
00000000000000031111111111111111111130000000000000000000000000000000000000000000000000000000000000000000000000000000000000000000

0x48cfcb79
31111111111111111111130000000000000000000000000000000000000000000000000000000000000000000000000000000000000000000000000000000000
31111111111111111111130000000000000000000000000000000000000000000000000000000000000000000000000000000000000000000000000000000000
03100000000000000000013000000000000000000000000000000000000000000000000000000000000000000000000000000000000000000000000000000000
03101111111111111111013000000000000000000000000000000000000000000000000000000000000000000000000000000000000000000000000000000000
00310111111111111111101300000000000000000000000000000000000000000000000000000000000000000000000000000000000000000000000000000000
00310111111111111111101300000000000000000000000000000000000000000000000000000000000000000000000000000000000000000000000000000000
00031011000031133333110130000000000000000000000000000000000000000000000000000000000000000000000000000000000000000000000000000000
00031011000031133111110130000000000000000000000000000000000000000000000000000000000000000000000000000000000000000000000000000000
00003101100003113311111013000000000000000000000000000000000000000000000000000000000000000000000000000000000000000000000000000000
00003101100003113333311013000000000000000000000000000000000000000000000000000000000000000000000000000000000000000000000000000000
00000310110000311331111101300000000000000000000000000000000000000000000000000000000000000000000000000000000000000000000000000000
00000310110000311331111101300000000000000000000000000000000000000000000000000000000000000000000000000000000000000000000000000000
00000031011000031111111110130000000000000000000000000000000000000000000000000000000000000000000000000000000000000000000000000000
00000031011000031133113110130000000000000000000000000000000000000000000000000000000000000000000000000000000000000000000000000000
00000003101100003113311311013000000000000000000000000000000000000000000000000000000000000000000000000000000000000000000000000000
00000003101100003113311311013000000000000000000000000000000000000000000000000000000000000000000000000000000000000000000000000000
00000000310110000311331131101300000000000000000000000000000000000000000000000000000000000000000000000000000000000000000000000000
00000000310110000311331131101300000000000000000000000000000000000000000000000000000000000000000000000000000000000000000000000000
00000000031011000031133333110130000000000000000000000000000000000000000000000000000000000000000000000000000000000000000000000000
00000000031011000031111111110130000000000000000000000000000000000000000000000000000000000000000000000000000000000000000000000000
00000000003101100003113311311013000000000000000000000000000000000000000000000000000000000000000000000000000000000000000000000000
00000000003101100003113331311013000000000000000000000000000000000000000000000000000000000000000000000000000000000000000000000000
00000000000310110000311333131101300000000000000000000000000000000000000000000000000000000000000000000000000000000000000000000000
00000000000310110000311331331101300000000000000000000000000000000000000000000000000000000000000000000000000000000000000000000000
00000000000031011000031133113110130000000000000000000000000000000000000000000000000000000000000000000000000000000000000000000000
00000000000031011333331133113110130000000000000000000000000000000000000000000000000000000000000000000000000000000000000000000000
00000000000003101111111111111111013000000000000000000000000000000000000000000000000000000000000000000000000000000000000000000000
00000000000003101111111111111111013000000000000000000000000000000000000000000000000000000000000000000000000000000000000000000000
00000000000000310111111111111111101300000000000000000000000000000000000000000000000000000000000000000000000000000000000000000000
00000000000000310000000000000000001300000000000000000000000000000000000000000000000000000000000000000000000000000000000000000000
00000000000000031111111111111111111130000000000000000000000000000000000000000000000000000000000000000000000000000000000000000000
00000000000000031111111111111111111130000000000000000000000000000000000000000000000000000000000000000000000000000000000000000000

0x48cfcbe7
31111111111111111111130000000000000000000000000000000000000000000000000000000000000000000000000000000000000000000000000000000000
31111111111111111111130000000000000000000000000000000000000000000000000000000000000000000000000000000000000000000000000000000000
03100000000000000000013000000000000000000000000000000000000003333033000330033333003333333033333300333333330000000000000000000000
03101111111111111111013000000000000000000000000000000000000003333033300330333333303333333033333330333333330000000000000000000000
00310111111111111111101300000000000000000000000000000000000000330033330330330003303300000033000330000330000000000000000000000000
00310111111111111111101300000000000000000000000000000000000000330033333330330003303300000033000330000330000000000000000000000000
00031011000031133333110130000000000000000000000000000000000000330033033330330000003300000033000330000330000000000000000000000000
00031011000031133111110130000000000000000000000000000000000000330033003330333333003333333033333330000330000000000000000000000000
00003101100003113311111013000000000000000000000000000000000000330033000330033333303333333033333300000330000000000000000000000000
00003101100003113333311013000000000000000000000000000000000000330033000330000003303300000033033000000330000000000000000000000000
00000310110000311331111101300000000000000000000000000000000000330033000330330003303300000033003300000330000000000000000000000000
00000310110000311331111101300000000000000000000000000000000000330033000330330003303300000033000330000330000000000000000000000000
00000031011000031111111110130000000000000000000000000000000003333033000330333333303333333033000330000330000000000000000000000000
00000031011000031133113110130000000000000000000000000000000003333033000330033333003333333033000330000330000000000000000000000000
00000003101100003113311311013000000000000000000000000000000000000000000000000000000000000000000000000000000000000000000000000000
00000003101100003113311311013000000000000000000000000000000000000000000000000000000000000000000000000000000000000000000000000000
00000000310110000311331131101300000000000000000000000000000000000000000000000000000000000000000000000000000000000000000000000000
00000000310110000311331131101300000000000000000000000000000000000003333300033333003333033000330033333000000000000000000000000000
00000000031011000031133333110130000000000000000000000000000000000033333330333333303333033300330333333300000000000000000000000000
00000000031011000031111111110130000000000000000000000000000000000033000330330003300330033330330330003300000000000000000000000000
00000000003101100003113311311013000000000000000000000000000000000033000330330003300330033333330330003300000000000000000000000000
00000000003101100003113331311013000000000000000000000000000000000033000000330003300330033033330330000000000000000000000000000000
00000000000310110000311333131101300000000000000000000000000000000033000000330003300330033003330333333000000000000000000000000000
00000000000310110000311331331101300000000000000000000000000000000033000000330003300330033000330033333300000000000000000000000000
00000000000031011000031133113110130000000000000000000000000000000033000000330003300330033000330000003300000000000000000000000000
00000000000031011333331133113110130000000000000000000000000000000033000330330003300330033000330330003300000000000000000000000000
00000000000003101111111111111111013000000000000000000000000000000033000330330003300330033000330330003300000000000000000000000000
00000000000003101111111111111111013000000000000000000000000000000033333330333333303333033000330333333300000000000000000000000000
00000000000000310111111111111111101300000000000000000000000000000003333300033333003333033000330033333000000000000000000000000000
00000000000000310000000000000000001300000000000000000000000000000000000000000000000000000000000000000000000000000000000000000000
00000000000000031111111111111111111130000000000000000000000000000000000000000000000000000000000000000000000000000000000000000000
00000000000000031111111111111111111130000000000000000000000000000000000000000000000000000000000000000000000000000000000000000000

0x48cfccb2
31111111111111111111130000000000000000000000000000000000000000000000000000000000000000000000000000000000000000000000000000000000
31111111111111111111130000000000000000000000000000000000000000000000000000000000000000000000000000000000000000000000000000000000
03100000000000000000013000000000000000000000000000000000000000000000000000000000000000000000000000000000000000000000000000000000
03101111111111111111013000000000000000000000000000000000000000000000000000000000000000000000000000000000000000000000000000000000
00310111111111111111101300000000000000000000000000000000000000000000000000000000000000000000000000000000000000000000000000000000
00310111111111111111101300000000000000000000000000000000000000000000000000000000000000000000000000000000000000000000000000000000
00031011000031133333110130000000000000000000000000000000000000000000000000000000000000000000000000000000000000000000000000000000
00031011000031133111110130000000000000000000000000000000000000000000000000000000000000000000000000000000000000000000000000000000
00003101100003113311111013000000000000000000000000000000000000000000000000000000000000000000000000000000000000000000000000000000
00003101100003113333311013000000000000000000000000000000000000000000000000000000000000000000000000000000000000000000000000000000
00000310110000311331111101300000000000000000000000000000000000000000000000000000000000000000000000000000000000000000000000000000
00000310110000311331111101300000000000000000000000000000000000000000000000000000000000000000000000000000000000000000000000000000
00000031011000031111111110130000000000000000000000000000000000000000000000000000000000000000000000000000000000000000000000000000
00000031011000031133113110130000000000000000000000000000000000000000000000000000000000000000000000000000000000000000000000000000
00000003101100003113311311013000000000000000000000000000000000000000000000000000000000000000000000000000000000000000000000000000
00000003101100003113311311013000000000000000000000000000000000000000000000000000000000000000000000000000000000000000000000000000
00000000310110000311331131101300000000000000000000000000000000000000000000000000000000000000000000000000000000000000000000000000
00000000310110000311331131101300000000000000000000000000000000000000000000000000000000000000000000000000000000000000000000000000
00000000031011000031133333110130000000000000000000000000000000000000000000000000000000000000000000000000000000000000000000000000
00000000031011000031111111110130000000000000000000000000000000000000000000000000000000000000000000000000000000000000000000000000
00000000003101100003113311311013000000000000000000000000000000000000000000000000000000000000000000000000000000000000000000000000
00000000003101100003113331311013000000000000000000000000000000000000000000000000000000000000000000000000000000000000000000000000
00000000000310110000311333131101300000000000000000000000000000000000000000000000000000000000000000000000000000000000000000000000
00000000000310110000311331331101300000000000000000000000000000000000000000000000000000000000000000000000000000000000000000000000
00000000000031011000031133113110130000000000000000000000000000000000000000000000000000000000000000000000000000000000000000000000
00000000000031011333331133113110130000000000000000000000000000000000000000000000000000000000000000000000000000000000000000000000
00000000000003101111111111111111013000000000000000000000000000000000000000000000000000000000000000000000000000000000000000000000
00000000000003101111111111111111013000000000000000000000000000000000000000000000000000000000000000000000000000000000000000000000
00000000000000310111111111111111101300000000000000000000000000000000000000000000000000000000000000000000000000000000000000000000
00000000000000310000000000000000001300000000000000000000000000000000000000000000000000000000000000000000000000000000000000000000
00000000000000031111111111111111111130000000000000000000000000000000000000000000000000000000000000000000000000000000000000000000
00000000000000031111111111111111111130000000000000000000000000000000000000000000000000000000000000000000000000000000000000000000

0x48cfcd5e
31111111111111111111130000000000000000000000000000000000000000000000000000000000000000000000000000000000000000000000000000000000
31111111111111111111130000000000000000000000000000000000000000000000000000000000000000000000000000000000000000000000000000000000
03100000000000000000013000000000000000000000000000000000000003333033000330033333003333333033333300333333330000000000000000000000
03101111111111111111013000000000000000000000000000000000000003333033300330333333303333333033333330333333330000000000000000000000
00310111111111111111101300000000000000000000000000000000000000330033330330330003303300000033000330000330000000000000000000000000
00310111111111111111101300000000000000000000000000000000000000330033333330330003303300000033000330000330000000000000000000000000
00031011000031133333110130000000000000000000000000000000000000330033033330330000003300000033000330000330000000000000000000000000
00031011000031133111110130000000000000000000000000000000000000330033003330333333003333333033333330000330000000000000000000000000
00003101100003113311111013000000000000000000000000000000000000330033000330033333303333333033333300000330000000000000000000000000
00003101100003113333311013000000000000000000000000000000000000330033000330000003303300000033033000000330000000000000000000000000
00000310110000311331111101300000000000000000000000000000000000330033000330330003303300000033003300000330000000000000000000000000
00000310110000311331111101300000000000000000000000000000000000330033000330330003303300000033000330000330000000000000000000000000
00000031011000031111111110130000000000000000000000000000000003333033000330333333303333333033000330000330000000000000000000000000
00000031011000031133113110130000000000000000000000000000000003333033000330033333003333333033000330000330000000000000000000000000
00000003101100003113311311013000000000000000000000000000000000000000000000000000000000000000000000000000000000000000000000000000
00000003101100003113311311013000000000000000000000000000000000000000000000000000000000000000000000000000000000000000000000000000
00000000310110000311331131101300000000000000000000000000000000000000000000000000000000000000000000000000000000000000000000000000
00000000310110000311331131101300000000000000000000000000000000000003333300033333003333033000330033333000000000000000000000000000
00000000031011000031133333110130000000000000000000000000000000000033333330333333303333033300330333333300000000000000000000000000
00000000031011000031111111110130000000000000000000000000000000000033000330330003300330033330330330003300000000000000000000000000
00000000003101100003113311311013000000000000000000000000000000000033000330330003300330033333330330003300000000000000000000000000
00000000003101100003113331311013000000000000000000000000000000000033000000330003300330033033330330000000000000000000000000000000
00000000000310110000311333131101300000000000000000000000000000000033000000330003300330033003330333333000000000000000000000000000
00000000000310110000311331331101300000000000000000000000000000000033000000330003300330033000330033333300000000000000000000000000
00000000000031011000031133113110130000000000000000000000000000000033000000330003300330033000330000003300000000000000000000000000
00000000000031011333331133113110130000000000000000000000000000000033000330330003300330033000330330003300000000000000000000000000
00000000000003101111111111111111013000000000000000000000000000000033000330330003300330033000330330003300000000000000000000000000
00000000000003101111111111111111013000000000000000000000000000000033333330333333303333033000330333333300000000000000000000000000
00000000000000310111111111111111101300000000000000000000000000000003333300033333003333033000330033333000000000000000000000000000
00000000000000310000000000000000001300000000000000000000000000000000000000000000000000000000000000000000000000000000000000000000
00000000000000031111111111111111111130000000000000000000000000000000000000000000000000000000000000000000000000000000000000000000
00000000000000031111111111111111111130000000000000000000000000000000000000000000000000000000000000000000000000000000000000000000

0x48cfce29
31111111111111111111130000000000000000000000000000000000000000000000000000000000000000000000000000000000000000000000000000000000
31111111111111111111130000000000000000000000000000000000000000000000000000000000000000000000000000000000000000000000000000000000
03100000000000000000013000000000000000000000000000000000000000000000000000000000000000000000000000000000000000000000000000000000
03101111111111111111013000000000000000000000000000000000000000000000000000000000000000000000000000000000000000000000000000000000
00310111111111111111101300000000000000000000000000000000000000000000000000000000000000000000000000000000000000000000000000000000
00310111111111111111101300000000000000000000000000000000000000000000000000000000000000000000000000000000000000000000000000000000
00031011000031133333110130000000000000000000000000000000000000000000000000000000000000000000000000000000000000000000000000000000
00031011000031133111110130000000000000000000000000000000000000000000000000000000000000000000000000000000000000000000000000000000
00003101100003113311111013000000000000000000000000000000000000000000000000000000000000000000000000000000000000000000000000000000
00003101100003113333311013000000000000000000000000000000000000000000000000000000000000000000000000000000000000000000000000000000
00000310110000311331111101300000000000000000000000000000000000000000000000000000000000000000000000000000000000000000000000000000
00000310110000311331111101300000000000000000000000000000000000000000000000000000000000000000000000000000000000000000000000000000
00000031011000031111111110130000000000000000000000000000000000000000000000000000000000000000000000000000000000000000000000000000
00000031011000031133113110130000000000000000000000000000000000000000000000000000000000000000000000000000000000000000000000000000
00000003101100003113311311013000000000000000000000000000000000000000000000000000000000000000000000000000000000000000000000000000
00000003101100003113311311013000000000000000000000000000000000000000000000000000000000000000000000000000000000000000000000000000
00000000310110000311331131101300000000000000000000000000000000000000000000000000000000000000000000000000000000000000000000000000
00000000310110000311331131101300000000000000000000000000000000000000000000000000000000000000000000000000000000000000000000000000
00000000031011000031133333110130000000000000000000000000000000000000000000000000000000000000000000000000000000000000000000000000
00000000031011000031111111110130000000000000000000000000000000000000000000000000000000000000000000000000000000000000000000000000
00000000003101100003113311311013000000000000000000000000000000000000000000000000000000000000000000000000000000000000000000000000
00000000003101100003113331311013000000000000000000000000000000000000000000000000000000000000000000000000000000000000000000000000
00000000000310110000311333131101300000000000000000000000000000000000000000000000000000000000000000000000000000000000000000000000
00000000000310110000311331331101300000000000000000000000000000000000000000000000000000000000000000000000000000000000000000000000
00000000000031011000031133113110130000000000000000000000000000000000000000000000000000000000000000000000000000000000000000000000
00000000000031011333331133113110130000000000000000000000000000000000000000000000000000000000000000000000000000000000000000000000
00000000000003101111111111111111013000000000000000000000000000000000000000000000000000000000000000000000000000000000000000000000
00000000000003101111111111111111013000000000000000000000000000000000000000000000000000000000000000000000000000000000000000000000
00000000000000310111111111111111101300000000000000000000000000000000000000000000000000000000000000000000000000000000000000000000
00000000000000310000000000000000001300000000000000000000000000000000000000000000000000000000000000000000000000000000000000000000
00000000000000031111111111111111111130000000000000000000000000000000000000000000000000000000000000000000000000000000000000000000
00000000000000031111111111111111111130000000000000000000000000000000000000000000000000000000000000000000000000000000000000000000

0x48cfcee4
31111111111111111111130000000000000000000000000000000000000000000000000000000000000000000000000000000000000000000000000000000000
31111111111111111111130000000000000000000000000000000000000000000000000000000000000000000000000000000000000000000000000000000000
03100000000000000000013000000000000000000000000000000000000003333033000330033333003333333033333300333333330000000000000000000000
03101111111111111111013000000000000000000000000000000000000003333033300330333333303333333033333330333333330000000000000000000000
00310111111111111111101300000000000000000000000000000000000000330033330330330003303300000033000330000330000000000000000000000000
00310111111111111111101300000000000000000000000000000000000000330033333330330003303300000033000330000330000000000000000000000000
00031011000031133333110130000000000000000000000000000000000000330033033330330000003300000033000330000330000000000000000000000000
00031011000031133111110130000000000000000000000000000000000000330033003330333333003333333033333330000330000000000000000000000000
00003101100003113311111013000000000000000000000000000000000000330033000330033333303333333033333300000330000000000000000000000000
00003101100003113333311013000000000000000000000000000000000000330033000330000003303300000033033000000330000000000000000000000000
00000310110000311331111101300000000000000000000000000000000000330033000330330003303300000033003300000330000000000000000000000000
00000310110000311331111101300000000000000000000000000000000000330033000330330003303300000033000330000330000000000000000000000000
00000031011000031111111110130000000000000000000000000000000003333033000330333333303333333033000330000330000000000000000000000000
00000031011000031133113110130000000000000000000000000000000003333033000330033333003333333033000330000330000000000000000000000000
00000003101100003113311311013000000000000000000000000000000000000000000000000000000000000000000000000000000000000000000000000000
00000003101100003113311311013000000000000000000000000000000000000000000000000000000000000000000000000000000000000000000000000000
00000000310110000311331131101300000000000000000000000000000000000000000000000000000000000000000000000000000000000000000000000000
00000000310110000311331131101300000000000000000000000000000000000003333300033333003333033000330033333000000000000000000000000000
00000000031011000031133333110130000000000000000000000000000000000033333330333333303333033300330333333300000000000000000000000000
00000000031011000031111111110130000000000000000000000000000000000033000330330003300330033330330330003300000000000000000000000000
00000000003101100003113311311013000000000000000000000000000000000033000330330003300330033333330330003300000000000000000000000000
00000000003101100003113331311013000000000000000000000000000000000033000000330003300330033033330330000000000000000000000000000000
00000000000310110000311333131101300000000000000000000000000000000033000000330003300330033003330333333000000000000000000000000000
00000000000310110000311331331101300000000000000000000000000000000033000000330003300330033000330033333300000000000000000000000000
00000000000031011000031133113110130000000000000000000000000000000033000000330003300330033000330000003300000000000000000000000000
00000000000031011333331133113110130000000000000000000000000000000033000330330003300330033000330330003300000000000000000000000000
00000000000003101111111111111111013000000000000000000000000000000033000330330003300330033000330330003300000000000000000000000000
00000000000003101111111111111111013000000000000000000000000000000033333330333333303333033000330333333300000000000000000000000000
00000000000000310111111111111111101300000000000000000000000000000003333300033333003333033000330033333000000000000000000000000000
00000000000000310000000000000000001300000000000000000000000000000000000000000000000000000000000000000000000000000000000000000000
00000000000000031111111111111111111130000000000000000000000000000000000000000000000000000000000000000000000000000000000000000000
00000000000000031111111111111111111130000000000000000000000000000000000000000000000000000000000000000000000000000000000000000000

0x48cfcfaf
31111111111111111111130000000000000000000000000000000000000000000000000000000000000000000000000000000000000000000000000000000000
31111111111111111111130000000000000000000000000000000000000000000000000000000000000000000000000000000000000000000000000000000000
03100000000000000000013000000000000000000000000000000000000000000000000000000000000000000000000000000000000000000000000000000000
03101111111111111111013000000000000000000000000000000000000000000000000000000000000000000000000000000000000000000000000000000000
00310111111111111111101300000000000000000000000000000000000000000000000000000000000000000000000000000000000000000000000000000000
00310111111111111111101300000000000000000000000000000000000000000000000000000000000000000000000000000000000000000000000000000000
00031011000031133333110130000000000000000000000000000000000000000000000000000000000000000000000000000000000000000000000000000000
00031011000031133111110130000000000000000000000000000000000000000000000000000000000000000000000000000000000000000000000000000000
00003101100003113311111013000000000000000000000000000000000000000000000000000000000000000000000000000000000000000000000000000000
00003101100003113333311013000000000000000000000000000000000000000000000000000000000000000000000000000000000000000000000000000000
00000310110000311331111101300000000000000000000000000000000000000000000000000000000000000000000000000000000000000000000000000000
00000310110000311331111101300000000000000000000000000000000000000000000000000000000000000000000000000000000000000000000000000000
00000031011000031111111110130000000000000000000000000000000000000000000000000000000000000000000000000000000000000000000000000000
00000031011000031133113110130000000000000000000000000000000000000000000000000000000000000000000000000000000000000000000000000000
00000003101100003113311311013000000000000000000000000000000000000000000000000000000000000000000000000000000000000000000000000000
00000003101100003113311311013000000000000000000000000000000000000000000000000000000000000000000000000000000000000000000000000000
00000000310110000311331131101300000000000000000000000000000000000000000000000000000000000000000000000000000000000000000000000000
00000000310110000311331131101300000000000000000000000000000000000000000000000000000000000000000000000000000000000000000000000000
00000000031011000031133333110130000000000000000000000000000000000000000000000000000000000000000000000000000000000000000000000000
00000000031011000031111111110130000000000000000000000000000000000000000000000000000000000000000000000000000000000000000000000000
00000000003101100003113311311013000000000000000000000000000000000000000000000000000000000000000000000000000000000000000000000000
00000000003101100003113331311013000000000000000000000000000000000000000000000000000000000000000000000000000000000000000000000000
00000000000310110000311333131101300000000000000000000000000000000000000000000000000000000000000000000000000000000000000000000000
00000000000310110000311331331101300000000000000000000000000000000000000000000000000000000000000000000000000000000000000000000000
00000000000031011000031133113110130000000000000000000000000000000000000000000000000000000000000000000000000000000000000000000000
00000000000031011333331133113110130000000000000000000000000000000000000000000000000000000000000000000000000000000000000000000000
00000000000003101111111111111111013000000000000000000000000000000000000000000000000000000000000000000000000000000000000000000000
00000000000003101111111111111111013000000000000000000000000000000000000000000000000000000000000000000000000000000000000000000000
00000000000000310111111111111111101300000000000000000000000000000000000000000000000000000000000000000000000000000000000000000000
00000000000000310000000000000000001300000000000000000000000000000000000000000000000000000000000000000000000000000000000000000000
00000000000000031111111111111111111130000000000000000000000000000000000000000000000000000000000000000000000000000000000000000000
00000000000000031111111111111111111130000000000000000000000000000000000000000000000000000000000000000000000000000000000000000000

0x48cfd06b
31111111111111111111130000000000000000000000000000000000000000000000000000000000000000000000000000000000000000000000000000000000
31111111111111111111130000000000000000000000000000000000000000000000000000000000000000000000000000000000000000000000000000000000
03100000000000000000013000000000000000000000000000000000000003333033000330033333003333333033333300333333330000000000000000000000
03101111111111111111013000000000000000000000000000000000000003333033300330333333303333333033333330333333330000000000000000000000
00310111111111111111101300000000000000000000000000000000000000330033330330330003303300000033000330000330000000000000000000000000
00310111111111111111101300000000000000000000000000000000000000330033333330330003303300000033000330000330000000000000000000000000
00031011000031133333110130000000000000000000000000000000000000330033033330330000003300000033000330000330000000000000000000000000
00031011000031133111110130000000000000000000000000000000000000330033003330333333003333333033333330000330000000000000000000000000
00003101100003113311111013000000000000000000000000000000000000330033000330033333303333333033333300000330000000000000000000000000
00003101100003113333311013000000000000000000000000000000000000330033000330000003303300000033033000000330000000000000000000000000
00000310110000311331111101300000000000000000000000000000000000330033000330330003303300000033003300000330000000000000000000000000
00000310110000311331111101300000000000000000000000000000000000330033000330330003303300000033000330000330000000000000000000000000
00000031011000031111111110130000000000000000000000000000000003333033000330333333303333333033000330000330000000000000000000000000
00000031011000031133113110130000000000000000000000000000000003333033000330033333003333333033000330000330000000000000000000000000
00000003101100003113311311013000000000000000000000000000000000000000000000000000000000000000000000000000000000000000000000000000
00000003101100003113311311013000000000000000000000000000000000000000000000000000000000000000000000000000000000000000000000000000
00000000310110000311331131101300000000000000000000000000000000000000000000000000000000000000000000000000000000000000000000000000
00000000310110000311331131101300000000000000000000000000000000000003333300033333003333033000330033333000000000000000000000000000
00000000031011000031133333110130000000000000000000000000000000000033333330333333303333033300330333333300000000000000000000000000
00000000031011000031111111110130000000000000000000000000000000000033000330330003300330033330330330003300000000000000000000000000
00000000003101100003113311311013000000000000000000000000000000000033000330330003300330033333330330003300000000000000000000000000
00000000003101100003113331311013000000000000000000000000000000000033000000330003300330033033330330000000000000000000000000000000
00000000000310110000311333131101300000000000000000000000000000000033000000330003300330033003330333333000000000000000000000000000
00000000000310110000311331331101300000000000000000000000000000000033000000330003300330033000330033333300000000000000000000000000
00000000000031011000031133113110130000000000000000000000000000000033000000330003300330033000330000003300000000000000000000000000
00000000000031011333331133113110130000000000000000000000000000000033000330330003300330033000330330003300000000000000000000000000
00000000000003101111111111111111013000000000000000000000000000000033000330330003300330033000330330003300000000000000000000000000
00000000000003101111111111111111013000000000000000000000000000000033333330333333303333033000330333333300000000000000000000000000
00000000000000310111111111111111101300000000000000000000000000000003333300033333003333033000330033333000000000000000000000000000
00000000000000310000000000000000001300000000000000000000000000000000000000000000000000000000000000000000000000000000000000000000
00000000000000031111111111111111111130000000000000000000000000000000000000000000000000000000000000000000000000000000000000000000
00000000000000031111111111111111111130000000000000000000000000000000000000000000000000000000000000000000000000000000000000000000
