0x000a58fc
00000000000000000000000000000000000000000000000000000000000000000000000000000000000000000000000000000000000000000000000000000000
00000000000000000033000000000003300000000000033300000000000033000000000030000000000000003000000000000300000000003330000000000000
00000000000000033333300000000033300000000003333330000000000333000000003333000000000000033300000000033330000000033333000000000000
00001010001013333333331010103333300000001033300333000000033333001000333330101010000010333000000013333300000000003333300000000000
01000000000333333003330000033333300101000033000333000000333333000003333300030000010000333001000033333000300000000033300000000000
10101010103333300033301010333333001010101330101333000003333330101033330010333010101013330010101333300003330013300033331010101010
01010101010330010133300113330333010101010330010333000033303330110133300103333101010103330101010333010133330003300103330000010101
10101010101000111033301113301333011010103300103333001033003330111333001033330010101033301010103330111333301033301013330010101011
01011111111111111333011110011333011111111011013330100000003330111330110333330101011133301111113301113333300133300103330101010111
10111111111111111333011111113333011111111111133301100000033330111330113333330111111333011111113301133333301133301013330010111111
11111111111111111333301111113333011111111111133301100000033330111330133303301111111333011111113301333033011333011113330111111111
11111111111111133333301111113330111111111111333011100000033301111333333033301111113330111333113333330333011333011113330111111111
11111111111113333333011111113330111111111111333011100000033301111133330133301111113330113333311333301333011333011113330111111111
11111111111133333330111111113330111111111113330111100000033301111103301133301111113330133333311033011333011333011113330111111111
11111111111133003330111111113330111111111113330111110000033301111110011133011111133301333333311100111330111333011113330111111111
11111111111110133330111111133330111111111133301110110000333301111111111333011111133301333033311111113330111333011113330111111111
11111111111111133330111111133330111111111133301113010000333301111111111333011111133303330133311111113330111333011003330111111111
11111111111111333301111111133301111111111333011133310000333011111111111333011111133301301133311111113330111333010003330111111111
11111111111111333301111111133301111111111333010333310000333011111111111330111111133301111133310100003301111333010003330111111111
11111111111111333301111111133301111111113330133333010000333011111111113330111111133301111333010000033301111333010003330111111111
11111111111113333011111111133301111111113330333330110000333010011111113330111111133301111333010000033301111333010033330111111111
11111111111113333011011111333301111133133333333001110013333011001111113330111133133330113330100000033300111333300033301111111101
11011110111113333010001111333301111133033333330101011003333011111111133300011133013333333330100000333000111133333333301111111000
10000100010133330000000111333001111133033333301111110003330101111100133300000133013333333300000000333000000033333333011111110000
10000000000033330000000000033000010003033330000110000000330000000000003300000013011333330000000000033000000003333330011110000000
00000000000003000000000000000000000030000000000000000000000000000000000000000030000000000000000000000000000000000000000000000000
00000000000000000000000000000000000000000000000000000000000000000000000000000000000000000000000000000000000000000000000000000000
33303000333030303330330000003000000000000000000000000330033303000300000003000000000000000000003330330033303300333033303330000333
30303000303030303000303000033000000000000000000000000303030303000300000033000000000000000000003000303030003030030003003000000303
33303000333003003300330000003000000000000000000000000330033303000300000003000000000000000000003000330033003030030003003330000333
30003000303003003000303000003000000000000000000000000303030303000300000003000000000000000000003000303030003030030003000030000003
30003330303003003330303000033300000000000000000000000330030303330333000033300000000000000000003330303033303300333003003330000333

0x000a59a8
00000000000000000000000000000000000000000000000000000000000000000000000000000000000000000000000000000000000000000000000000000000
00000000000000000033000000000003300000000000033300000000001033000000000030000000000000003000000000000300000000003330000000000000
00000000000000033333300000000033300000000003333330000000001333000000003333000000000000033300000000033330000000033333000000000000
00001010001013333333331010103333300000001033300333000000033333001000333330101010000010333000000013333300000000003333300000000000
01000000000333333003330000033333300101000033000333000000333333000003333300030000010000333001000033333000300000000033300000000000
10101010103333300033301010333333001010101330101333000003333330101033330010333010101013330010101333300003330013300033331010101010
01010101010330010133300113330333010101010330010333000033303330110133300103333101010103330101010333010133330003300103330000010101
10101010101000111033301113301333011010103300103333000033003330111333001033330010101033301010103330111333301033301013330010101011
01011111111111111333011110011333011111111011013330000000003330111330110333330101011133301111113301113333300133300103330101010111
10111111111111111333011111113333011111111111133300000000033330111330113333330111111333011111113301133333301133301013330010111111
11111111111111111333301111113333011111111111133300000000033330111330133303301111111333011111113301333033011333011113330111111111
11111111111111133333301111113330111111111111333011000000033301111333333033301111113330111333113333330333011333011113330111111111
11111111111113333333011111113330111111111111333011000000033301111133330133301111113330113333311333301333011333011113330111111111
11111111111133333330111111113330111111111113330111000000033301111103301133301111113330133333311033011333011333011113330111111111
11111111111133003330111111113330111111111113330111000000133301111110011133011111133301333333311100111330111333011113330111111111
11111111111110133330111111133330111111111133301111000000333301111111111333011111133301333033311111113330111333011113330111111111
11111111111111133330111111133330111111111133301013000000333301111111111333011111133303330133311111113330111333011003330111111111
11111111111111333301111111133301111111111333011133301001333011111111111333011111133301301133311111113330111333010003330111111111
11111111111111333301111111133301111111111333011333300001333011111111111330111111133301111133310100003301111333010003330111111111
11111111111111333301111111133301111111113330133333000001333011111111113330111111133301111333010000033301111333010003330111111111
11111111111113333011111111133301111111113330333330000011333011111111113330111111133301111333010000033301111333010033330111111111
11111111111113333011011111333301111133133333333001000013333010111111113330111133133330113330100000033300111333300033301111111101
11011110111113333010001111333301111133033333330111000013333010011111133300011133013333333330100000333000111133333333301111111000
10000100010133330000000111333001111133033333301111000013330100011100133300000133013333333300000000333000000033333333011111110000
10000000000033330000000000033000010003033330000110000000330000100000003300000013011333330000000000033000000003333330011110000000
00000000000003000000000000000000000030000000000000000000000000000000000000000030000000000000000000000000000000000000000000000000
00000000000000000000000000000000000000000000000000000000000000000000000000000000000000000000000000000000000000000000000000000000
33303000333030303330330000003000000000000000000000000330033303000300000003000000000000000000003330330033303300333033303330000333
30303000303030303000303000033000000000000000000000000303030303000300000033000000000000000000003000303030003030030003003000000303
33303000333003003300330000003000000000000000000000000330033303000300000003000000000000000000003000330033003030030003003330000333
30003000303003003000303000003000000000000000000000000303030303000300000003000000000000000000003000303030003030030003000030000003
30003330303003003330303000033300000000000000000000000330030303330333000033300000000000000000003330303033303300333003003330000333

0x000a8fbc
00000000000000000000000000000000000000000000000000000000000000000000000000000000000000000000000000000000000000000000000000000000
00000000000330000000033300000000000003300000000000000330000000000033000000000003300000000000033333000000003333300000003330000000
00000000003330000000333330000000003333330000000000003330000000033333300000003333330000000033333333300003333333330000033333000000
00001010333330000000133333101000333333333000000000333330001013333333330010333333333010003333333330000333333333000000003333300100
01000003333330010000000333000033333300333000000003333330000333333003330033333300333000013333300000000333330000000000000033301000
10101033333300101033101333301333330013330010101033333300103333300033300333330013330010103330001010100333000010100003300033331010
01010333033301010133010133311033000103330101010333033301110330010133300033000103330101013301010101010330010000110003300003330101
10101330133300111333011133301100111013330010101330133301111001111133301000101013330010133300101010113330101010100033300003330011
01011001133301111333011133301111111133301111011001133301111111111333010101110133301101033301133333113330113333311033300003330111
10111111333301111333011133301111111133301111111111333301111111111333011111111133301111133013333333313301333333331033300003330111
11111111333301113330111133301111111133330111111111333301111111111333301111111133330111133333333333313333333333331333000003330111
11111111333011113330111133301111113333330111111111333011111111133333301111113333330111133333300033313333330003331333000003330111
11111111333011113330111133301111333333301111111111333011111113333333011111333333301111133300011133313330001113331333000003330111
11111111333011113330111133301113333333011111111111333011111133333330111113333333011111130011111333313001111133331333000003330111
11111111333011113330111133301113300333011111111111333011111133003330111113300333011111101111113333010111111333301333000003330111
11111113333011113330111133301111013333011111111113333011111110133330111111013333011111111111133333011111113333301333000003330111
11111113333011113330111133301111113333011111111113333011111111133330111111113333011111111111333330111111133333011333000003330111
11111113330111113330111133301111133330111111111113330111111111333301111111133330111111111111333301111111133330110333000003330111
11111113330111113330111133301111133330111111111113330111111111333301111111133330111111111113333000000111333301100333000003330111
11111113330111113330111133301111133330111111111113330111111111333301111111133330111111111133330000000013333001110333010003330111
11111113330111113330111333301111333301111111111113330111111113333011111111333301111111111333300000000033330111110333000033330111
11111133330111113333011333011111333301111133111133330111111113333011111111333301111133111333000000000033301111110333300033301101
11011133330111111333333333010111333301111133011133330111111113333011111110333301111133013333000000000333301111010033333333301000
10000133300111100333333330000003333011111133011133300011111133330100111003333011111133033330000000003333000001000033333333010010
10000003300011000033333300000003333001111003000103300001000033330000000003333011111003033300000000003330000000100003333330010000
00000000000000000000000000000000300000000030000000000000000003000000000000300000000030000000000000000000000000000000000000000100
00000000000000000000000000000000000000000000000000000000000000000000000000000000000000000000000000000000000000000000000000000000
33303000333030303330330000003000000000000000000000000330033303000300000003000000000000000000003330330033303300333033303330000333
30303000303030303000303000033000000000000000000000000303030303000300000033000000000000000000003000303030003030030003003000000303
33303000333003003300330000003000000000000000000000000330033303000300000003000000000000000000003000330033003030030003003330000333
30003000303003003000303000003000000000000000000000000303030303000300000003000000000000000000003000303030003030030003000030000003
30003330303003003330303000033300000000000000000000000330030303330333000033300000000000000000003330303033303300333003003330000333

0x000a9058
00000000000000000000000000000000000000000000000000000000000000000000000000000000000000000000000000000000000000000000000000000000
00000000000330000000033300000000000003300000000000000330000000000033000000000003300000000000033333000000003333300000003330000010
00000000003330000000333330000000003333330000000000003330000000033333300000003333330000000033333333300003333333330000033333000100
00001010333330000000133333101000333333333000000000333330001013333333330010333333333010003333333330000333333333000000003333300001
01000003333330010000000333000033333300333000000003333330000333333003330033333300333000013333300000000333330000000100000033300100
10101033333300101033101333301333330013330010101033333300103333300033300333330013330010103330001010100333000010000013300033331010
01010333033301010133010133311033000103330101010333033301110330010133300033000103330101013301010101010330010000010113300003331100
10101330133300111333011133301100111013330010101330133301111001111133301000101013330010133300101010113330101010101033300003330011
01011001133301111333011133301111111133301111011001133301111111111333010101110133301101033301133333113330113333311133300003330111
10111111333301111333011133301111111133301111111111333301111111111333011111111133301111133013333333313301333333331033300003330111
11111111333301113330111133301111111133330111111111333301111111111333301111111133330111133333333333313333333333331333000003330111
11111111333011113330111133301111113333330111111111333011111111133333301111113333330111133333300033313333330003331333000003330111
11111111333011113330111133301111333333301111111111333011111113333333011111333333301111133300011133313330001113331333000003330111
11111111333011113330111133301113333333011111111111333011111133333330111113333333011111130011111333313001111133331333000003330111
11111111333011113330111133301113300333011111111111333011111133003330111113300333011111101111113333010111111333301333000003330111
11111113333011113330111133301111013333011111111113333011111110133330111111013333011111111111133333011111113333301333011003330111
11111113333011113330111133301111113333011111111113333011111111133330111111113333011111111111333330111111133333011333010003330111
11111113330111113330111133301111133330111111111113330111111111333301111111133330111111111111333301111111133330110333010003330111
11111113330111113330111133301111133330111111111113330111111111333301111111133330111111111113333000000111333301110333011003330111
11111113330111113330111133301111133330111111111113330111111111333301111111133330111111111133330000000013333010110333011003330111
11111113330111113330111333301111333301111111111113330111111113333011111111333301111111111333300000000033330111110333001033330111
11111133330111113333011333011111333301111133111133330111111113333011111111333301111133111333000000000033301111110333301033301100
11011133330111111333333333010111333301111133011133330111111113333011111110333301111133013333000000000333301011110033333333300000
10000133300111100333333330000003333011111133011133300011111133330100111003333011111133033330000000003333000001000033333333000000
10000003300011000033333300000003333001111003000103300001000033330000000003333011111003033300000000003330000000000003333330000000
00000000000000000000000000000000300000000030000000000000000003000000000000300000000030000000000000000000000000000100100000100001
00000000000000000000000000000000000000000000000000000000000000000000000000000000000000000000000000000000000000000000000000000000
33303000333030303330330000003000000000000000000000000330033303000300000003000000000000000000003330330033303300333033303330000333
30303000303030303000303000033000000000000000000000000303030303000300000033000000000000000000003000303030003030030003003000000303
33303000333003003300330000003000000000000000000000000330033303000300000003000000000000000000003000330033003030030003003330000333
30003000303003003000303000003000000000000000000000000303030303000300000003000000000000000000003000303030003030030003000030000003
30003330303003003330303000033300000000000000000000000330030303330333000033300000000000000000003330303033303300333003003330000333

0x000a9104
00000000000000000000000000000000000000000000000000000000000000000000000000000000000000000000000000000000000000000000000000000000
00000000000330000000033300000000000003300000000000000330000000000033000000000003300000000000033333000000003333300000003330000000
00000000003330000000333330000000003333330000000000003330000000033333300000003333330000000033333333300003333333330000033333000000
00001010333330000000133333101000333333333000000000333330001013333333330010333333333010003333333330000333333333000001003333300000
01000003333330010000000333000033333300333000000003333330000333333003330033333300333000013333300000000333330000000000010033300000
10101033333300101033101333301333330013330010101033333300103333300033300333330013330010103330001010100333000010000013310033330001
01010333033301010133010133311033000103330101010333033301110330010133300033000103330101013301010101010330010000010103300003330001
10101330133300111333011133301100111013330010101330133301111001111133301000101013330010133300101010113330101010101033300003330011
01011001133301111333011133301111111133301111011001133301111111111333010101110133301101033301133333113330113333310133300003330011
10111111333301111333011133301111111133301111111111333301111111111333011111111133301111133013333333313301333333331033300003330011
11111111333301113330111133301111111133330111111111333301111111111333301111111133330111133333333333313333333333331333011003330011
11111111333011113330111133301111113333330111111111333011111111133333301111113333330111133333300033313333330003331333011013330111
11111111333011113330111133301111333333301111111111333011111113333333011111333333301111133300011133313330001113331333011003330111
11111111333011113330111133301113333333011111111111333011111133333330111113333333011111130011111333313001111133331333011103330111
11111111333011113330111133301113300333011111111111333011111133003330111113300333011111101111113333010111111333301333011103330111
11111113333011113330111133301111013333011111111113333011111110133330111111013333011111111111133333011111113333301333011103330111
11111113333011113330111133301111113333011111111113333011111111133330111111113333011111111111333330111111133333011333011103330110
11111113330111113330111133301111133330111111111113330111111111333301111111133330111111111111333301111111133330110333011113330111
11111113330111113330111133301111133330111111111113330111111111333301111111133330111111111113333000000111333301110333000113330111
11111113330111113330111133301111133330111111111113330111111111333301111111133330111111111133330000000013333011100333011113330111
11111113330111113330111333301111333301111111111113330111111113333011111111333301111111111333300000000033330111100333011133330110
11111133330111113333011333011111333301111133111133330111111113333011111111333301111133111333000000000033301111100333301133301101
11011133330111111333333333010111333301111133011133330111111113333011111110333301111133013333000000000333301111110033333333301000
10000133300111100333333330000003333011111133011133300011111133330100111003333011111133033330000000003333000001000033333333000001
10000003300011000033333300000003333001111003000103300001000033330000000003333011111003033300000000003330000000000003333330000000
00000000000000000000000000000000300000000030000000000000000003000000000000300000000030000000000000000000000001000000000000000000
00000000000000000000000000000000000000000000000000000000000000000000000000000000000000000000000000000000000000000000000000000000
33303000333030303330330000003000000000000000000000000330033303000300000003000000000000000000003330330033303300333033303330000333
30303000303030303000303000033000000000000000000000000303030303000300000033000000000000000000003000303030003030030003003000000303
33303000333003003300330000003000000000000000000000000330033303000300000003000000000000000000003000330033003030030003003330000333
30003000303003003000303000003000000000000000000000000303030303000300000003000000000000000000003000303030003030030003000030000003
30003330303003003330303000033300000000000000000000000330030303330333000033300000000000000000003330303033303300333003003330000333

0x000a91b0
00000000000000000000000000000000000000000000000000000000000000000000000000000000000000000000000000000000000000000000000000000000
00000000000330000000033300000000000003300000000000000330000000000033000000000003300000000000033333000000003333300000003330000000
00000000003330000000333330000000003333330000000000003330000000033333300000003333330000000033333333300003333333330000033333000000
00001010333330000000133333101000333333333000000000333330001013333333330010333333333010003333333330000333333333000000003333300000
01000003333330010000000333000033333300333000000003333330000333333003330033333300333000013333300000000333330000000000000133300000
10101033333300101033101333301333330013330010101033333300103333300033300333330013330010103330001010100333000010000013301133330000
01010333033301010133010133311033000103330101010333033301110330010133300033000103330101013301010101010330010000010103300013330000
10101330133300111333011133301100111013330010101330133301111001111133301000101013330010133300101010113330101010101033301113330000
01011001133301111333011133301111111133301111011001133301111111111333010101110133301101033301133333113330113333310133300113330000
10111111333301111333011133301111111133301111111111333301111111111333011111111133301111133013333333313301333333331033301013330000
11111111333301113330111133301111111133330111111111333301111111111333301111111133330111133333333333313333333333331333011113330000
11111111333011113330111133301111113333330111111111333011111111133333301111113333330111133333300033313333330003331333011113330000
11111111333011113330111133301111333333301111111111333011111113333333011111333333301111133300011133313330001113331333011113330000
11111111333011113330111133301113333333011111111111333011111133333330111113333333011111130011111333313001111133331333011113330000
11111111333011113330111133301113300333011111111111333011111133003330111113300333011111101111113333010111111333301333011113330001
11111113333011113330111133301111013333011111111113333011111110133330111111013333011111111111133333011111113333301333011013330001
11111113333011113330111133301111113333011111111113333011111111133330111111113333011111111111333330111111133333011333011103330001
11111113330111113330111133301111133330111111111113330111111111333301111111133330111111111111333301111111133330110333011113330001
11111113330111113330111133301111133330111111111113330111111111333301111111133330111111111113333000000111333301110333011113330001
11111113330111113330111133301111133330111111111113330111111111333301111111133330111111111133330000000013333011110333011013330011
11111113330111113330111333301111333301111111111113330111111113333011111111333301111111111333300000000033330111110333011133330010
11111133330111113333011333011111333301111133111133330111111113333011111111333301111133111333000000000033301111110333301133301001
11011133330111111333333333010111333301111133011133330111111113333011111110333301111133013333000000000333301111110033333333300000
10000133300111100333333330000003333011111133011133300011111133330100111003333011111133033330000000003333000001000033333333000000
10000003300011000033333300000003333001111003000103300001000033330000000003333011111003033300000000003330000000000003333330000000
00000000000000000000000000000000300000000030000000000000000003000000000000300000000030000000000000000000000000000000000000000000
00000000000000000000000000000000000000000000000000000000000000000000000000000000000000000000000000000000000000000000000000000000
33303000333030303330330000003000000000000000000000000330033303000300000003000000000000000000003330330033303300333033303330000333
30303000303030303000303000033000000000000000000000000303030303000300000033000000000000000000003000303030003030030003003000000303
33303000333003003300330000003000000000000000000000000330033303000300000003000000000000000000003000330033003030030003003330000333
30003000303003003000303000003000000000000000000000000303030303000300000003000000000000000000003000303030003030030003000030000003
30003330303003003330303000033300000000000000000000000330030303330333000033300000000000000000003330303033303300333003003330000333

0x000a923c
00000000000000000000000000000000000000000000000000000000000000000000000000000000000000000000000000000000000000000000000000000000
00000000000330000000033300000000000003300000000000033300000000000033000000000003300000000000033333000000000300000000003330000000
00000000003330000000333330000000003333330000000003333330000000033333300000003333330000000033333333300000003330000000033333000000
00001010333330000000133333101000333333333000000033300333001013333333330010333333333010003333333330000000033300000000003333301000
01000003333330010000000333000033333300333000000033000333000333333003330033333300333000013333300000000000033300000000000033300000
10101033333300101033101333301333330013330010101330001333003333300033300333330013330010103330001010100000333010000013301033330000
01010333033301010133010133311033000103330101010330010333010330010133300033000103330101013301010101010101333000010103300003330000
10101330133300111333011133301100111013330010103301113333011001111133301000101013330010133300101010111013330010101033301013330000
01011001133301111333011133301111111133301111011011113330111111111333010101110133301101033301133333111113330101010133300103330000
10111111333301111333011133301111111133301111111111133301111111111333011111111133301111133013333333311133301111111033301013330000
11111111333301113330111133301111111133330111111111133301111111111333301111111133330111133333333333311133301111111333011113330000
11111111333011113330111133301111113333330111111111333011111111133333301111113333330111133333300033311333011133311333011013330000
11111111333011113330111133301111333333301111111111333011111113333333011111333333301111133300011133311333011333331333011113330000
11111111333011113330111133301113333333011111111113330111111133333330111113333333011111130011111333311333013333331333011113330000
11111111333011113330111133301113300333011111111113330111111133003330111113300333011111101111113333013330133333331333011113330000
11111113333011113330111133301111013333011111111133301111111110133330111111013333011111111111133333013330133303331333011113330000
11111113333011113330111133301111113333011111111133301113111111133330111111113333011111111111333330113330333013331333011113330000
11111113330111113330111133301111133330111111111333011133311111333301111111133330111111111111333301113330130113330333011113330010
11111113330111113330111133301111133330111111111333011333311111333301111111133330111111111113333000003330111113330333011113330000
11111113330111113330111133301111133330111111113330133333011111333301111111133330111111111133330000003330111133300333011113330000
11111113330111113330111333301111333301111111113330333330111113333011111111333301111111111333300000003330111133300333011133330000
11111133330111113333011333011111333301111133133333333001111113333011111111333301111133111333000000003333011333010333301133300000
11011133330111111333333333010111333301111133033333330111111113333011111110333301111133013333000000000333333333010033333333300000
10000133300111100333333330000003333011111133033333300011111133330100111003333011111133033330000000000333333330000033333333010000
10000003300011000033333300000003333001111003033330000001000033330000000003333011111003033300000000000033333000000003333330100000
00000000000000000000000000000000300000000030000000000000000003000000000000300000000030000000000000000000000000000000000000000000
00000000000000000000000000000000000000000000000000000000000000000000000000000000000000000000000000000000000000000000000000000000
33303000333030303330330000003000000000000000000000000330033303000300000003000000000000000000003330330033303300333033303330000333
30303000303030303000303000033000000000000000000000000303030303000300000033000000000000000000003000303030003030030003003000000303
33303000333003003300330000003000000000000000000000000330033303000300000003000000000000000000003000330033003030030003003330000333
30003000303003003000303000003000000000000000000000000303030303000300000003000000000000000000003000303030003030030003000030000003
30003330303003003330303000033300000000000000000000000330030303330333000033300000000000000000003330303033303300333003003330000333

0x000a92d9
00000000000000000000000000000000000000000000000000000000000000000000000000000000000000000000000000000000000000000000000000000000
00000000000330000000033300000000000003300000000000033300000000000033000000000003300000000000033333000000000300000000003330000000
00000000003330000000333330000000003333330000000003333330000000033333300000003333330000000033333333300000003330000000033333000000
00001010333330000000133333101000333333333000000033300333001013333333330010333333333010003333333330000000033300000000003333300000
01000003333330010000000333000033333300333000000033000333000333333003330033333300333000013333300000000000033300000000000033300000
10101033333300101033101333301333330013330010101330001333003333300033300333330013330010103330001010100000333010000013301033330000
01010333033301010133010133311033000103330101010330010333010330010133300033000103330101013301010101010101333000010103300003330000
10101330133300111333011133301100111013330010103301113333011001111133301000101013330010133300101010111013330010101033301013330000
01011001133301111333011133301111111133301111011011113330111111111333010101110133301101033301133333111113330101010133300103330100
10111111333301111333011133301111111133301111111111133301111111111333011111111133301111133013333333311133301111111033301013330100
11111111333301113330111133301111111133330111111111133301111111111333301111111133330111133333333333311133301111111333011113330100
11111111333011113330111133301111113333330111111111333011111111133333301111113333330111133333300033311333011133311333011113330110
11111111333011113330111133301111333333301111111111333011111113333333011111333333301111133300011133311333011333331333011113330110
11111111333011113330111133301113333333011111111113330111111133333330111113333333011111130011111333311333013333331333011113330110
11111111333011113330111133301113300333011111111113330111111133003330111113300333011111101111113333013330133333331333011113330110
11111113333011113330111133301111013333011111111133301111111110133330111111013333011111111111133333013330133303331333011113330110
11111113333011113330111133301111113333011111111133301113111111133330111111113333011111111111333330113330333013331333011113330110
11111113330111113330111133301111133330111111111333011133311111333301111111133330111111111111333301113330130113330333010113330110
11111113330111113330111133301111133330111111111333011333311111333301111111133330111111111113333000003330111113330333011113330110
11111113330111113330111133301111133330111111113330133333011111333301111111133330111111111133330000003330111133300333012113330110
11111113330111113330111333301111333301111111113330333330111113333011111111333301111111111333300000003330111133300333011133330100
11111133330111113333011333011111333301111133133333333001111113333011111111333301111133111333000000003333011333010333301133301100
11011133330111111333333333010111333301111133033333330111111113333011111110333301111133013333000000000333333333010033333333301000
10000133300111100333333330000003333011111133033333300011111133330100111003333011111133033330000000000333333330000033333333010000
10000003300011000033333300000003333001111003033330000001000033330000000003333011111003033300000000000033333000000003333330200000
00000000000000000000000000000000300000000030000000000000000003000000000000300000000030000000000000000000000000000000000000020000
00000000000000000000000000000000000000000000000000000000000000000000000000000000000000000000000000000000000000000000000000000000
33303000333030303330330000003000000000000000000000000330033303000300000003000000000000000000003330330033303300333033303330000333
30303000303030303000303000033000000000000000000000000303030303000300000033000000000000000000003000303030003030030003003000000303
33303000333003003300330000003000000000000000000000000330033303000300000003000000000000000000003000330033003030030003003330000333
30003000303003003000303000003000000000000000000000000303030303000300000003000000000000000000003000303030003030030003000030000003
30003330303003003330303000033300000000000000000000000330030303330333000033300000000000000000003330303033303300333003003330000333

0x000a9385
00000000000000000000000000000000000000000000000000000000000000000000000000000000000000000000000000000000000000000000000000000000
00000000000330000000033300000000000003300000000000033300000000000033000000000003300000000000033333000000000300000000003330000000
00000000003330000000333330000000003333330000000003333330000000033333300000003333330000000033333333300000003330000000033333000000
00001010333330000000133333101000333333333000000033300333001013333333330010333333333010003333333330000000033300000000003333310100
01000003333330010000000333000033333300333000000033000333000333333003330033333300333000013333300000000000033300000000000033300100
10101033333300101033101333301333330013330010101330001333003333300033300333330013330010103330001010100000333010000013301033331110
01010333033301010133010133311033000103330101010330010333010330010133300033000103330101013301010101010101333000010103300003330111
10101330133300111333011133301100111013330010103301113333011001111133301000101013330010133300101010111013330010101033301013330001
01011001133301111333011133301111111133301111011011113330111111111333010101110133301101033301133333111113330101010133300103330111
10111111333301111333011133301111111133301111111111133301111111111333011111111133301111133013333333311133301111111033301013330111
11111111333301113330111133301111111133330111111111133301111111111333301111111133330111133333333333311133301111111333011113330111
11111111333011113330111133301111113333330111111111333011111111133333301111113333330111133333300033311333011133311333011113330111
11111111333011113330111133301111333333301111111111333011111113333333011111333333301111133300011133311333011333331333011113330111
11111111333011113330111133301113333333011111111113330111111133333330111113333333011111130011111333311333013333331333011113330111
11111111333011113330111133301113300333011111111113330111111133003330111113300333011111101111113333013330133333331333011113330111
11111113333011113330111133301111013333011111111133301111111110133330111111013333011111111111133333013330133303331333011113330111
11111113333011113330111133301111113333011111111133301113111111133330111111113333011111111111333330113330333013331333011113330111
11111113330111113330111133301111133330111111111333011133311111333301111111133330111111111111333301113330130113330333011013330111
11111113330111113330111133301111133330111111111333011333311111333301111111133330111111111113333000003330111113330333011113330111
11111113330111113330111133301111133330111111113330133333011111333301111111133330111111111133330000003330111133300333011113330111
11111113330111113330111333301111333301111111113330333330111113333011111111333301111111111333300000003330111133300333011033330111
11111133330111113333011333011111333301111133133333333001111113333011111111333301111133111333000000003333011333010333301133301101
11011133330111111333333333010111333301111133033333330111111113333011111110333301111133013333000000000333333333010033333333301000
10000133300111100333333330000003333011111133033333300011111133330100111003333011111133033330000000000333333330000033333333012000
10000003300011000033333300000003333001111003033330000001000033330000000003333011111003033300000000000033333000000003333330000000
00000000000000000000000000000000300000000030000000000000000003000000000000300000000030000000000000000000000000000000000002002020
00000000000000000000000000000000000000000000000000000000000000000000000000000000000000000000000000000000000000000000000000000000
33303000333030303330330000003000000000000000000000000330033303000300000003000000000000000000003330330033303300333033303330000333
30303000303030303000303000033000000000000000000000000303030303000300000033000000000000000000003000303030003030030003003000000303
33303000333003003300330000003000000000000000000000000330033303000300000003000000000000000000003000330033003030030003003330000333
30003000303003003000303000003000000000000000000000000303030303000300000003000000000000000000003000303030003030030003000030000003
30003330303003003330303000033300000000000000000000000330030303330333000033300000000000000000003330303033303300333003003330000333

0x000a9421
00000000000000000000000000000000000000000000000000000000000000000000000000000000000000000000000000000000000000000000000000000000
00000000000330000000033300000000000003300000000000033300000000000033000000000003300000000000033333000000000300000000003330000000
00000000003330000000333330000000003333330000000003333330000000033333300000003333330000000033333333300000003330000000033333001000
00001010333330000000133333101000333333333000000033300333001013333333330010333333333010003333333330000000033300000000003333300000
01000003333330010000000333000033333300333000000033000333000333333003330033333300333000013333300000000000033300000000000033300101
10101033333300101033101333301333330013330010101330001333003333300033300333330013330010103330001010100000333010000013301033331010
01010333033301010133010133311033000103330101010330010333010330010133300033000103330101013301010101010101333000010103300003330101
10101330133300111333011133301100111013330010103301113333011001111133301000101013330010133300101010111013330010101033301013330011
01011001133301111333011133301111111133301111011011113330111111111333010101110133301101033301133333111113330101010133300103330111
10111111333301111333011133301111111133301111111111133301111111111333011111111133301111133013333333311133301111111033301013330111
11111111333301113330111133301111111133330111111111133301111111111333301111111133330111133333333333311133301111111333011113330111
11111111333011113330111133301111113333330111111111333011111111133333301111113333330111133333300033311333011133311333011113330111
11111111333011113330111133301111333333301111111111333011111113333333011111333333301111133300011133311333011333331333011113330111
11111111333011113330111133301113333333011111111113330111111133333330111113333333011111130011111333311333013333331333011113330111
11111111333011113330111133301113300333011111111113330111111133003330111113300333011111101111113333013330133333331333011113330111
11111113333011113330111133301111013333011111111133301111111110133330111111013333011111111111133333013330133303331333011113330111
11111113333011113330111133301111113333011111111133301113111111133330111111113333011111111111333330113330333013331333011113330111
11111113330111113330111133301111133330111111111333011133311111333301111111133330111111111111333301113330130113330333011113330111
11111113330111113330111133301111133330111111111333011333311111333301111111133330111111111113333000003330111113330333011113330111
11111113330111113330111133301111133330111111113330133333011111333301111111133330111111111133330000003330111133300333011113330111
11111113330111113330111333301111333301111111113330333330111113333011111111333301111111111333300000003330111133300333011133330111
11111133330111113333011333011111333301111133133333333001111113333011111111333301111133111333000000003333011333010333301133301101
11011133330111111333333333010111333301111133033333330111111113333011111110333301111133013333000000000333333333010033333333301000
10000133300111100333333330000003333011111133033333300011111133330100111003333011111133033330000000000333333330000033333333010200
10000003300011000033333300000003333001111003033330000001000033330000000003333011111003033300000000000033333000000003333330000000
00000000000000000000000000000000300000000030000000000000000003000000000000300000000030000000000000000000000000000000000000200020
00000000000000000000000000000000000000000000000000000000000000000000000000000000000000000000000000000000000000000000000000000000
33303000333030303330330000003000000000000000000000000330033303000300000003000000000000000000003330330033303300333033303330000333
30303000303030303000303000033000000000000000000000000303030303000300000033000000000000000000003000303030003030030003003000000303
33303000333003003300330000003000000000000000000000000330033303000300000003000000000000000000003000330033003030030003003330000333
30003000303003003000303000003000000000000000000000000303030303000300000003000000000000000000003000303030003030030003000030000003
30003330303003003330303000033300000000000000000000000330030303330333000033300000000000000000003330303033303300333003003330000333

0x000a94bd
00000000000000000000000000000000000000000000000000000000000000000000000000000000000000000000000000000000000000000000000000000000
00000000000330000000033300000000000003300000000000033300000000000033000000000003300000000000033333000000000300000000003330000000
00000000003330000000333330000000003333330000000003333330000000033333300000003333330000000033333333300000003330000000033333000010
00001010333330000000133333101000333333333000000033300333001013333333330010333333333010003333333330000000033300000000003333300001
01000003333330010000000333000033333300333000000033000333000333333003330033333300333000013333300000000000033300000000000033300000
10101033333300101033101333301333330013330010101330001333003333300033300333330013330010103330001010100000333010000013301033331010
01010333033301010133010133311033000103330101010330010333010330010133300033000103330101013301010101010101333000010103300003330101
10101330133300111333011133301100111013330010103301113333011001111133301000101013330010133300101010111013330010101033301013330011
01011001133301111333011133301111111133301111011011113330111111111333010101110133301101033301133333111113330101010133300103330111
10111111333301111333011133301111111133301111111111133301111111111333011111111133301111133013333333311133301111111033301013330111
11111111333301113330111133301111111133330111111111133301111111111333301111111133330111133333333333311133301111111333011113330111
11111111333011113330111133301111113333330111111111333011111111133333301111113333330111133333300033311333011133311333011113330111
11111111333011113330111133301111333333301111111111333011111113333333011111333333301111133300011133311333011333331333011113330111
11111111333011113330111133301113333333011111111113330111111133333330111113333333011111130011111333311333013333331333011113330111
11111111333011113330111133301113300333011111111113330111111133003330111113300333011111101111113333013330133333331333011113330111
11111113333011113330111133301111013333011111111133301111111110133330111111013333011111111111133333013330133303331333011113330111
11111113333011113330111133301111113333011111111133301113111111133330111111113333011111111111333330113330333013331333011113330111
11111113330111113330111133301111133330111111111333011133311111333301111111133330111111111111333301113330130113330333011113330111
11111113330111113330111133301111133330111111111333011333311111333301111111133330111111111113333000003330111113330333011113330111
11111113330111113330111133301111133330111111113330133333011111333301111111133330111111111133330000003330111133300333011113330111
11111113330111113330111333301111333301111111113330333330111113333011111111333301111111111333300000003330111133300333011133330111
11111133330111113333011333011111333301111133133333333001111113333011111111333301111133111333000000003333011333010333301133301101
11011133330111111333333333010111333301111133033333330111111113333011111110333301111133013333000000000333333333010033333333301000
10000133300111100333333330000003333011111133033333300011111133330100111003333011111133033330000000000333333330000033333333010000
10000003300011000033333300000003333001111003033330000001000033330000000003333011111003033300000000000033333000000003333330000000
00000000000000000000000000000000300000000030000000000000000003000000000000300000000030000000000000000000000000000000000000000000
00000000000000000000000000000000000000000000000000000000000000000000000000000000000000000000000000000000000000000000000000000000
33303000333030303330330000003000000000000000000000000330033303000300000003000000000000000000003330330033303300333033303330000333
30303000303030303000303000033000000000000000000000000303030303000300000033000000000000000000003000303030003030030003003000000303
33303000333003003300330000003000000000000000000000000330033303000300000003000000000000000000003000330033003030030003003330000333
30003000303003003000303000003000000000000000000000000303030303000300000003000000000000000000003000303030003030030003000030000003
30003330303003003330303000033300000000000000000000000330030303330333000033300000000000000000003330303033303300333003003330000333

0x000a9559
00000000000000000000000000000000000000000000000000000000000000000000000000000000000000000000000000000000000000000000000000000000
00000000000330000000033300000000000003300000000000033300000000000033000000000003300000000000033333000000000300000000003330000000
00000000003330000000333330000000003333330000000003333330000000033333300000003333330000000033333333300000003330000000033333000010
00001010333330000000133333101000333333333000000033300333001013333333330010333333333010003333333330000000033300000000003333300001
01000003333330010000000333000033333300333000000033000333000333333003330033333300333000013333300000000000033300000000000033300001
10101033333300101033101333301333330013330010101330001333003333300033300333330013330010103330001010100000333010000013301033331010
01010333033301010133010133311033000103330101010330010333010330010133300033000103330101013301010101010101333000010103300003330101
10101330133300111333011133301100111013330010103301113333011001111133301000101013330010133300101010111013330010101033301013330011
01011001133301111333011133301111111133301111011011113330111111111333010101110133301101033301133333111113330101010133300103330111
10111111333301111333011133301111111133301111111111133301111111111333011111111133301111133013333333311133301111111033301013330111
11111111333301113330111133301111111133330111111111133301111111111333301111111133330111133333333333311133301111111333011113330111
11111111333011113330111133301111113333330111111111333011111111133333301111113333330111133333300033311333011133311333011113330111
11111111333011113330111133301111333333301111111111333011111113333333011111333333301111133300011133311333011333331333011113330111
11111111333011113330111133301113333333011111111113330111111133333330111113333333011111130011111333311333013333331333011113330111
11111111333011113330111133301113300333011111111113330111111133003330111113300333011111101111113333013330133333331333011113330111
11111113333011113330111133301111013333011111111133301111111110133330111111013333011111111111133333013330133303331333011113330111
11111113333011113330111133301111113333011111111133301113111111133330111111113333011111111111333330113330333013331333011113330111
11111113330111113330111133301111133330111111111333011133311111333301111111133330111111111111333301113330130113330333011113330111
11111113330111113330111133301111133330111111111333011333311111333301111111133330111111111113333000003330111113330333011113330111
11111113330111113330111133301111133330111111113330133333011111333301111111133330111111111133330000003330111133300333011113330111
11111113330111113330111333301111333301111111113330333330111113333011111111333301111111111333300000003330111133300333011133330111
11111133330111113333011333011111333301111133133333333001111113333011111111333301111133111333000000003333011333010333301133301101
11011133330111111333333333010111333301111133033333330111111113333011111110333301111133013333000000000333333333010033333333301000
10000133300111100333333330000003333011111133033333300011111133330100111003333011111133033330000000000333333330000033333333010000
10000003300011000033333300000003333001111003033330000001000033330000000003333011111003033300000000000033333000000003333330000000
00000000000000000000000000000000300000000030000000000000000003000000000000300000000030000000000000000000000000000000000000000000
00000000000000000000000000000000000000000000000000000000000000000000000000000000000000000000000000000000000000000000000000000000
33303000333030303330330000003000000000000000000000000330033303000300000003000000000000000000003330330033303300333033303330000333
30303000303030303000303000033000000000000000000000000303030303000300000033000000000000000000003000303030003030030003003000000303
33303000333003003300330000003000000000000000000000000330033303000300000003000000000000000000003000330033003030030003003330000333
30003000303003003000303000003000000000000000000000000303030303000300000003000000000000000000003000303030003030030003000030000003
30003330303003003330303000033300000000000000000000000330030303330333000033300000000000000000003330303033303300333003003330000333

0x000a95e6
00000000000000000000000000000000000000000000000000000000000000000000000000000000000000000000000000000000000000000000000000000000
00000000000330000000033300000000000003300000000000033300000000000033000000000003300000000000033333000000000300000000003330000000
00000000003330000000333330000000003333330000000003333330000000033333300000003333330000000033333333300000003330000000033333000000
00001010333330000000133333101000333333333000000033300333001013333333330010333333333010003333333330000000033300000000003333300000
01000003333330010000000333000033333300333000000033000333000333333003330033333300333000013333300000000000033300000000000033300000
10101033333300101033101333301333330013330010101330001333003333300033300333330013330010103330001010100000333010000013301033331010
01010333033301010133010133311033000103330101010330010333010330010133300033000103330101013301010101010101333000010103300003330101
10101330133300111333011133301100111013330010103301113333011001111133301000101013330010133300101010111013330010101033301013330011
01011001133301111333011133301111111133301111011011113330111111111333010101110133301101033301133333111113330101010133300103330111
10111111333301111333011133301111111133301111111111133301111111111333011111111133301111133013333333311133301111111033301013330111
11111111333301113330111133301111111133330111111111133301111111111333301111111133330111133333333333311133301111111333011113330111
11111111333011113330111133301111113333330111111111333011111111133333301111113333330111133333300033311333011133311333011113330111
11111111333011113330111133301111333333301111111111333011111113333333011111333333301111133300011133311333011333331333011113330111
11111111333011113330111133301113333333011111111113330111111133333330111113333333011111130011111333311333013333331333011113330111
11111111333011113330111133301113300333011111111113330111111133003330111113300333011111101111113333013330133333331333011113330111
11111113333011113330111133301111013333011111111133301111111110133330111111013333011111111111133333013330133303331333011113330111
11111113333011113330111133301111113333011111111133301113111111133330111111113333011111111111333330113330333013331333011113330111
11111113330111113330111133301111133330111111111333011133311111333301111111133330111111111111333301113330130113330333011113330111
11111113330111113330111133301111133330111111111333011333311111333301111111133330111111111113333000003330111113330333011113330111
11111113330111113330111133301111133330111111113330133333011111333301111111133330111111111133330000003330111133300333011113330111
11111113330111113330111333301111333301111111113330333330111113333011111111333301111111111333300000003330111133300333011133330111
11111133330111113333011333011111333301111133133333333001111113333011111111333301111133111333000000003333011333010333301133301101
11011133330111111333333333010111333301111133033333330111111113333011111110333301111133013333000000000333333333010033333333301000
10000133300111100333333330000003333011111133033333300011111133330100111003333011111133033330000000000333333330000033333333010000
10000003300011000033333300000003333001111003033330000001000033330000000003333011111003033300000000000033333000000003333330000000
00000000000000000000000000000000300000000030000000000000000003000000000000300000000030000000000000000000000000000000000000000000
00000000000000000000000000000000000000000000000000000000000000000000000000000000000000000000000000000000000000000000000000000000
33303000333030303330330000003000000000000000000000000330033303000300000003000000000000000000003330330033303300333033303330000333
30303000303030303000303000033000000000000000000000000303030303000300000033000000000000000000003000303030003030030003003000000303
33303000333003003300330000003000000000000000000000000330033303000300000003000000000000000000003000330033003030030003003330000333
30003000303003003000303000003000000000000000000000000303030303000300000003000000000000000000003000303030003030030003000030000003
30003330303003003330303000033300000000000000000000000330030303330333000033300000000000000000003330303033303300333003003330000333

0x000a9857
00000000000000000000000000000000000000000000000000000000000000000000000000000000000000000000000000000000000000000000000000000000
00000000000330000000033300000000000003300000000000033333000000003330000000033300000000000003330000000000000033000000003330000000
00000000003330000000333330000000003333330000000033333333300000333333000000333000000000000033300000000000033333300000033333000000
00001010333330000000133333101000333333333000003333333330001013330033300013330010033010000333000013300003333333330000003333300000
01000003333330010000000333000033333300333000003333300001000003300033300033300000333000013330000033300333333003330000000033300000
10101033333300101033101333301333330013330010103330001010101033001033300333001010333010133300101033303333300033300013301033331010
01010333033301010133010133311033000103330101013301010111111133010133300330000103330101033001010333010330010033300103300003330101
10101330133300111333011133301100111013330010133301111111111330111333301330101013330010133010101333011000101033301033301013330011
01011001133301111333011133301111111133301111033301133333111101111333010333010133301101033301113330111111110333010133300103330111
10111111333301111333011133301111111133301111133013333333311111113330111133331333011111113333133301111111111333011033301013330111
11111111333301113330111133301111111133330111133333333333311111113330111113333333011111111333333301111111111333301333011113330111
11111111333011113330111133301111113333330111133333300033311111133301111111333330111111111133333011111111133333301333011113330111
11111111333011113330111133301111333333301111133300011133311111133301111111113333111111111111333311111113333333011333011113330111
11111111333011113330111133301113333333011111130011111333311111333011111111133333311111111113333331111133333330111333011113330111
11111111333011113330111133301113300333011111101111113333011111333011111111133333331111111113333333111133003330111333011113330111
11111113333011113330111133301111013333011111111111133333011113330111111111333013333111111133301333311110133330111333011113330111
11111113333011113330111133301111113333011111111111333330111113330111311113330111333111111333011133311111133330111333011113330111
11111113330111113330111133301111133330111111111111333301111133301113331113330111333111111333011133311111333301110333011113330111
11111113330111113330111133301111133330111111111113333011111133301133331133301111333111113330110133300111333301110333011113330111
11111113330111113330111133301111133330111111111133330111111333013333301133301113330111113330110333000011333301110333011113330111
11111113330111113330111333301111333301111111111333301111111333033333011333011113330111133301110333000003333011110333011133330111
11111133330111113333011333011111333301111133111333011111113333333300111333011133301133133301103330000003333011110333301133301101
11011133330111111333333333010111333301111133013333011111113333333011111333301333301133033330133330000003333011110033333333301000
10000133300111100333333330000003333011111133033330100011113333330100111333333333011133033333333300000033330001000033333333010000
10000003300011000033333300000003333001111003033300000001003333000000000033333330111003003333333000000033330000000003333330000000
00000000000000000000000000000000300000000030000000000000000000000000000000000000000030000000000000000003000000000000000000000000
00000000000000000000000000000000000000000000000000000000000000000000000000000000000000000000000000000000000000000000000000000000
33303000333030303330330000003000000000000000000000000330033303000300000003000000000000000000003330330033303300333033303330000333
30303000303030303000303000033000000000000000000000000303030303000300000033000000000000000000003000303030003030030003003000000303
33303000333003003300330000003000000000000000000000000330033303000300000003000000000000000000003000330033003030030003003330000333
30003000303003003000303000003000000000000000000000000303030303000300000003000000000000000000003000303030003030030003000030000003
30003330303003003330303000033300000000000000000000000330030303330333000033300000000000000000003330303033303300333003003330000333

0x000a998f
00000000000000000000000000000000000000000000000000000000000000000000000000000000000000000000000000000000000000000000000000000000
00000000000330000000033300000000000003300000000000003000000000003330000000033300000000000003330000000000333000000000003330000000
00000000003330000000333330000000003333330000000000033300000000333333000000333000000000000033300000000003330000000000033333000000
00001010333330000000133333101000333333333000000000333000001013330033300013330010033010000333000013300033300000330000003333300000
01000003333330010000000333000033333300333000000000333001000003300033300033300000333000013330000033300333000003330000000033300000
10101033333300101033101333301333330013330010101003330010101033001033300333001010333010133300101033303330100013330013301033331010
01010333033301010133010133311033000103330101010103330111111133010133300330000103330101033001010333013301010033300103300003330101
10101330133300111333011133301100111013330010101133301111111330111333301330101013330010133010101333013300101033301033301013330011
01011001133301111333011133301111111133301111011133301111111101111333010333010133301101033301113330113330110333010133300103330111
10111111333301111333011133301111111133301111111333011111111111113330111133331333011111113333133301111333313330111033301013330111
11111111333301113330111133301111111133330111111333011111111111113330111113333333011111111333333301111133333330111333011113330111
11111111333011113330111133301111113333330111113330111333111111133301111111333330111111111133333011111113333301111333011113330111
11111111333011113330111133301111333333301111113330113333311111133301111111113333111111111111333311111111133331111333011113330111
11111111333011113330111133301113333333011111113330133333311111333011111111133333311111111113333331111111333333111333011113330111
11111111333011113330111133301113300333011111133301333333311111333011111111133333331111111113333333111111333333311333011113330111
11111113333011113330111133301111013333011111133301333033311113330111111111333013333111111133301333311113330133331333011113330111
11111113333011113330111133301111113333011111133303330133311113330111311113330111333111111333011133311133301113331333011113330111
11111113330111113330111133301111133330111111133301301133311133301113331113330111333111111333011133311133301113330333011113330111
11111113330111113330111133301111133330111111133301111133311133301133331133301111333111113330110133300333011113330333011113330111
11111113330111113330111133301111133330111111133301111333011333013333301133301113330111113330110333000333011133300333011113330111
11111113330111113330111333301111333301111111133301111333011333033333011333011113330111133301110333003330111133300333011133330111
11111133330111113333011333011111333301111133133330113330113333333300111333011133301133133301103330003330111333010333301133301101
11011133330111111333333333010111333301111133013333333330113333333011111333301333301133033330133330003333013333010033333333301000
10000133300111100333333330000003333011111133013333333301113333330100111333333333011133033333333300003333333330000033333333010000
10000003300011000033333300000003333001111003000333330001003333000000000033333330111003003333333000000333333300000003333330000000
00000000000000000000000000000000300000000030000000000000000000000000000000000000000030000000000000000000000000000000000000000000
00000000000000000000000000000000000000000000000000000000000000000000000000000000000000000000000000000000000000000000000000000000
33303000333030303330330000003000000000000000000000000330033303000300000003000000000000000000003330330033303300333033303330000333
30303000303030303000303000033000000000000000000000000303030303000300000033000000000000000000003000303030003030030003003000000303
33303000333003003300330000003000000000000000000000000330033303000300000003000000000000000000003000330033003030030003003330000333
30003000303003003000303000003000000000000000000000000303030303000300000003000000000000000000003000303030003030030003000030000003
30003330303003003330303000033300000000000000000000000330030303330333000033300000000000000000003330303033303300333003003330000333

0x000a9c9d
00000000000000000000000000000000000000000000000000000000000000000000000000000000000000000000000000000000000000000000000000000000
00000000000330000000033300000000000003300000000000003000000000003330000000033300000000000003330000000000333000000000003330000000
00000000003330000000333330000000003333330000000000033300000000333333000000333000000000000033300000000003330000000000033333000001
00001010333330000000133333101000333333333000000000333000001013330033300013330010033010000333000013300033300000330000003333300000
01000003333330010000000333000033333300333000000000333001000003300033300033300000333000013330000033300333000003330000000033300000
10101033333300101033101333301333330013330010101003330010101033001033300333001010333010133300101033303330100013330013301033331010
01010333033301010133010133311033000103330101010103330111111133010133300330000103330101033001010333013301010033300103300003330101
10101330133300111333011133301100111013330010101133301111111330111333301330101013330010133010101333013300101033301033301013330011
01011001133301111333011133301111111133301111011133301111111101111333010333010133301101033301113330113330110333010133300103330111
10111111333301111333011133301111111133301111111333011111111111113330111133331333011111113333133301111333313330111033301013330111
11111111333301113330111133301111111133330111111333011111111111113330111113333333011111111333333301111133333330111333011113330111
11111111333011113330111133301111113333330111113330111333111111133301111111333330111111111133333011111113333301111333011113330111
11111111333011113330111133301111333333301111113330113333311111133301111111113333111111111111333311111111133331111333011113330111
11111111333011113330111133301113333333011111113330133333311111333011111111133333311111111113333331111111333333111333011113330111
11111111333011113330111133301113300333011111133301333333311111333011111111133333331111111113333333111111333333311333011113330111
11111113333011113330111133301111013333011111133301333033311113330111111111333013333111111133301333311113330133331333011113330111
11111113333011113330111133301111113333011111133303330133311113330111311113330111333111111333011133311133301113331333011113330111
11111113330111113330111133301111133330111111133301301133311133301113331113330111333111111333011133311133301113330333011113330111
11111113330111113330111133301111133330111111133301111133311133301133331133301111333111113330110133300333011113330333011113330111
11111113330111113330111133301111133330111111133301111333011333013333301133301113330111113330110333000333011133300333011113330111
11111113330111113330111333301111333301111111133301111333011333033333011333011113330111133301110333003330111133300333011133330111
11111133330111113333011333011111333301111133133330113330113333333300111333011133301133133301103330003330111333010333301133301101
11011133330111111333333333010111333301111133013333333330113333333011111333301333301133033330133330003333013333010033333333301000
10000133300111100333333330000003333011111133013333333301113333330100111333333333011133033333333300003333333330000033333333010000
10000003300011000033333300000003333001111003000333330001003333000000000033333330111003003333333000000333333300000003333330000000
00000000000000000000000000000000300000000030000000000000000000000000000000000000000030000000000000000000000000000000000000000000
00000000000000000000000000000000000000000000000000000000000000000000000000000000000000000000000000000000000000000000000000000000
33303000333030303330330000003000000000000000000000000330033303000300000003000000000000000000003330330033303300333033303330000333
30303000303030303000303000033000000000000000000000000303030303000300000033000000000000000000003000303030003030030003003000000303
33303000333003003300330000003000000000000000000000000330033303000300000003000000000000000000003000330033003030030003003330000333
30003000303003003000303000003000000000000000000000000303030303000300000003000000000000000000003000303030003030030003000030000003
30003330303003003330303000033300000000000000000000000330030303330333000033300000000000000000003330303033303300333003003330000333

0x000a9d29
00000000000000000000000000000000000000000000000000000000000000000000000000000000000000000000000000000000000000000000000000000000
00000000000330000000033300000000000003300000000000003000000000003330000000033300000000000003330000000000333000000000003330000000
00000000003330000000333330000000003333330000000000033300000000333333000000333000000000000033300000000003330000000000033333001000
00001010333330000000133333101000333333333000000000333000001013330033300013330010033010000333000013300033300000330000003333300000
01000003333330010000000333000033333300333000000000333001000003300033300033300000333000013330000033300333000003330000000033300000
10101033333300101033101333301333330013330010101003330010101033001033300333001010333010133300101033303330100013330013301033331010
01010333033301010133010133311033000103330101010103330111111133010133300330000103330101033001010333013301010033300103300003330101
10101330133300111333011133301100111013330010101133301111111330111333301330101013330010133010101333013300101033301033301013330011
01011001133301111333011133301111111133301111011133301111111101111333010333010133301101033301113330113330110333010133300103330111
10111111333301111333011133301111111133301111111333011111111111113330111133331333011111113333133301111333313330111033301013330111
11111111333301113330111133301111111133330111111333011111111111113330111113333333011111111333333301111133333330111333011113330111
11111111333011113330111133301111113333330111113330111333111111133301111111333330111111111133333011111113333301111333011113330111
11111111333011113330111133301111333333301111113330113333311111133301111111113333111111111111333311111111133331111333011113330111
11111111333011113330111133301113333333011111113330133333311111333011111111133333311111111113333331111111333333111333011113330111
11111111333011113330111133301113300333011111133301333333311111333011111111133333331111111113333333111111333333311333011113330111
11111113333011113330111133301111013333011111133301333033311113330111111111333013333111111133301333311113330133331333011113330111
11111113333011113330111133301111113333011111133303330133311113330111311113330111333111111333011133311133301113331333011113330111
11111113330111113330111133301111133330111111133301301133311133301113331113330111333111111333011133311133301113330333011113330111
11111113330111113330111133301111133330111111133301111133311133301133331133301111333111113330110133300333011113330333011113330111
11111113330111113330111133301111133330111111133301111333011333013333301133301113330111113330110333000333011133300333011113330111
11111113330111113330111333301111333301111111133301111333011333033333011333011113330111133301110333003330111133300333011133330011
11111133330111113333011333011111333301111133133330113330113333333300111333011133301133133301103330003330111333010333301133301101
11011133330111111333333333010111333301111133013333333330113333333011111333301333301133033330133330003333013333010033333333301000
10000133300111100333333330000003333011111133013333333301113333330100111333333333011133033333333300003333333330000033333333010001
10000003300011000033333300000003333001111003000333330001003333000000000033333330111003003333333000000333333300000003333330000000
00000000000000000000000000000000300000000030000000000000000000000000000000000000000030000000000000000000000000000000000000002002
00000000000000000000000000000000000000000000000000000000000000000000000000000000000000000000000000000000000000000000000000000000
33303000333030303330330000003000000000000000000000000330033303000300000003000000000000000000003330330033303300333033303330000333
30303000303030303000303000033000000000000000000000000303030303000300000033000000000000000000003000303030003030030003003000000303
33303000333003003300330000003000000000000000000000000330033303000300000003000000000000000000003000330033003030030003003330000333
30003000303003003000303000003000000000000000000000000303030303000300000003000000000000000000003000303030003030030003000030000003
30003330303003003330303000033300000000000000000000000330030303330333000033300000000000000000003330303033303300333003003330000333

0x000a9dd5
00000000000000000000000000000000000000000000000000000000000000000000000000000000000000000000000000000000000000000000000000000000
00000000000330000000033300000000000003300000000000003000000000003330000000033300000000000003330000000000333000000000003331000000
00000000003330000000333330000000003333330000000000033300000000333333000000333000000000000033300000000003330000000000033333000000
00001010333330000000133333101000333333333000000000333000001013330033300013330010033010000333000013300033300000330000003333300000
01000003333330010000000333000033333300333000000000333001000003300033300033300000333000013330000033300333000003330000000033300000
10101033333300101033101333301333330013330010101003330010101033001033300333001010333010133300101033303330100013330013301033331000
01010333033301010133010133311033000103330101010103330111111133010133300330000103330101033001010333013301010033300103300003331000
10101330133300111333011133301100111013330010101133301111111330111333301330101013330010133010101333013300101033301033301013330000
01011001133301111333011133301111111133301111011133301111111101111333010333010133301101033301113330113330110333010133300103330000
10111111333301111333011133301111111133301111111333011111111111113330111133331333011111113333133301111333313330111033301013330000
11111111333301113330111133301111111133330111111333011111111111113330111113333333011111111333333301111133333330111333011113330100
11111111333011113330111133301111113333330111113330111333111111133301111111333330111111111133333011111113333301111333011113330100
11111111333011113330111133301111333333301111113330113333311111133301111111113333111111111111333311111111133331111333011113330110
11111111333011113330111133301113333333011111113330133333311111333011111111133333311111111113333331111111333333111333011113330110
11111111333011113330111133301113300333011111133301333333311111333011111111133333331111111113333333111111333333311333011113330111
11111113333011113330111133301111013333011111133301333033311113330111111111333013333111111133301333311113330133331333011113330111
11111113333011113330111133301111113333011111133303330133311113330111311113330111333111111333011133311133301113331333011113330111
11111113330111113330111133301111133330111111133301301133311133301113331113330111333111111333011133311133301113330333011113330111
11111113330111113330111133301111133330111111133301111133311133301133331133301111333111113330110133300333011113330333011113330111
11111113330111113330111133301111133330111111133301111333011333013333301133301113330111113330110333000333011133300333011113330111
11111113330111113330111333301111333301111111133301111333011333033333011333011113330111133301110333003330111133300333011133330111
11111133330111113333011333011111333301111133133330113330113333333300111333011133301133133301103330003330111333010333301133301001
11011133330111111333333333010111333301111133013333333330113333333011111333301333301133033330133330003333013333010033333333301000
10000133300111100333333330000003333011111133013333333301113333330100111333333333011133033333333300003333333330000033333333010000
10000003300011000033333300000003333001111003000333330001003333000000000033333330111003003333333000000333333300000003333330000100
00000000000000000000000000000000300000000030000000000000000000000000000000000000000030000000000000000000000000000000000000000000
00000000000000000000000000000000000000000000000000000000000000000000000000000000000000000000000000000000000000000000000000000000
33303000333030303330330000003000000000000000000000000330033303000300000003000000000000000000003330330033303300333033303330000333
30303000303030303000303000033000000000000000000000000303030303000300000033000000000000000000003000303030003030030003003000000303
33303000333003003300330000003000000000000000000000000330033303000300000003000000000000000000003000330033003030030003003330000333
30003000303003003000303000003000000000000000000000000303030303000300000003000000000000000000003000303030003030030003000030000003
30003330303003003330303000033300000000000000000000000330030303330333000033300000000000000000003330303033303300333003003330000333

0x000a9e81
00000000000000000000000000000000000000000000000000000000000000000000000000000000000000000000000000000000000000000000000000000000
00000000000330000000033300000000000003300000000000003000000000003330000000033300000000000003330000000000333000000000003330000000
00000000003330000000333330000000003333330000000000033300000000333333000000333000000000000033300000000003330000000000033333000000
00001010333330000000133333101000333333333000000000333000001013330033300013330010033010000333000013300033300000330000003333300000
01000003333330010000000333000033333300333000000000333001000003300033300033300000333000013330000033300333000003330000000033300000
10101033333300101033101333301333330013330010101003330010101033001033300333001010333010133300101033303330100013330013301033330000
01010333033301010133010133311033000103330101010103330111111133010133300330000103330101033001010333013301010033300103300013330000
10101330133300111333011133301100111013330010101133301111111330111333301330101013330010133010101333013300101033301033301013330000
01011001133301111333011133301111111133301111011133301111111101111333010333010133301101033301113330113330110333010133300103330000
10111111333301111333011133301111111133301111111333011111111111113330111133331333011111113333133301111333313330111033301013330000
11111111333301113330111133301111111133330111111333011111111111113330111113333333011111111333333301111133333330111333011113330000
11111111333011113330111133301111113333330111113330111333111111133301111111333330111111111133333011111113333301111333011113330000
11111111333011113330111133301111333333301111113330113333311111133301111111113333111111111111333311111111133331111333011113330000
11111111333011113330111133301113333333011111113330133333311111333011111111133333311111111113333331111111333333111333011113330000
11111111333011113330111133301113300333011111133301333333311111333011111111133333331111111113333333111111333333311333011113330000
11111113333011113330111133301111013333011111133301333033311113330111111111333013333111111133301333311113330133331333011113330000
11111113333011113330111133301111113333011111133303330133311113330111311113330111333111111333011133311133301113331333011113330100
11111113330111113330111133301111133330111111133301301133311133301113331113330111333111111333011133311133301113330333011113330100
11111113330111113330111133301111133330111111133301111133311133301133331133301111333111113330110133300333011113330333011113330100
11111113330111113330111133301111133330111111133301111333011333013333301133301113330111113330110333000333011133300333010113330111
11111113330111113330111333301111333301111111133301111333011333033333011333011113330111133301110333003330111133300333011133330110
11111133330111113333011333011111333301111133133330113330113333333300111333011133301133133301103330003330111333010333301133300100
11011133330111111333333333010111333301111133013333333330113333333011111333301333301133033330133330003333013333010033333333300000
10000133300111100333333330000003333011111133013333333301113333330100111333333333011133033333333300003333333330000033333333010000
10000003300011000033333300000003333001111003000333330001003333000000000033333330111003003333333000000333333300000003333330000000
00000000000000000000000000000000300000000030000000000000000000000000000000000000000030000000000000000000000000000000000000000000
00000000000000000000000000000000000000000000000000000000000000000000000000000000000000000000000000000000000000000000000000000000
33303000333030303330330000003000000000000000000000000330033303000300000003000000000000000000003330330033303300333033303330000333
30303000303030303000303000033000000000000000000000000303030303000300000033000000000000000000003000303030003030030003003000000303
33303000333003003300330000003000000000000000000000000330033303000300000003000000000000000000003000330033003030030003003330000333
30003000303003003000303000003000000000000000000000000303030303000300000003000000000000000000003000303030003030030003000030000003
30003330303003003330303000033300000000000000000000000330030303330333000033300000000000000000003330303033303300333003003330000333

0x000a9f1d
00000000000000000000000000000000000000000000000000000000000000000000000000000000000000000000000000000000000000000000000000000000
00000000000330000000033300000000000003300000000000003000000000003330000000033300000000000003330000000000333000000000003330000000
00000000003330000000333330000000003333330000000000033300000000333333000000333000000000000033300000000003330000000000033333000000
00001010333330000000133333101000333333333000000000333000001013330033300013330010033010000333000013300033300000330000003333300000
01000003333330010000000333000033333300333000000000333001000003300033300033300000333000013330000033300333000003330000001033300000
10101033333300101033101333301333330013330010101003330010101033001033300333001010333010133300101033303330100013330013301133330000
01010333033301010133010133311033000103330101010103330111111133010133300330000103330101033001010333013301010033300103300103330000
10101330133300111333011133301100111013330010101133301111111330111333301330101013330010133010101333013300101033301033301103330000
01011001133301111333011133301111111133301111011133301111111101111333010333010133301101033301113330113330110333010133300103330000
10111111333301111333011133301111111133301111111333011111111111113330111133331333011111113333133301111333313330111033301003330000
11111111333301113330111133301111111133330111111333011111111111113330111113333333011111111333333301111133333330111333011113330000
11111111333011113330111133301111113333330111113330111333111111133301111111333330111111111133333011111113333301111333011113330000
11111111333011113330111133301111333333301111113330113333311111133301111111113333111111111111333311111111133331111333011113330000
11111111333011113330111133301113333333011111113330133333311111333011111111133333311111111113333331111111333333111333011113330000
11111111333011113330111133301113300333011111133301333333311111333011111111133333331111111113333333111111333333311333011113330000
11111113333011113330111133301111013333011111133301333033311113330111111111333013333111111133301333311113330133331333011113330000
11111113333011113330111133301111113333011111133303330133311113330111311113330111333111111333011133311133301113331333011113330000
11111113330111113330111133301111133330111111133301301133311133301113331113330111333111111333011133311133301113330333011113330000
11111113330111113330111133301111133330111111133301111133311133301133331133301111333111113330110133300333011113330333011113330000
11111113330111113330111133301111133330111111133301111333011333013333301133301113330111113330110333000333011133300333000013330000
11111113330111113330111333301111333301111111133301111333011333033333011333011113330111133301110333003330111133300333010033330000
11111133330111113333011333011111333301111133133330113330113333333300111333011133301133133301103330003330111333010333301133300000
11011133330111111333333333010111333301111133013333333330113333333011111333301333301133033330133330003333013333010033333333300000
10000133300111100333333330000003333011111133013333333301113333330100111333333333011133033333333300003333333330000033333333000000
10000003300011000033333300000003333001111003000333330001003333000000000033333330111003003333333000000333333300000003333330000000
00000000000000000000000000000000300000000030000000000000000000000000000000000000000030000000000000000000000000000000000001000001
00000000000000000000000000000000000000000000000000000000000000000000000000000000000000000000000000000000000000000000000000000000
33303000333030303330330000003000000000000000000000000330033303000300000003000000000000000000003330330033303300333033303330000333
30303000303030303000303000033000000000000000000000000303030303000300000033000000000000000000003000303030003030030003003000000303
33303000333003003300330000003000000000000000000000000330033303000300000003000000000000000000003000330033003030030003003330000333
30003000303003003000303000003000000000000000000000000303030303000300000003000000000000000000003000303030003030030003000030000003
30003330303003003330303000033300000000000000000000000330030303330333000033300000000000000000003330303033303300333003003330000333

0x000a9fc9
00000000000000000000000000000000000000000000000000000000000000000000000000000000000000000000000000000000000000000000000000000000
00000000000330000000033300000000000003300000000000003000000000003330000000033300000000000003330000000000333000000000003330000000
00000000003330000000333330000000003333330000000000033300000000333333000000333000000000000033300000000003330000000000033333000000
00001010333330000000133333101000333333333000000000333000001013330033300013330010033010000333000013300033300000330001003333300000
01000003333330010000000333000033333300333000000000333001000003300033300033300000333000013330000033300333000003330000010033300000
10101033333300101033101333301333330013330010101003330010101033001033300333001010333010133300101033303330100013330013310033330001
01010333033301010133010133311033000103330101010103330111111133010133300330000103330101033001010333013301010033300103300003330001
10101330133300111333011133301100111013330010101133301111111330111333301330101013330010133010101333013300101033301033300003330011
01011001133301111333011133301111111133301111011133301111111101111333010333010133301101033301113330113330110333010133300003330011
10111111333301111333011133301111111133301111111333011111111111113330111133331333011111113333133301111333313330111033300003330011
11111111333301113330111133301111111133330111111333011111111111113330111113333333011111111333333301111133333330111333011003330011
11111111333011113330111133301111113333330111113330111333111111133301111111333330111111111133333011111113333301111333011013330111
11111111333011113330111133301111333333301111113330113333311111133301111111113333111111111111333311111111133331111333011003330111
11111111333011113330111133301113333333011111113330133333311111333011111111133333311111111113333331111111333333111333011103330111
11111111333011113330111133301113300333011111133301333333311111333011111111133333331111111113333333111111333333311333011103330111
11111113333011113330111133301111013333011111133301333033311113330111111111333013333111111133301333311113330133331333011103330111
11111113333011113330111133301111113333011111133303330133311113330111311113330111333111111333011133311133301113331333011103330110
11111113330111113330111133301111133330111111133301301133311133301113331113330111333111111333011133311133301113330333011113330111
11111113330111113330111133301111133330111111133301111133311133301133331133301111333111113330110133300333011113330333000113330111
11111113330111113330111133301111133330111111133301111333011333013333301133301113330111113330110333000333011133300333011113330111
11111113330111113330111333301111333301111111133301111333011333033333011333011113330111133301110333003330111133300333011133330110
11111133330111113333011333011111333301111133133330113330113333333300111333011133301133133301103330003330111333000333301133301101
11011133330111111333333333010111333301111133013333333330113333333011111333301333301133033330133330003333013333010033333333301000
10000133300111100333333330000003333011111133013333333301113333330100111333333333011133033333333300003333333330000033333333000001
10000003300011000033333300000003333001111003000333330001003333000000000033333330111003003333333000000333333300000003333330000000
00000000000000000000000000000000300000000030000000000000000000000000000000000000000030000000000000000000000001000000000000000000
00000000000000000000000000000000000000000000000000000000000000000000000000000000000000000000000000000000000000000000000000000000
33303000333030303330330000003000000000000000000000000330033303000300000003000000000000000000003330330033303300333033303330000333
30303000303030303000303000033000000000000000000000000303030303000300000033000000000000000000003000303030003030030003003000000303
33303000333003003300330000003000000000000000000000000330033303000300000003000000000000000000003000330033003030030003003330000333
30003000303003003000303000003000000000000000000000000303030303000300000003000000000000000000003000303030003030030003000030000003
30003330303003003330303000033300000000000000000000000330030303330333000033300000000000000000003330303033303300333003003330000333

0x000aa075
00000000000000000000000000000000000000000000000000000000000000000000000000000000000000000000000000000000000000000000000000000000
00000000000330000000033300000000000003300000000000003000000000003330000000033300000000000003330000000000333000000100003330000000
00000000003330000000333330000000003333330000000000033300000000333333000000333000000000000033300000000003330000000000033333000100
00001010333330000000133333101000333333333000000000333000001013330033300013330010033010000333000013300033300000330011003333300000
01000003333330010000000333000033333300333000000000333001000003300033300033300000333000013330000033300333000003330011000033300100
10101033333300101033101333301333330013330010101003330010101033001033300333001010333010133300101033303330100013330013300033331010
01010333033301010133010133311033000103330101010103330111111133010133300330000103330101033001010333013301010033300103300003331101
10101330133300111333011133301100111013330010101133301111111330111333301330101013330010133010101333013300101033301033300003330011
01011001133301111333011133301111111133301111011133301111111101111333010333010133301101033301113330113330110333010133300003330111
10111111333301111333011133301111111133301111111333011111111111113330111133331333011111113333133301111333313330111033300003330111
11111111333301113330111133301111111133330111111333011111111111113330111113333333011111111333333301111133333330111333000003330111
11111111333011113330111133301111113333330111113330111333111111133301111111333330111111111133333011111113333301111333000003330111
11111111333011113330111133301111333333301111113330113333311111133301111111113333111111111111333311111111133331111333000003330111
11111111333011113330111133301113333333011111113330133333311111333011111111133333311111111113333331111111333333111333000003330111
11111111333011113330111133301113300333011111133301333333311111333011111111133333331111111113333333111111333333311333000003330111
11111113333011113330111133301111013333011111133301333033311113330111111111333013333111111133301333311113330133331333000003330111
11111113333011113330111133301111113333011111133303330133311113330111311113330111333111111333011133311133301113331333000003330111
11111113330111113330111133301111133330111111133301301133311133301113331113330111333111111333011133311133301113330333000003330111
11111113330111113330111133301111133330111111133301111133311133301133331133301111333111113330110133300333011113330333000003330111
11111113330111113330111133301111133330111111133301111333011333013333301133301113330111113330110333000333011133300333000003330111
11111113330111113330111333301111333301111111133301111333011333033333011333011113330111133301110333003330111133300333000033330100
11111133330111113333011333011111333301111133133330113330113333333300111333011133301133133301103330003330111333010333300133301100
11011133330111111333333333010111333301111133013333333330113333333011111333301333301133033330133330003333013333010033333333300000
10000133300111100333333330000003333011111133013333333301113333330100111333333333011133033333333300003333333330000033333333010000
10000003300011000033333300000003333001111003000333330001003333000000000033333330111003003333333000000333333300000103333330000000
00000000000000000000000000000000300000000030000000000000000000000000000000000000000030000000000000000000000000000000000000000000
00000000000000000000000000000000000000000000000000000000000000000000000000000000000000000000000000000000000000000000000000000000
33303000333030303330330000003000000000000000000000000330033303000300000003000000000000000000003330330033303300333033303330000333
30303000303030303000303000033000000000000000000000000303030303000300000033000000000000000000003000303030003030030003003000000303
33303000333003003300330000003000000000000000000000000330033303000300000003000000000000000000003000330033003030030003003330000333
30003000303003003000303000003000000000000000000000000303030303000300000003000000000000000000003000303030003030030003000030000003
30003330303003003330303000033300000000000000000000000330030303330333000033300000000000000000003330303033303300333003003330000333

0x000aa111
00000000000000000000000000000000000000000000000000000000000000000000000000000000000000000000000000000000000000000000000000000000
00000000000330000000033300000000000003300000000000003000000000003330000000033300000000000003330000000000333000000000003330100000
00000000003330000000333330000000003333330000000000033300000000333333000000333000000000000033300000000003330000100000033333100000
00001010333330000000133333101000333333333000000000333000001013330033300013330010033010000333000013300033300000330010003333310000
01000003333330010000000333000033333300333000000000333001000003300033300033300000333000013330000033300333000003330000000033300000
10101033333300101033101333301333330013330010101003330010101033001033300333001010333010133300101033303330100013331003300033331010
01010333033301010133010133311033000103330101010103330111111133010133300330000103330101033001010333013301010033301003300003330101
10101330133300111333011133301100111013330010101133301111111330111333301330101013330010133010101333013300101033301033300003330011
01011001133301111333011133301111111133301111011133301111111101111333010333010133301101033301113330113330110333010033300003330111
10111111333301111333011133301111111133301111111333011111111111113330111133331333011111113333133301111333313330111033300003330111
11111111333301113330111133301111111133330111111333011111111111113330111113333333011111111333333301111133333330111333000003330111
11111111333011113330111133301111113333330111113330111333111111133301111111333330111111111133333011111113333300111333000003330111
11111111333011113330111133301111333333301111113330113333311111133301111111113333111111111111333311111111133331111333000003330111
11111111333011113330111133301113333333011111113330133333311111333011111111133333311111111113333331111111333333111333000003330111
11111111333011113330111133301113300333011111133301333333311111333011111111133333331111111113333333111111333333311333000013330111
11111113333011113330111133301111013333011111133301333033311113330111111111333013333111111133301333311113330133331333000013330111
11111113333011113330111133301111113333011111133303330133311113330111311113330111333111111333011133311133301113331333000013330111
11111113330111113330111133301111133330111111133301301133311133301113331113330111333111111333011133311133301113330333000113330111
11111113330111113330111133301111133330111111133301111133311133301133331133301111333111113330110133300333011113330333000113330111
11111113330111113330111133301111133330111111133301111333011333013333301133301113330111113330110333000333011133300333000113330111
11111113330111113330111333301111333301111111133301111333011333033333011333011113330111133301110333003330111133300333001133330111
11111133330111113333011333011111333301111133133330113330113333333300111333011133301133133301103330003330111333000333301133301001
11011133330111111333333333010111333301111133013333333330113333333011111333301333301133033330133330003333013333010033333333301000
10000133300111100333333330000003333011111133013333333301113333330100111333333333011133033333333300003333333330000033333333010000
10000003300011000033333300000003333001111003000333330001003333000000000033333330111003003333333000000333333300001003333330000000
00000000000000000000000000000000300000000030000000000000000000000000000000000000000030000000000000000000000000000000000000000000
00000000000000000000000000000000000000000000000000000000000000000000000000000000000000000000000000000000000000000000000000000000
33303000333030303330330000003000000000000000000000000330033303000300000003000000000000000000003330330033303300333033303330000333
30303000303030303000303000033000000000000000000000000303030303000300000033000000000000000000003000303030003030030003003000000303
33303000333003003300330000003000000000000000000000000330033303000300000003000000000000000000003000330033003030030003003330000333
30003000303003003000303000003000000000000000000000000303030303000300000003000000000000000000003000303030003030030003000030000003
30003330303003003330303000033300000000000000000000000330030303330333000033300000000000000000003330303033303300333003003330000333

0x000aa1bd
00000000000000000000000000000000000000000000000000000000000000000000000000000000000000000000000000000000000000000000000000000000
00000000000330000000033300000000000003300000000003330000000000333000000000003330000000000000000330000000000300000000003330000000
00000000003330000000333330000000003333330000000033300000000003330000000000033333000000000000003330000000033330000000033333000000
00001010333330000000133333101000333333333000000333000003301033301000330010103333300010000000333330100003333300000000003333300000
01000003333330010000000333000033333300333000003330000133300333000003330000000033310000010003333330000033333000300000001033300000
10101033333300101033101333301333330013330010133300001033303330101013330013301033331010101033333300100333300013330003301033331010
01010333033301010133010133311033000103330101033001010333013301110133300103300103330101010333033301010333010033330003300013330101
10101330133300111333011133301100111013330010133011111333013301111133301033301013330010101330133300113330100333300033300013330011
01011001133301111333011133301111111133301111033301113330113330111333010133300103330101011001133301113301113333300033300103330111
10111111333301111333011133301111111133301111113333133301111333313330111133301113330111111111333301113301133333300033300113330111
11111111333301113330111133301111111133330111111333333301111133333330111333011113330111111111333301113301333033000333000113330111
11111111333011113330111133301111113333330111111133333011111113333301111333011113330111111111333011113333330333010333000113330111
11111111333011113330111133301111333333301111111111333311111111133331111333011113330111111111333011111333301333010333001113330111
11111111333011113330111133301113333333011111111113333331111111333333111333011113330111111111333011111033011333010333001113330111
11111111333011113330111133301113300333011111111113333333111111333333311333011113330111111111333011111100111330110333001113330111
11111113333011113330111133301111013333011111111133301333311113330133331333011113330111111113333011111111113330110333001113330111
11111113333011113330111133301111113333011111111333011133311133301113331333011113330111111113333011111111113330110333011113330111
11111113330111113330111133301111133330111111111333011133311133301113331333011113330111111113330111111110113330110333011113330111
11111113330111113330111133301111133330111111113330111133311333011113331333011113330111111113330100000111113301110333011113330111
11111113330111113330111133301111133330111111113330111333011333011133301333011113330111111113330000000012133301110333011113330111
11111113330111113330111333301111333301111111133301111333013330111133301333011133330111111113330000000001133302100333011133330111
11111133330111113333011333011111333301111133133301113330113330111333011333301133301133111133330000000000133301100333300133301101
11011133330111111333333333010111333301111133033330133330113333013333011133333333301133011133330000000000333011100033333333301000
10000133300111100333333330000003333011111133033333333301113333333330111033333333011133011133300000000000333000000033333333010000
10000003300011000033333300000003333001111003003333333001000333333300000003333330111003000003300000000200033000000003333330000000
00000000000000000000000000000000300000000030000000000000000000000000000000000000000030000000000000000000000020000000000000000000
00000000000000000000000000000000000000000000000000000000000000000000000000000000000000000000000000000000000000000000000000000000
33303000333030303330330000003000000000000000000000000330033303000300000003000000000000000000003330330033303300333033303330000333
30303000303030303000303000033000000000000000000000000303030303000300000033000000000000000000003000303030003030030003003000000303
33303000333003003300330000003000000000000000000000000330033303000300000003000000000000000000003000330033003030030003003330000333
30003000303003003000303000003000000000000000000000000303030303000300000003000000000000000000003000303030003030030003000030000003
30003330303003003330303000033300000000000000000000000330030303330333000033300000000000000000003330303033303300333003003330000333

0x000aa269
00000000000000000000000000000000000000000000000000000000000000000000000000000000000000000000000000000000000000000000000000000000
00000000000330000000033300000000000003300000000003330000000000333000000000003330000000000000000330000000000300000000003330000000
00000000003330000000333330000000003333330000000033300000000003330000000000033333000000000000003330000000033330000000133333000000
00001010333330000000133333101000333333333000000333000003301033301000330010103333300010000000333330100003333300000000013333300000
01000003333330010000000333000033333300333000003330000133300333000003330000000033310000010003333330000033333000300000000033300000
10101033333300101033101333301333330013330010133300001033303330101013330013301033331010101033333300100333300003330003301033331010
01010333033301010133010133311033000103330101033001010333013301110133300103300103330101010333033301010333011033330003300003330101
10101330133300111333011133301100111013330010133011111333013301111133301033301013330010101330133300113330100333301033301013330011
01011001133301111333011133301111111133301111033301113330113330111333010133300103330101011001133301113301113333300033300103330111
10111111333301111333011133301111111133301111113333133301111333313330111133301113330111111111333301113301133333300033301013330111
11111111333301113330111133301111111133330111111333333301111133333330111333011113330111111111333301113301333033000333011113330111
11111111333011113330111133301111113333330111111133333011111113333301111333011113330111111111333011113333330333000333011113330111
11111111333011113330111133301111333333301111111111333311111111133331111333011113330111111111333011111333301333000333011113330111
11111111333011113330111133301113333333011111111113333331111111333333111333011113330111111111333011111033011333000333011113330111
11111111333011113330111133301113300333011111111113333333111111333333311333011113330111111111333011111100111330000333011113330111
11111113333011113330111133301111013333011111111133301333311113330133331333011113330111111113333011111111113330000333011113330111
11111113333011113330111133301111113333011111111333011133311133301113331333011113330111111113333011111111113330000333011113330111
11111113330111113330111133301111133330111111111333011133311133301113331333011113330111111113330111101111113330000333011113330111
11111113330111113330111133301111133330111111113330111133311333011113331333011113330111111113330100000111113300000333011113330111
11111113330111113330111133301111133330111111113330111333011333011133301333011113330111111113330000000011033300000333011113330111
11111113330111113330111333301111333301111111133301111333013330111133301333011133330111111113330000000001133300000333011133330111
11111133330111113333011333011111333301111133133301113330113330111333011333301133301133111133330000000000133300000333301133301101
11011133330111111333333333010111333301111133033330133330113333013333011133333333301133011133330000000000333000000033333333301000
10000133300111100333333330000003333011111133033333333301113333333330111033333333011133011133300000000000333000000033333333010000
10000003300011000033333300000003333001111003003333333001000333333300000003333330111003000003300000000000033000000203333330000000
00000000000000000000000000000000300000000030000000000000000000000000000000000000000030000000000000000200200000020000000000000000
00000000000000000000000000000000000000000000000000000000000000000000000000000000000000000000000000000000000000000000000000000000
33303000333030303330330000003000000000000000000000000330033303000300000003000000000000000000003330330033303300333033303330000333
30303000303030303000303000033000000000000000000000000303030303000300000033000000000000000000003000303030003030030003003000000303
33303000333003003300330000003000000000000000000000000330033303000300000003000000000000000000003000330033003030030003003330000333
30003000303003003000303000003000000000000000000000000303030303000300000003000000000000000000003000303030003030030003000030000003
30003330303003003330303000033300000000000000000000000330030303330333000033300000000000000000003330303033303300333003003330000333

0x000aa315
00000000000000000000000000000000000000000000000000000000000000000000000000000000000000000000000000000000000000000000000000000000
00000000000330000000033300000000000003300000000003330000000000333000000000003330000000000000000330000000000300000000003330000000
00000000003330000000333330000000003333330000000033300000000003330000000000033333000000000000003330010000033330001000033333000000
00001010333330000000133333101000333333333000000333000003301033301000330010103333300010000000333330100003333300000000003333300000
01000003333330010000000333000033333300333000003330000133300333000003330000000033310000010003333330001033333000300100000033300000
10101033333300101033101333301333330013330010133300001033303330101013330013301033331010101033333300100333300003330113301033331010
01010333033301010133010133311033000103330101033001010333013301110133300103300103330101010333033301010333000033330113300003330101
10101330133300111333011133301100111013330010133011111333013301111133301033301013330010101330133300113330110333300033301013330011
01011001133301111333011133301111111133301111033301113330113330111333010133300103330101011001133301113301113333300133300103330111
10111111333301111333011133301111111133301111113333133301111333313330111133301113330111111111333301113301133333300033301013330111
11111111333301113330111133301111111133330111111333333301111133333330111333011113330111111111333301113301333033000333011113330111
11111111333011113330111133301111113333330111111133333011111113333301111333011113330111111111333011113333330333000333011113330111
11111111333011113330111133301111333333301111111111333311111111133331111333011113330111111111333011111333301333000333011113330111
11111111333011113330111133301113333333011111111113333331111111333333111333011113330111111111333011111033011333000333011113330111
11111111333011113330111133301113300333011111111113333333111111333333311333011113330111111111333011111100111330001333011113330111
11111113333011113330111133301111013333011111111133301333311113330133331333011113330111111113333011111111113330001333011113330111
11111113333011113330111133301111113333011111111333011133311133301113331333011113330111111113333011111111013330011333011113330111
11111113330111113330111133301111133330111111111333011133311133301113331333011113330111111113330111111111013330010333011113330111
11111113330111113330111133301111133330111111113330111133311333011113331333011113330111111113330100000111113300110333011113330111
11111113330111113330111133301111133330111111113330111333011333011133301333011113330111111113330000000011133300110333011113330111
11111113330111113330111333301111333301111111133301111333013330111133301333011133330111111113330000000001133301110333011133330111
11111133330111113333011333011111333301111133133301113330113330111333011333301133301133111133330000000000133301110333301133301101
11011133330111111333333333010111333301111133033330133330113333013333011133333333301133011133330000000000333011110033333333301000
10000133300111100333333330000003333011111133033333333301113333333330111033333333011133011133300000002000333001000033333333010000
10000003300011000033333300000003333001111003003333333001000333333300000003333330111003000003300000000000033002002003333330000000
00000000000000000000000000000000300000000030000000000000000000000000000000000000000030000000000002000200000000020000000000000000
00000000000000000000000000000000000000000000000000000000000000000000000000000000000000000000000000000000000000000000000000000000
33303000333030303330330000003000000000000000000000000330033303000300000003000000000000000000003330330033303300333033303330000333
30303000303030303000303000033000000000000000000000000303030303000300000033000000000000000000003000303030003030030003003000000303
33303000333003003300330000003000000000000000000000000330033303000300000003000000000000000000003000330033003030030003003330000333
30003000303003003000303000003000000000000000000000000303030303000300000003000000000000000000003000303030003030030003000030000003
30003330303003003330303000033300000000000000000000000330030303330333000033300000000000000000003330303033303300333003003330000333

0x000aa3b1
00000000000000000000000000000000000000000000000000000000000000000000000000000000000000000000000000000000000000000000000000000000
00000000000330000000033300000000000003300000000003330000000000333000000000003330000000000000000330000000000301000000003330000000
00000000003330000000333330000000003333330000000033300000000003330000000000033333000000000000003330000000033331000000033333000000
00001010333330000000133333101000333333333000000333000003301033301000330010103333300010000000333330100003333300000000003333300000
01000003333330010000000333000033333300333000003330000133300333000003330000000033310000010003333330000033333000300000000033300000
10101033333300101033101333301333330013330010133300001033303330101013330013301033331010101033333300100333300003330013301033331010
01010333033301010133010133311033000103330101033001010333013301110133300103300103330101010333033301010333000033330103300003330101
10101330133300111333011133301100111013330010133011111333013301111133301033301013330010101330133301113330000333301033301013330011
01011001133301111333011133301111111133301111033301113330113330111333010133300103330101011001133301113300003333300133300103330111
10111111333301111333011133301111111133301111113333133301111333313330111133301113330111111111333301113300033333301033301013330111
11111111333301113330111133301111111133330111111333333301111133333330111333011113330111111111333301113300333033011333011113330111
11111111333011113330111133301111113333330111111133333011111113333301111333011113330111111111333011113333330333011333011113330111
11111111333011113330111133301111333333301111111111333311111111133331111333011113330111111111333011111333300333011333011113330111
11111111333011113330111133301113333333011111111113333331111111333333111333011113330111111111333011111033000333011333011113330111
11111111333011113330111133301113300333011111111113333333111111333333311333011113330111111111333011111100000330111333011113330111
11111113333011113330111133301111013333011111111133301333311113330133331333011113330111111113333011111110003330111333011113330111
11111113333011113330111133301111113333011111111333011133311133301113331333011113330111111113333011111110003330111333011113330111
11111113330111113330111133301111133330111111111333011133311133301113331333011113330111111113330111111110003330110333011113330111
11111113330111113330111133301111133330111111113330111133311333011113331333011113330111111113330100000100003301110333011113330111
11111113330111113330111133301111133330111111113330111333011333011133301333011113330111111113330000001000033300110333011113330111
11111113330111113330111333301111333301111111133301111333013330111133301333011133330111111113330000000000033301110333011133330111
11111133330111113333011333011111333301111133133301113330113330111333011333301133301133111133330000000000033301110333301133301101
11011133330111111333333333010111333301111133033330133330113333013333011133333333301133011133330000000000333011110033333333301000
10000133300111100333333330000003333011111133033333333301113333333330111033333333011133011133300000020000333001000033333333010000
10000003300011000033333300000003333001111003003333333001000333333300000003333330111003000003300000000000033000000003333330000000
00000000000000000000000000000000300000000030000000000000000000000000000000000000000030000000000000200000000000200000000000000000
00000000000000000000000000000000000000000000000000000000000000000000000000000000000000000000000000000000000000000000000000000000
33303000333030303330330000003000000000000000000000000330033303000300000003000000000000000000003330330033303300333033303330000333
30303000303030303000303000033000000000000000000000000303030303000300000033000000000000000000003000303030003030030003003000000303
33303000333003003300330000003000000000000000000000000330033303000300000003000000000000000000003000330033003030030003003330000333
30003000303003003000303000003000000000000000000000000303030303000300000003000000000000000000003000303030003030030003000030000003
30003330303003003330303000033300000000000000000000000330030303330333000033300000000000000000003330303033303300333003003330000333

0x000aa45d
00000000000000000000000000000000000000000000000000000000000000000000000000000000000000000000000000000000000000000000000000000000
00000000000330000000033300000000000003300000000003330000000000333000000000003330000000000000000330000000110300000000003330000000
00000000003330000000333330000000003333330000000033300000000003330000000000033333000000000001003330000000033330000000033333000000
00001010333330000000133333101000333333333000000333000003301033301000330010103333300010000000333330000003333300000000003333300000
01000003333330010000000333000033333300333000003330000133300333000003330000000033310000010003333330000033333000300000000033300000
10101033333300101033101333301333330013330010133300001033303330101013330013301033331010101033333300000333300013330013301033331010
01010333033301010133010133311033000103330101033001010333013301110133300103300103330101010333033300000333011033330103300003330101
10101330133300111333011133301100111013330010133011111333013301111133301033301013330010101330133300003330001333301033301013330011
01011001133301111333011133301111111133301111033301113330113330111333010133300103330101011001133301003300013333300133300103330111
10111111333301111333011133301111111133301111113333133301111333313330111133301113330111111111333301003300033333301033301013330111
11111111333301113330111133301111111133330111111333333301111133333330111333011113330111111111333301003300333033011333011113330111
11111111333011113330111133301111113333330111111133333011111113333301111333011113330111111111333011103333330333011333011113330111
11111111333011113330111133301111333333301111111111333311111111133331111333011113330111111111333011100333301333011333011113330111
11111111333011113330111133301113333333011111111113333331111111333333111333011113330111111111333011100033011333011333011113330111
11111111333011113330111133301113300333011111111113333333111111333333311333011113330111111111333011100000011330111333011113330111
11111113333011113330111133301111013333011111111133301333311113330133331333011113330111111113333011100001013330111333011113330111
11111113333011113330111133301111113333011111111333011133311133301113331333011113330111111113333011100000013330111333011113330111
11111113330111113330111133301111133330111111111333011133311133301113331333011113330111111113330111100000113330110333011113330111
11111113330111113330111133301111133330111111113330111133311333011113331333011113330111111113330101000000113301110333011113330111
11111113330111113330111133301111133330111111113330111333011333011133301333011113330111111113330000100001133301110333011113330111
11111113330111113330111333301111333301111111133301111333013330111133301333011133330111111113330000100001133301110333011133330111
11111133330111113333011333011111333301111133133301113330113330111333011333301133301133111133330000100000133301110333301133301101
11011133330111111333333333010111333301111133033330133330113333013333011133333333301133011133330000000000333011110033333333301000
10000133300111100333333330000003333011111133033333333301113333333330111033333333011133011133300000000000333000000033333333010000
10000003300011000033333300000003333001111003003333333001000333333300000003333330111003000003300000000000033000000003333330000000
00000000000000000000000000000000300000000030000000000000000000000000000000000000000030000000000000000000000000000000000000000000
00000000000000000000000000000000000000000000000000000000000000000000000000000000000000000000000000000000000000000000000000000000
33303000333030303330330000003000000000000000000000000330033303000300000003000000000000000000003330330033303300333033303330000333
30303000303030303000303000033000000000000000000000000303030303000300000033000000000000000000003000303030003030030003003000000303
33303000333003003300330000003000000000000000000000000330033303000300000003000000000000000000003000330033003030030003003330000333
30003000303003003000303000003000000000000000000000000303030303000300000003000000000000000000003000303030003030030003000030000003
30003330303003003330303000033300000000000000000000000330030303330333000033300000000000000000003330303033303300333003003330000333

0x000aa509
00000000000000000000000000000000000000000000000000000000000000000000000000000000000000000000000000000000000000000000000000000000
00000000000330000000033300000000000003300000000003330000000000333000000000003330000000000000000330000100000300000000003330000000
00000000003330000000333330000000003333330000000033300000000003330000000000033333000000001000003330000010033330000000033333000000
00001010333330000000133333101000333333333000000333000003301033301000330010103333300010000000333330000013333300000000003333300000
01000003333330010000000333000033333300333000003330000133300333000003330000000033310000010003333330000033333000300000000033300000
10101033333300101033101333301333330013330010133300001033303330101013330013301033331010101033333300000333300013330013301033331010
01010333033301010133010133311033000103330101033001010333013301110133300103300103330101010333033300000333010033330103300003330101
10101330133300111333011133301100111013330010133011111333013301111133301033301013330010101330033300003330101333301033301013330011
01011001133301111333011133301111111133301111033301113330113330111333010133300103330101011001133300103301113333300133300103330111
10111111333301111333011133301111111133301111113333133301111333313330111133301113330111111111333300013301133333301033301013330111
11111111333301113330111133301111111133330111111333333301111133333330111333011113330111111111333300003301333033011333011113330111
11111111333011113330111133301111113333330111111133333011111113333301111333011113330111111111333000003333330333011333011113330111
11111111333011113330111133301111333333301111111111333311111111133331111333011113330111111111333000000333301333011333011113330111
11111111333011113330111133301113333333011111111113333331111111333333111333011113330111111111333000000033011333011333011113330111
11111111333011113330111133301113300333011111111113333333111111333333311333011113330111111111333000000000111330111333011113330111
11111113333011113330111133301111013333011111111133301333311113330133331333011113330111111113333000000011113330111333011113330111
11111113333011113330111133301111113333011111111333011133311133301113331333011113330111111113333000000011013330111333011113330111
11111113330111113330111133301111133330111111111333011133311133301113331333011113330111111113330100000011013330110333011113330111
11111113330111113330111133301111133330111111113330111133311333011113331333011113330111111113330100000111113301110333011113330111
11111113330111113330111133301111133330111111113330111333011333011133301333011113330111111113330000000011133301110333011113330111
11111113330111113330111333301111333301111111133301111333013330111133301333011133330111111013330000000101133301110333011133330111
11111133330111113333011333011111333301111133133301113330113330111333011333301133301133111133330000000000033301110333301133301101
11011133330111111333333333010111333301111133033330133330113333013333011133333333301133011133330000000000333011110033333333301000
10000133300111100333333330000003333011111133033333333301113333333330111033333333011133011033300000000001333001000033333333010000
10000003300011000033333300000003333001111003003333333001000333333300000003333330111003000003300000000000033000000003333330000000
00000000000000000000000000000000300000000030000000000000000000000000000000000000000030002000001000000000000000000000000000000000
00000000000000000000000000000000000000000000000000000000000000000000000000000000000000000000000000000000000000000000000000000000
33303000333030303330330000003000000000000000000000000330033303000300000003000000000000000000003330330033303300333033303330000333
30303000303030303000303000033000000000000000000000000303030303000300000033000000000000000000003000303030003030030003003000000303
33303000333003003300330000003000000000000000000000000330033303000300000003000000000000000000003000330033003030030003003330000333
30003000303003003000303000003000000000000000000000000303030303000300000003000000000000000000003000303030003030030003000030000003
30003330303003003330303000033300000000000000000000000330030303330333000033300000000000000000003330303033303300333003003330000333

0x000aa5b5
00000000000000000000000000000000000000000000000000000000000000000000000000000000000000000000000000000000000000000000000000000000
00000000000330000000033300000000000003300000000003330000000000333000000000003330000001000000000330000000000300000000003330000000
00000000003330000000333330000000003333330000000033300000000003330000000000033333000000000000003330010000033330000000033333000000
00001010333330000000133333101000333333333000000333000003301033301000330010103333300010100000333330100003333300000000003333300000
01000003333330010000000333000033333300333000003330000133300333000003330000000033310000110003333330000033333000300000000033300000
10101033333300101033101333301333330013330010133300001033303330101013330013301033331010111033333300100333300013330013301033331010
01010333033301010133010133311033000103330101033001010333013301110133300103300103330101011333033300110333010033330103300003330101
10101330133300111333011133301100111013330010133011111333013301111133301033301013330010111330033300113330101333301033301013330011
01011001133301111333011133301111111133301111033301113330113330111333010133300103330101011000033300113301113333300133300103330111
10111111333301111333011133301111111133301111113333133301111333313330111133301113330111111000333300113301133333301033301013330111
11111111333301113330111133301111111133330111111333333301111133333330111333011113330111111100333300113301333033011333011113330111
11111111333011113330111133301111113333330111111133333011111113333301111333011113330111111100333000113333330333011333011113330111
11111111333011113330111133301111333333301111111111333311111111133331111333011113330111111110333000011333301333011333011113330111
11111111333011113330111133301113333333011111111113333331111111333333111333011113330111111110333000011033011333011333011113330111
11111111333011113330111133301113300333011111111113333333111111333333311333011113330111111111333000011100111330111333011113330111
11111113333011113330111133301111013333011111111133301333311113330133331333011113330111111113333000011011113330111333011113330111
11111113333011113330111133301111113333011111111333011133311133301113331333011113330111111113333000011111113330111333011113330111
11111113330111113330111133301111133330111111111333011133311133301113331333011113330111111113330000011111113330110333011113330111
11111113330111113330111133301111133330111111113330111133311333011113331333011113330111111113330000010111113301110333011113330111
11111113330111113330111133301111133330111111113330111333011333011133301333011113330111111113330000000011133301110333011113330111
11111113330111113330111333301111333301111111133301111333013330111133301333011133330111111113330000100001133301110333011133330111
11111133330111113333011333011111333301111133133301113330113330111333011333301133301133011033330000000000133301110333301133301101
11011133330111111333333333010111333301111133033330133330113333013333011133333333301133011133330000001001333011110033333333301000
10000133300111100333333330000003333011111133033333333301113333333330111033333333011133011133300000000000333001000033333333010000
10000003300011000033333300000003333001111003003333333001000333333300000003333330111003000103300000000000033000000003333330000000
00000000000000000000000000000000300000000030000000000000000000000000000000000000000030000000000001001001000000000000000000000000
00000000000000000000000000000000000000000000000000000000000000000000000000000000000000000000000000000000000000000000000000000000
33303000333030303330330000003000000000000000000000000330033303000300000003000000000000000000003330330033303300333033303330000333
30303000303030303000303000033000000000000000000000000303030303000300000033000000000000000000003000303030003030030003003000000303
33303000333003003300330000003000000000000000000000000330033303000300000003000000000000000000003000330033003030030003003330000333
30003000303003003000303000003000000000000000000000000303030303000300000003000000000000000000003000303030003030030003000030000003
30003330303003003330303000033300000000000000000000000330030303330333000033300000000000000000003330303033303300333003003330000333

0x000aa651
00000000000000000000000000000000000000000000000000000000000000000000000000000000000000000000000000000000000000000000000000000000
00000000000330000000033300000000000003300000000003330000000000333000000000003330000000000000010330000000000300000000003330000000
00000000003330000000333330000000003333330000000033300000000003330000000000033333000000000000103330000000033330000000033333000000
00001010333330000000133333101000333333333000000333000003301033301000330010103333300010000000333330110003333300000000003333300000
01000003333330010000000333000033333300333000003330000133300333000003330000000033310000000003333330100033333000300000000033300000
10101033333300101033101333301333330013330010133300001033303330101013330013301033331010000033333301100333300013330013301033331010
01010333033301010133010133311033000103330101033001010333013301110133300103300103330111000333033301010333010033330103300003330101
10101330133300111333011133301100111013330010133011111333013301111133301033301013330010000330033300113330101333301033301013330011
01011001133301111333011133301111111133301111033301113330113330111333010133300103330101100000033301113301113333300133300103330111
10111111333301111333011133301111111133301111113333133301111333313330111133301113330111100000333301113301133333301033301013330111
11111111333301113330111133301111111133330111111333333301111133333330111333011113330111100000333300113301333033011333011113330111
11111111333011113330111133301111113333330111111133333011111113333301111333011113330111110000333011013333330333011333011113330111
11111111333011113330111133301111333333301111111111333311111111133331111333011113330111110000333011111333301333011333011113330111
11111111333011113330111133301113333333011111111113333331111111333333111333011113330111110000333011111033011333011333011113330111
11111111333011113330111133301113300333011111111113333333111111333333311333011113330111111000333011111100111330111333011113330111
11111113333011113330111133301111013333011111111133301333311113330133331333011113330111111003333010111111113330111333011113330111
11111113333011113330111133301111113333011111111333011133311133301113331333011113330111111103333011111111113330111333011113330111
11111113330111113330111133301111133330111111111333011133311133301113331333011113330111111103330011111111113330110333011113330111
11111113330111113330111133301111133330111111113330111133311333011113331333011113330110111103330001000111113301110333011113330111
11111113330111113330111133301111133330111111113330111333011333011133301333011113330111111113330000000011133301110333011113330111
11111113330111113330111333301111333301111111133301111333013330111133301333011133330111111113330000000001133301110333011133330111
11111133330111113333011333011111333301111133133301113330113330111333011333301133301133110133330000000000133301110333301133301101
11011133330111111333333333010111333301111133033330133330113333013333011133333333301133000033330000000000333011110033333333301000
10000133300111100333333330000003333011111133033333333301113333333330111033333333011133011133300000001000333001000033333333010000
10000003300011000033333300000003333001111003003333333001000333333300000003333330110013000003300101000000033000000003333330000000
00000000000000000000000000000000300000000030000000000000000000000000000000000000000030000000000000010000000000000000000000000000
00000000000000000000000000000000000000000000000000000000000000000000000000000000000000000000000000000000000000000000000000000000
33303000333030303330330000003000000000000000000000000330033303000300000003000000000000000000003330330033303300333033303330000333
30303000303030303000303000033000000000000000000000000303030303000300000033000000000000000000003000303030003030030003003000000303
33303000333003003300330000003000000000000000000000000330033303000300000003000000000000000000003000330033003030030003003330000333
30003000303003003000303000003000000000000000000000000303030303000300000003000000000000000000003000303030003030030003000030000003
30003330303003003330303000033300000000000000000000000330030303330333000033300000000000000000003330303033303300333003003330000333

0x000aa6fd
00000000000000000000000000000000000000000000000000000000000000000000000000000000000000000000000000000000000000000000000000000000
00000000000330000000033300000000000003300000000003330000000000333000000000003330000000000000000330000000000300000000003330000000
00000000003330000000333330000000003333330000000033300000000003330000000000033333000000000000003330000000033330000000033333000000
00001010333330000000133333101000333333333000000333000003301033301000330010103333300000000000333330100003333300000000003333300000
01000003333330010000000333000033333300333000003330000133300333000003330000000033311000000003333330000033333000300000000033300000
10101033333300101033101333301333330013330010133300001033303330101013330013301033331100000033333300100333300013330013301033331010
01010333033301010133010133311033000103330101033001010333013301110133300103300103330100000333033301010333010033330103300003330101
10101330133300111333011133301100111013330010133011111333013301111133301033301013330100000330133300113330101333301033301013330011
01011001133301111333011133301111111133301111033301113330113330111333010133300103330100000000133301113301113333300133300103330111
10111111333301111333011133301111111133301111113333133301111333313330111133301113330100000000333301113301133333301033301013330111
11111111333301113330111133301111111133330111111333333301111133333330111333011113330110000000333301113301333033011333011113330111
11111111333011113330111133301111113333330111111133333011111113333301111333011113330110000000333011113333330333011333011113330111
11111111333011113330111133301111333333301111111111333311111111133331111333011113330110000000333011111333301333011333011113330111
11111111333011113330111133301113333333011111111113333331111111333333111333011113330111000000333011111033011333011333011113330111
11111111333011113330111133301113300333011111111113333333111111333333311333011113330111000000333011111100111330111333011113330111
11111113333011113330111133301111013333011111111133301333311113330133331333011113330111110003333011111111113330111333011113330111
11111113333011113330111133301111113333011111111333011133311133301113331333011113330111100003333011111111113330111333011113330111
11111113330111113330111133301111133330111111111333011133311133301113331333011113330111100003330111111111113330110333011113330111
11111113330111113330111133301111133330111111113330111133311333011113331333011113330111110003330100000111113301110333011113330111
11111113330111113330111133301111133330111111113330111333011333011133301333011103330011110003330000000011133301110333011113330111
11111113330111113330111333301111333301111111133301111333013330111133301333011133330011010003330000000001133301110333011133330111
11111133330111113333011333011111333301111133133301113330113330111333011333301133301133110033330000000000133301110333301133301101
11011133330111111333333333010111333301111133033330133330113333013333011133333333301133010033330000000000333011110033333333301000
10000133300111100333333330000003333011111133033333333301113333333330111033333333001133000033300000000000333001000033333333010000
10000003300011000033333300000003333001111003003333333001000333333300000003333330111003000003300000000000033000000003333330000000
00000000000000000000000000000000300000000030000000000000000000000000000000000000001030000000000010000000000000000000000000000000
00000000000000000000000000000000000000000000000000000000000000000000000000000000000000000000000000000000000000000000000000000000
33303000333030303330330000003000000000000000000000000330033303000300000003000000000000000000003330330033303300333033303330000333
30303000303030303000303000033000000000000000000000000303030303000300000033000000000000000000003000303030003030030003003000000303
33303000333003003300330000003000000000000000000000000330033303000300000003000000000000000000003000330033003030030003003330000333
30003000303003003000303000003000000000000000000000000303030303000300000003000000000000000000003000303030003030030003000030000003
30003330303003003330303000033300000000000000000000000330030303330333000033300000000000000000003330303033303300333003003330000333

0x000aa7a9
00000000000000000000000000000000000000000000000000000000000000000000000000000000000000000000000000000000000000000000000000000000
00000000000330000000033300000000000003300000000003330000000000333000000000003330000000000000100330000000000300000000003330000000
00000000003330000000333330000000003333330000000033300000000003330000000000033333000000000000103330000000033330000000033333000000
00001010333330000000133333101000333333333000000333000003301033301000330010103333300000000000333330100003333300000000003333300000
01000003333330010000000333000033333300333000003330000133300333000003330000000033310000000003333330000033333000300000000033300000
10101033333300101033101333301333330013330010133300001033303330101013330013301033330000000033333300100333300013330013301033331010
01010333033301010133010133311033000103330101033001010333013301110133300103300103330000000333033301010333010033330103300003330101
10101330133300111333011133301100111013330010133011111333013301111133301033301013330000000330133300113330101333301033301013330011
01011001133301111333011133301111111133301111033301113330113330111333010133300103330000000001133301113301113333300133300103330111
10111111333301111333011133301111111133301111113333133301111333313330111133301113330000000011333301113301133333301033301013330111
11111111333301113330111133301111111133330111111333333301111133333330111333011113330000000011333301113301333033011333011113330111
11111111333011113330111133301111113333330111111133333011111113333301111333011113330010000111333011113333330333011333011113330111
11111111333011113330111133301111333333301111111111333311111111133331111333011113330000000111333011111333301333011333011113330111
11111111333011113330111133301113333333011111111113333331111111333333111333011113330100000111333011111033011333011333011113330111
11111111333011113330111133301113300333011111111113333333111111333333311333011113330100000111333011111100111330111333011113330111
11111113333011113330111133301111013333011111111133301333311113330133331333011113330100000113333011111111113330111333011113330111
11111113333011113330111133301111113333011111111333011133311133301113331333011113330100000113333011111111113330111333011113330111
11111113330111113330111133301111133330111111111333011133311133301113331333011113330110000113330111111111113330110333011113330111
11111113330111113330111133301111133330111111113330111133311333011113331333011113330110000113330100000111113301110333011113330111
11111113330111113330111133301111133330111111113330111333011333011133301333001113330110000113330000000011133301110333011113330111
11111113330111113330111333301111333301111111133301111333013330111133301333000133330110001113330000000001133301110333011133330111
11111133330111113333011333011111333301111133133301113330113330111333011333300133301133001133330000000000133301110333301133301101
11011133330111111333333333010111333301111133033330133330113333013333011133333333301133001133330000000000333011110033333333301000
10000133300111100333333330000003333011111133033333333301113333333330111033333333011133001133300000000000333001000033333333010000
10000003300011000033333300000003333001111003003333333001000333333300000003333330010003000003300000000000033000000003333330000000
00000000000000000000000000000000300000000030000000000000000000000000000001000000000030000000000000000000000000000000000000000000
00000000000000000000000000000000000000000000000000000000000000000000000000000000000000000000000000000000000000000000000000000000
33303000333030303330330000003000000000000000000000000330033303000300000003000000000000000000003330330033303300333033303330000333
30303000303030303000303000033000000000000000000000000303030303000300000033000000000000000000003000303030003030030003003000000303
33303000333003003300330000003000000000000000000000000330033303000300000003000000000000000000003000330033003030030003003330000333
30003000303003003000303000003000000000000000000000000303030303000300000003000000000000000000003000303030003030030003000030000003
30003330303003003330303000033300000000000000000000000330030303330333000033300000000000000000003330303033303300333003003330000333

0x000aa845
00000000000000000000000000000000000000000000000000000000000000000000000000000000000000000000000000000000000000000000000000000000
00000000000330000000033300000000000003300000000003330000000000333000000000003330000000000000000330000000000300000000003330000000
00000000003330000000333330000000003333330000000033300000000003330000000000033333000000000100003330000000033330000000033333000000
00001010333330000000133333101000333333333000000333000003301033301000330010103333300000000000333330100003333300000000003333300000
01000003333330010000000333000033333300333000003330000133300333000003330000000033300000000103333330000033333000300000000033300000
10101033333300101033101333301333330013330010133300001033303330101013330013301033330000001033333300100333300013330013301033331010
01010333033301010133010133311033000103330101033001010333013301110133300103300103330000001333033301010333010033330103300003330101
10101330133300111333011133301100111013330010133011111333013301111133301033301013330000001330133300113330101333301033301013330011
01011001133301111333011133301111111133301111033301113330113330111333010133300103330000001001133301113301113333300133300103330111
10111111333301111333011133301111111133301111113333133301111333313330111133301113330000011111333301113301133333301033301013330111
11111111333301113330111133301111111133330111111333333301111133333330111333011113330000011111333301113301333033011333011113330111
11111111333011113330111133301111113333330111111133333011111113333301111333011113330000011111333011113333330333011333011113330111
11111111333011113330111133301111333333301111111111333311111111133331111333011113330000011111333011111333301333011333011113330111
11111111333011113330111133301113333333011111111113333331111111333333111333011113330000011111333011111033011333011333011113330111
11111111333011113330111133301113300333011111111113333333111111333333311333011113330000111111333011111100111330111333011113330111
11111113333011113330111133301111013333011111111133301333311113330133331333011103330000111113333011111111113330111333011113330111
11111113333011113330111133301111113333011111111333011133311133301113331333011113330000110113333011111111113330111333011113330111
11111113330111113330111133301111133330111111111333011133311133301113331333011113330000111113330111111111113330110333011113330111
11111113330111113330111133301111133330111111113330111133311333011113331333001113330000111113330100000111113301110333011113330111
11111113330111113330111133301111133330111111113330111333011333011133301333001103330001111113330000000011133301110333011113330111
11111113330111113330111333301111333301111111133301111333013330111133301333011133330001011103330000000001133301110333011133330111
11111133330111113333011333011111333301111133133301113330113330111333011333301133300133111133330000000000133301110333301133301101
11011133330111111333333333010111333301111133033330133330113333013333011133333333300033010133330000000000333011110033333333301000
10000133300111100333333330000003333011111133033333333301113333333330100033333333010033011133300000000000333001000033333333010000
10000003300011000033333300000003333001111003003333333001000333333300000003333330110003000003300000000000033000000003333330000000
00000000000000000000000000000000300000000030000000000000000000000000000000000000000030000000000000000000000000000000000000000000
00000000000000000000000000000000000000000000000000000000000000000000000000000000000000000000000000000000000000000000000000000000
33303000333030303330330000003000000000000000000000000330033303000300000003000000000000000000003330330033303300333033303330000333
30303000303030303000303000033000000000000000000000000303030303000300000033000000000000000000003000303030003030030003003000000303
33303000333003003300330000003000000000000000000000000330033303000300000003000000000000000000003000330033003030030003003330000333
30003000303003003000303000003000000000000000000000000303030303000300000003000000000000000000003000303030003030030003000030000003
30003330303003003330303000033300000000000000000000000330030303330333000033300000000000000000003330303033303300333003003330000333

0x000aa8f1
00000000000000000000000000000000000000000000000000000000000000000000000000000000000000000000000000000000000000000000000000000000
00000000000330000000033300000000000003300000000003330000000000333000000000003330000000100000000330000000000300000000003330000000
00000000003330000000333330000000003333330000000033300000000003330000000000133333000000100000003330000000033330000000033333000000
00001010333330000000133333101000333333333000000333000003301033301000330010103333300000010000333330100003333300000000003333300000
01000003333330010000000333000033333300333000003330000133300333000003330000010033300000010003333330000033333000300000000033300000
10101033333300101033101333301333330013330010133300001033303330101013330013301033330000101033333300100333300013330013301033331010
01010333033301010133010133311033000103330101033001010333013301110133300103301003330000110333033301010333010033330103300003330101
10101330133300111333011133301100111013330010133011111333013301111133301033301003330000101330133300113330101333301033301013330011
01011001133301111333011133301111111133301111033301113330113330111333010133300003330000011001133301113301113333300133300103330111
10111111333301111333011133301111111133301111113333133301111333313330111133301003330001111111333301113301133333301033301013330111
11111111333301113330111133301111111133330111111333333301111133333330111333011003330001111111333301113301333033011333011113330111
11111111333011113330111133301111113333330111111133333011111113333301111333011103330001111111333011113333330333011333011113330111
11111111333011113330111133301111333333301111111111333311111111133331111333011103330001111111333011111333301333011333011113330111
11111111333011113330111133301113333333011111111113333331111111333333111333011103330001111111333011111033011333011333011113330111
11111111333011113330111133301113300333011111111113333333111111333333311333011103330011111111333011111100111330111333011113330111
11111113333011113330111133301111013333011111111133301333311113330133331333011103330011111113333011111111113330111333011113330111
11111113333011113330111133301111113333011111111333011133311133301113331333001103330011101113333011111111113330111333011113330111
11111113330111113330111133301111133330111111111333011133311133301113331333011103330111111113330111111111113330110333011113330111
11111113330111113330111133301111133330111111113330111133311333011113331333011103330111111113330100000111113301110333011113330111
11111113330111113330111133301111133330111111113330111333011333011133301333011103330111111113330000000011133301110333011113330111
11111113330111113330111333301111333301111111133301111333013330111133301333011133330101101113330000000001133301110333011133330111
11111133330111113333011333011111333301111133133301113330113330111333011333301133301133111033330000000000133301110333301133301101
11011133330111111333333333010111333301111133033330133330113333013333011133333333301133011033330000000000333011110033333333301000
10000133300111100333333330000003333011111133033333333301113333333330111033333333011133011033300000000000333001000033333333010000
10000003300011000033333300000003333001111003003333333001000333333300000003333330010003000003300000000000033000000003333330000000
00000000000000000000000000000000300000000030000000000000000000000000000000000000000030000000000000000000000000000000000000000000
00000000000000000000000000000000000000000000000000000000000000000000000000000000000000000000000000000000000000000000000000000000
33303000333030303330330000003000000000000000000000000330033303000300000003000000000000000000003330330033303300333033303330000333
30303000303030303000303000033000000000000000000000000303030303000300000033000000000000000000003000303030003030030003003000000303
33303000333003003300330000003000000000000000000000000330033303000300000003000000000000000000003000330033003030030003003330000333
30003000303003003000303000003000000000000000000000000303030303000300000003000000000000000000003000303030003030030003000030000003
30003330303003003330303000033300000000000000000000000330030303330333000033300000000000000000003330303033303300333003003330000333

0x000aa99d
00000000000000000000000000000000000000000000000000000000000000000000000000000000000000000000000000000000000000000000000000000000
00000000000330000000033300000000000003300000000003330000000000333000000000003330000100000000000330000000000300000000003330000000
00000000003330000000333330000000003333330000000033300000000003330000010000033333000000000000003330000000033330000000033333000000
00001010333330000000133333101000333333333000000333000003301033301000331000003333300010000000333330100003333300000000003333300000
01000003333330010000000333000033333300333000003330000133300333000003330000000033301000010003333330000033333000300000000033300000
10101033333300101033101333301333330013330010133300001033303330101013330013300033331010101033333300100333300013330013301033331010
01010333033301010133010133311033000103330101033001010333013301110133300113300003330111010333033301010333010033330103300003330101
10101330133300111333011133301100111013330010133011111333013301111133300133300003330010101330133300113330101333301033301013330011
01011001133301111333011133301111111133301111033301113330113330111333010133300003330101011001133301113301113333300133300103330111
10111111333301111333011133301111111133301111113333133301111333313330111133300003330111111111333301113301133333301033301013330111
11111111333301113330111133301111111133330111111333333301111133333330111333000003330111111111333301113301333033011333011113330111
11111111333011113330111133301111113333330111111133333011111113333301111333010003330111111111333011113333330333011333011113330111
11111111333011113330111133301111333333301111111111333311111111133331111333010003330111111111333011111333301333011333011113330111
11111111333011113330111133301113333333011111111113333331111111333333111333010003330111111111333011111033011333011333011113330111
11111111333011113330111133301113300333011111111113333333111111333333311333010003330111111111333011111100111330111333011113330111
11111113333011113330111133301111013333011111111133301333311113330133331333010003330111111113333011111111113330111333011113330111
11111113333011113330111133301111113333011111111333011133311133301113331333010003330111111113333011111111113330111333011113330111
11111113330111113330111133301111133330111111111333011133311133301113331333010003330111111113330111111111113330110333011113330111
11111113330111113330111133301111133330111111113330111133311333011113330333010003330111111113330100000111113301110333011113330111
11111113330111113330111133301111133330111111113330111333011333010133301333010003330111111113330000000011133301110333011113330111
11111113330111113330111333301111333301111111133301111333013330111133301333000033330110111113330000000001133301110333011133330111
11111133330111113333011333011111333301111133133301113330113330111333001333300033300133111133330000000000133301110333301133301101
11011133330111111333333333010111333301111133033330133330113333013333011233333333301133011133330000000000333011110033333333301000
10000133300111100333333330000003333011111133033333333301113333333330111033333333011033011133300000000000333001000033333333010000
10000003300011000033333300000003333001111003003333333001000333333300000203333330101203000003300000000000033000000003333330000000
00000000000000000000000000000000300000000030000000000000000000000000020020000000000030000000000000000000000000000000000000000000
00000000000000000000000000000000000000000000000000000000000000000000000000000000000000000000000000000000000000000000000000000000
33303000333030303330330000003000000000000000000000000330033303000300000003000000000000000000003330330033303300333033303330000333
30303000303030303000303000033000000000000000000000000303030303000300000033000000000000000000003000303030003030030003003000000303
33303000333003003300330000003000000000000000000000000330033303000300000003000000000000000000003000330033003030030003003330000333
30003000303003003000303000003000000000000000000000000303030303000300000003000000000000000000003000303030003030030003000030000003
30003330303003003330303000033300000000000000000000000330030303330333000033300000000000000000003330303033303300333003003330000333

0x000aaa49
00000000000000000000000000000000000000000000000000000000000000000000000000000000000000000000000000000000000000000000000000000000
00000000000330000000033300000000000003300000000003330000000000333000000000003330000000000000000330000000000300000000003330000000
00000000003330000000333330000000003333330000000033300000000003330000000000033333100000000000003330000000033330000000033333000000
00001010333330000000133333101000333333333000000333000003301033301001330000003333310010000000333330100003333300000000003333300000
01000003333330010000000333000033333300333000003330000133300333000003330000000033310000010003333330000033333000300000000033300000
10101033333300101033101333301333330013330010133300001033303330101013330003300033331010101033333300100333300013330013301033331010
01010333033301010133010133311033000103330101033001010333013301110133301103300003330101010333033301010333010033330103300003330101
10101330133300111333011133301100111013330010133011111333013301111133300033301003330010101330133300113330101333301033301013330011
01011001133301111333011133301111111133301111033301113330113330111333011133300003330101011001133301113301113333300133300103330111
10111111333301111333011133301111111133301111113333133301111333313330111133300003330111111111333301113301133333301033301013330111
11111111333301113330111133301111111133330111111333333301111133333330111333000003330111111111333301113301333033011333011113330111
11111111333011113330111133301111113333330111111133333011111113333301111333000003330111111111333011113333330333011333011113330111
11111111333011113330111133301111333333301111111111333311111111133331111333000003330111111111333011111333301333011333011113330111
11111111333011113330111133301113333333011111111113333331111111333333111333000003330111111111333011111033011333011333011113330111
11111111333011113330111133301113300333011111111113333333111111333333311333000003330111111111333011111100111330111333011113330111
11111113333011113330111133301111013333011111111133301333311113330133331333000003330111111113333011111111113330111333011113330111
11111113333011113330111133301111113333011111111333011133311133301113331333000003330111111113333011111111113330111333011113330111
11111113330111113330111133301111133330111111111333011133311133301113331333000003330111111113330111111111113330110333011113330111
11111113330111113330111133301111133330111111113330111133311333011113331333000003330111111113330100000111113301110333011113330111
11111113330111113330111133301111133330111111113330111333011333011133301333000013330111111113330000000011133301110333011113330111
11111113330111113330111333301111333301111111133301111333013330101133301333000033330111111113330000000001133301110333011133330111
11111133330111113333011333011111333301111133133301113330113330111333011333300133301133111133330000000000133301110333301133301101
11011133330111111333333333010111333301111133033330133330113333013333001133333333301133011133330000000000333011110033333333301000
10000133300111100333333330000003333011111133033333333301113333333330211033333333011133011133300000000000333001000033333333010000
10000003300011000033333300000003333001111003003333333001000333333300000003333330211003000003300000000000033000000003333330000000
00000000000000000000000000000000300000000030000000000000000000000000202000000000000030000000000000000000000000000000000000000000
00000000000000000000000000000000000000000000000000000000000000000000000000000000000000000000000000000000000000000000000000000000
33303000333030303330330000003000000000000000000000000330033303000300000003000000000000000000003330330033303300333033303330000333
30303000303030303000303000033000000000000000000000000303030303000300000033000000000000000000003000303030003030030003003000000303
33303000333003003300330000003000000000000000000000000330033303000300000003000000000000000000003000330033003030030003003330000333
30003000303003003000303000003000000000000000000000000303030303000300000003000000000000000000003000303030003030030003000030000003
30003330303003003330303000033300000000000000000000000330030303330333000033300000000000000000003330303033303300333003003330000333

0x000aaae5
00000000000000000000000000000000000000000000000000000000000000000000000000000000000000000000000000000000000000000000000000000000
00000000000330000000033300000000000003300000000003330000000000333000000000003330000000000000000330000000000300000000003330000000
00000000003330000000333330000000003333330000000033300000000003330000000100033333000000000000003330000000033330000000033333000000
00001010333330000000133333101000333333333000000333000003301033301000330000003333300010000000333330100003333300000000003333300000
01000003333330010000000333000033333300333000003330000133300333001013330000000133310000010003333330000033333000300000000033300000
10101033333300101033101333301333330013330010133300001033303330101013330003301133331010101033333300100333300013330013301033331010
01010333033301010133010133311033000103330101033001010333013301110133300003300113330101010333033301010333010033330103300003330101
10101330133300111333011133301100111013330010133011111333013301111133300033300013330010101330133300113330101333301033301013330011
01011001133301111333011133301111111133301111033301113330113330111333010033300113330101011001133301113301113333300133300103330111
10111111333301111333011133301111111133301111113333133301111333313330110033300113330111111111333301113301133333301033301013330111
11111111333301113330111133301111111133330111111333333301111133333330111333000113330111111111333301113301333033011333011113330111
11111111333011113330111133301111113333330111111133333011111113333301111333000113330111111111333011113333330333011333011113330111
11111111333011113330111133301111333333301111111111333311111111133331111333000113330111111111333011111333301333011333011113330111
11111111333011113330111133301113333333011111111113333331111111333333111333000113330111111111333011111033011333011333011113330111
11111111333011113330111133301113300333011111111113333333111111333333311333001113330111111111333011111100111330111333011113330111
11111113333011113330111133301111013333011111111133301333311113330133331333001113330111111113333011111111113330111333011113330111
11111113333011113330111133301111113333011111111333011133311133301113331333011113330111111113333011111111113330111333011113330111
11111113330111113330111133301111133330111111111333011133311133301113331333011113330111111113330111111111113330110333011113330111
11111113330111113330111133301111133330111111113330111133311333011113330333011113330111111113330100000111113301110333011113330111
11111113330111113330111133301111133330111111113330111333011333011133300333011113330111111113330000000011133301110333011113330111
11111113330111113330111333301111333301111111133301111333013330111133300333011133330111111113330000000001133301110333011133330111
11111133330111113333011333011111333301111133133301113330113330111333001333301133301133111133330000000000133301110333301133301101
11011133330111111333333333010111333301111133033330133330113333013333000033333333301133011133330000000000333011110033333333301000
10000133300111100333333330000003333011111133033333333301113333333330000033333333011133011133300000000000333001000033333333010000
10000003300011000033333300000003333001111003003333333001000333333300000003333330111003000003300000000000033000000003333330000000
00000000000000000000000000000000300000000030000000000000000000000000000000000000000030000000000000000000000000000000000000000000
00000000000000000000000000000000000000000000000000000000000000000000000000000000000000000000000000000000000000000000000000000000
33303000333030303330330000003000000000000000000000000330033303000300000003000000000000000000003330330033303300333033303330000333
30303000303030303000303000033000000000000000000000000303030303000300000033000000000000000000003000303030003030030003003000000303
33303000333003003300330000003000000000000000000000000330033303000300000003000000000000000000003000330033003030030003003330000333
30003000303003003000303000003000000000000000000000000303030303000300000003000000000000000000003000303030003030030003000030000003
30003330303003003330303000033300000000000000000000000330030303330333000033300000000000000000003330303033303300333003003330000333

0x000aab91
00000000000000000000000000000000000000000000000000000000000000000000000000000000000000000000000000000000000000000000000000000000
00000000000330000000033300000000000003300000000003330000000000333000000001003330000000000000000330000000000300000000003330000000
00000000003330000000333330000000003333330000000033300000000013330000000001033333000000000000003330000000033330000000033333000000
00001010333330000000133333101000333333333000000333000003301033300000330010103333300010000000333330100003333300000000003333300000
01000003333330010000000333000033333300333000003330000133300333000003330000000033310000010003333330000033333000300000000033300000
10101033333300101033101333301333330013330010133300001033303330101003330003301033331010101033333300100333300013330013301033331010
01010333033301010133010133311033000103330101033001010333013301110033300003300103330101010333033301010333010033330103300003330101
10101330133300111333011133301100111013330010133011111333013301111133300033301013330010101330133300113330101333301033301013330011
01011001133301111333011133301111111133301111033301113330113330111333000033300103330101011001133301113301113333300133300103330111
10111111333301111333011133301111111133301111113333133301111333313330000033301113330111111111333301113301133333301033301013330111
11111111333301113330111133301111111133330111111333333301111133333330000333011113330111111111333301113301333033011333011113330111
11111111333011113330111133301111113333330111111133333011111113333300000333011113330111111111333011113333330333011333011113330111
11111111333011113330111133301111333333301111111111333311111111133330000333011113330111111111333011111333301333011333011113330111
11111111333011113330111133301113333333011111111113333331111111333333000333011113330111111111333011111033011333011333011113330111
11111111333011113330111133301113300333011111111113333333111111333333300333011113330111111111333011111100111330111333011113330111
11111113333011113330111133301111013333011111111133301333311113330133330333011113330111111113333011111111113330111333011113330111
11111113333011113330111133301111113333011111111333011133311133301113330333011113330111111113333011111111113330111333011113330111
11111113330111113330111133301111133330111111111333011133311133301113330333011113330111111113330111111111113330110333011113330111
11111113330111113330111133301111133330111111113330111133311333011103330333011113330111111113330100000111113301110333011113330111
11111113330111113330111133301111133330111111113330111333011333011133301333011113330111111113330000000011133301110333011113330111
11111113330111113330111333301111333301111111133301111333013330111133301333011133330111111113330000000001133301110333011133330111
11111133330111113333011333011111333301111133133301113330113330111333011333301133301133111133330000000000133301110333301133301101
11011133330111111333333333010111333301111133033330133330113333013333011133333333301133011133330000000000333011110033333333301000
10000133300111100333333330000003333011111133033333333301113333333330112033333333011133011133300000000000333001000033333333010000
10000003300011000033333300000003333001111003003333333001000333333300000003333330111003000003300000000000033000000003333330000000
00000000000000000000000000000000300000000030000000000000000000000000000000200000000030000000000000000000000000000000000000000000
00000000000000000000000000000000000000000000000000000000000000000000000000000000000000000000000000000000000000000000000000000000
33303000333030303330330000003000000000000000000000000330033303000300000003000000000000000000003330330033303300333033303330000333
30303000303030303000303000033000000000000000000000000303030303000300000033000000000000000000003000303030003030030003003000000303
33303000333003003300330000003000000000000000000000000330033303000300000003000000000000000000003000330033003030030003003330000333
30003000303003003000303000003000000000000000000000000303030303000300000003000000000000000000003000303030003030030003000030000003
30003330303003003330303000033300000000000000000000000330030303330333000033300000000000000000003330303033303300333003003330000333

0x000aac3d
00000000000000000000000000000000000000000000000000000000000000000000000000000000000000000000000000000000000000000000000000000000
00000000000330000000033300000000000003300000000003330000000000333000110000003330000000000000000330000000000300000000003330000000
00000000003330000000333330000000003333330000000033300001000003330000000000033333000000000000003330000000033330000000033333000000
00001010333330000000133333101000333333333000000333000003301033300000330010103333300010000000333330100003333300000000003333300000
01000003333330010000000333000033333300333000003330000133310333000003330000000033310000010003333330000033333000300000000033300000
10101033333300101033101333301333330013330010133300001033303330000003331013301033331010101033333300100333300013330013301033331010
01010333033301010133010133311033000103330101033001010333013300000033301103300103330101010333033301010333010033330103300003330101
10101330133300111333011133301100111013330010133011111333013300000033301033301013330010101330133300113330101333301033301013330011
01011001133301111333011133301111111133301111033301113330113330000333010133300103330101011001133301113301113333300133300103330111
10111111333301111333011133301111111133301111113333133301111333303330011133301113330111111111333301113301133333301033301013330111
11111111333301113330111133301111111133330111111333333301111133333330011333011113330111111111333301113301333033011333011113330111
11111111333011113330111133301111113333330111111133333011111113333300011333011113330111111111333011113333330333011333011113330111
11111111333011113330111133301111333333301111111111333311111111133330011333011113330111111111333011111333301333011333011113330111
11111111333011113330111133301113333333011111111113333331111111333333011333011113330111111111333011111033011333011333011113330111
11111111333011113330111133301113300333011111111113333333111111333333311333011113330111111111333011111100111330111333011113330111
11111113333011113330111133301111013333011111111133301333311113330033330333011113330111111113333011111111113330111333011113330111
11111113333011113330111133301111113333011111111333011133311133300003330333011113330111111113333011111111113330111333011113330111
11111113330111113330111133301111133330111111111333011133311133300003331333011113330111111113330111111111113330110333011113330111
11111113330111113330111133301111133330111111113330111133311333000003331333011113330111111113330100000111113301110333011113330111
11111113330111113330111133301111133330111111113330111333011333000033300333011113330111111113330000000011133301110333011113330111
11111113330111113330111333301111333301111111133301111333013330100033301333011133330111111113330000000001133301110333011133330111
11111133330111113333011333011111333301111133133301113330113330100333011333301133301133111133330000000000133301110333301133301101
11011133330111111333333333010111333301111133033330133330113333003333011133333333301133011133330000000000333011110033333333301000
10000133300111100333333330000003333011111133033333333300113333333330110033333333011133011133300000000000333001000033333333010000
10000003300011000033333300000003333001111003003333333001000333333300000003333330111003000003300000000000033000000003333330000000
00000000000000000000000000000000300000000030000000000000000000000000000000000000000030000000000000000000000000000000000000000000
00000000000000000000000000000000000000000000000000000000000000000000000000000000000000000000000000000000000000000000000000000000
33303000333030303330330000003000000000000000000000000330033303000300000003000000000000000000003330330033303300333033303330000333
30303000303030303000303000033000000000000000000000000303030303000300000033000000000000000000003000303030003030030003003000000303
33303000333003003300330000003000000000000000000000000330033303000300000003000000000000000000003000330033003030030003003330000333
30003000303003003000303000003000000000000000000000000303030303000300000003000000000000000000003000303030003030030003000030000003
30003330303003003330303000033300000000000000000000000330030303330333000033300000000000000000003330303033303300333003003330000333

0x000aacd9
00000000000000000000000000000000000000000000000000000000000000000000000000000000000000000000000000000000000000000000000000000000
00000000000330000000033300000000000003300000000003330000000000333100000000003330000000000000000330000000000300000000003330000000
00000000003330000000333330000000003333330000000033301000000003330010000000033333000000000000003330000000033330000000033333000000
00001010333330000000133333101000333333333000000333000003300033300010330010103333300010000000333330100003333300000000003333300000
01000003333330010000000333000033333300333000003330000033300333000013330000000033310000010003333330000033333000300000000033300000
10101033333300101033101333301333330013330010133300001033303330000013330013301033331010101033333300100333300013330013301033331010
01010333033301010133010133311033000103330101033001010333003300000133300103300103330101010333033301010333010033330103300003330101
10101330133300111333011133301100111013330010133011111333003300000133301033301013330010101330133300113330101333301033301013330011
01011001133301111333011133301111111133301111033301113330103330100333010133300103330101011001133301113301113333300133300103330111
10111111333301111333011133301111111133301111113333133301100333313330111133301113330111111111333301113301133333301033301013330111
11111111333301113330111133301111111133330111111333333301100033333330111333011113330111111111333301113301333033011333011113330111
11111111333011113330111133301111113333330111111133333011110003333301011333011113330111111111333011113333330333011333011113330111
11111111333011113330111133301111333333301111111111333311110000033330111333011113330111111111333011111333301333011333011113330111
11111111333011113330111133301113333333011111111113333331111000333333111333011113330111111111333011111033011333011333011113330111
11111111333011113330111133301113300333011111111113333333111100333333311333011113330111111111333011111100111330111333011113330111
11111113333011113330111133301111013333011111111133301333311103330033331333011113330111111113333011111111113330111333011113330111
11111113333011113330111133301111113333011111111333011133311133300013331333011113330111111113333011111111113330111333011113330111
11111113330111113330111133301111133330111111111333011133311133300013331333011113330111111113330111111111113330110333011113330111
11111113330111113330111133301111133330111111113330111133311333000113331333011113330111111113330100000111113301110333011113330111
11111113330111113330111133301111133330111111113330111333011333000133301333011113330111111113330000000011133301110333011113330111
11111113330111113330111333301111333301111111133301111333013330001133301333011133330111111113330000000001133301110333011133330111
11111133330111113333011333011111333301111133133301113330113330001333011333301133301133111133330000000000133301110333301133301101
11011133330111111333333333010111333301111133033330133330123333003333011133333333301133011133330000000000333011110033333333301000
10000133300111100333333330000003333011111133033333333301113333333330111033333333011133011133300000000000333001000033333333010000
10000003300011000033333300000003333001111003003333333001000333333300020003333330111003000003300000000000033000000003333330000000
00000000000000000000000000000000300000000030000000000002001000000000000000000000000030000000000000000000000000000000000000000000
00000000000000000000000000000000000000000000000000000000000000000000000000000000000000000000000000000000000000000000000000000000
33303000333030303330330000003000000000000000000000000330033303000300000003000000000000000000003330330033303300333033303330000333
30303000303030303000303000033000000000000000000000000303030303000300000033000000000000000000003000303030003030030003003000000303
33303000333003003300330000003000000000000000000000000330033303000300000003000000000000000000003000330033003030030003003330000333
30003000303003003000303000003000000000000000000000000303030303000300000003000000000000000000003000303030003030030003000030000003
30003330303003003330303000033300000000000000000000000330030303330333000033300000000000000000003330303033303300333003003330000333

0x000aad85
00000000000000000000000000000000000000000000000000000000000000000000000000000000000000000000000000000000000000000000000000000000
00000000000330000000033300000000000003300000000001003000000000333000000000003330000000000000033300000000033300000000003330000000
00000000003330000000333330000000003333330000000000333300000003330000000000033333000000000003333330000000333330000000033333000000
00001010333330000000133333101000333333333000000033333000000033301000330010103333300010000033300333000000033333000000003333300000
01000003333330010000000333000033333300333000000333330003011333000003330000000033310000010033000333000000000333000000000033300000
10101033333300101033101333301333330013330010103333001033303330101013330013301033331010101330101333000033100333300013301033331010
01010333033301010133010133311033000103330101013330011333303300110133300103300103330101010330010333010133010033310103300003330101
10101330133300111333011133301100111013330010133301113333003300111133301033301013330010103300103333011333001033301033301013330011
01011001133301111333011133301111111133301111033011133333003330111333010133300103330101011011113330111333010133300133300103330111
10111111333301111333011133301111111133301111133011333333000333313330111133301113330111111111133301111333011133301033301013330111
11111111333301113330111133301111111133330111133013330330000033333330111333011113330111111111133301113330111133301333011113330111
11111111333011113330111133301111113333330111133333303330000003333301111333011113330111111111333011113330111133301333011113330111
11111111333011113330111133301111333333301111113333013330000000033331111333011113330111111111333011113330111133301333011113330111
11111111333011113330111133301113333333011111110330113330000000333333111333011113330111111113330111113330111133301333011113330111
11111111333011113330111133301113300333011111111001113301000000333333311333011113330111111113330111113330111133301333011113330111
11111113333011113330111133301111013333011111111111133301000003330033331333011113330111111133301111113330111133301333011113330111
11111113333011113330111133301111113333011111111111133301100033301113331333011113330111111133301113113330111133301333011113330111
11111113330111113330111133301111133330111111111111133301100033301113331333011113330111111333011133313330111133300333011113330111
11111113330111113330111133301111133330111111111111133011100333011113331333011113330111111333010333303330111133300333011113330111
11111113330111113330111133301111133330111111111111333011100333011133301333011113330111113330133333003330111133300333011113330111
11111113330111113330111333301111333301111111111111333011113330110133301333011133330111113330333330003330111333300333011133330111
11111133330111113333011333011111333301111133111111333011113330111333011333301133301133133333333000003333011333010333301133301101
11011133330111111333333333010111333301111133011113330101113333013333011133333333301133033333330000000333333333010033333333301000
10000133300111100333333330000003333011111133011113330011113333333330111033333333011133033333300000000333333330000033333333010000
10000003300011000033333300000003333001111003000110330100000333333300010003333330111003033330000000000033333300000003333330000000
00000000000000000000000000000000300000000030000000000000000000000001000000000000000030000000000000000000000000000000000000000000
00000000000000000000000000000000000000000000000000000000000000000000000000000000000000000000000000000000000000000000000000000000
33303000333030303330330000003000000000000000000000000330033303000300000003000000000000000000003330330033303300333033303330000333
30303000303030303000303000033000000000000000000000000303030303000300000033000000000000000000003000303030003030030003003000000303
33303000333003003300330000003000000000000000000000000330033303000300000003000000000000000000003000330033003030030003003330000333
30003000303003003000303000003000000000000000000000000303030303000300000003000000000000000000003000303030003030030003000030000003
30003330303003003330303000033300000000000000000000000330030303330333000033300000000000000000003330303033303300333003003330000333

0x000aae31
00000000000000000000000000000000000000000000000000000000000000000000000000000000000000000000000000000000000000000000000000000000
00000000000330000000033300000000033300000000000000333000010000333000000000003330000000000000033300000000000033000000003330000000
00000000003330000000333330000000333000000000000003333300100003330000000000033333000000000003333330000000000333000000033333000000
00001010333330000000133333101003330000033000000010333330000033301000330010103333300010000033300333000000033333000000003333300000
01000003333330010000000333000033300101333000000000003330000333000003330000000033310000010033000333000000333333000000000033300000
10101033333300101033101333301333001010333010101330003333003330101013330013301033331010101330101333000003333330000013301033331010
01010333033301010133010133311330110103330101010330000333003301110133300103300103330101010330010333010133303330010103300003330101
10101330133300111333011133301330111013330010103330000333003301111133301033301013330010103300103333011033003330101033301013330011
01011001133301111333011133301333011133301111013330100333003330111333010133300103330101011011113330111100113330010133300103330111
10111111333301111333011133301133331333011111113330100333000333313330111133301113330111111111133301111111133330111033301013330111
11111111333301113330111133301113333333011111133301100333000133333330111333011113330111111111133301111111133330111333011113330111
11111111333011113330111133301111333330111111133301110333000113333301111333011113330111111111333011111111133301111333011113330111
11111111333011113330111133301111113333111111133301110333000111133331111333011113330111111111333011111111133301111333011113330111
11111111333011113330111133301111133333311111133301110333000111333333111333011113330111111113330111111111133301111333011113330111
11111111333011113330111133301111133333331111133301111333000111333333311333011113330111111113330111111111133301111333011113330111
11111113333011113330111133301111333013333111133301111333000013330133331333011113330111111133301111111111333301111333011113330111
11111113333011113330111133301113330111333111133301111333000033301113331333011113330111111133301113111111333301111333011113330111
11111113330111113330111133301113330111333111133301111333000033301113331333011113330111111333011133311111333011110333011113330111
11111113330111113330111133301133301111333111133300111333000333011113331333011113330111111333010333300111333011110333011113330111
11111113330111113330111133301133301113330111133301111333000333011133301333011113330111113330133333000011333011110333011113330111
11111113330111113330111333301333011113330111133301113333003330111133301333011133330111113330333330000001333011110333011133330111
11111133330111113333011333011333011133301133133330113330003330111333011333301133301133133333333000000003333011110333301133301101
11011133330111111333333333010333301333301133013333333330003333013333011133333333301133033333330000000003333011110033333333301000
10000133300111100333333330000333333333011133013333333300003333333330111033333333011133033333300000000003330001000033333333010000
10000003300011000033333300000033333330111003000333333000000333333300000003333330111003033330000000000000330000000003333330000000
00000000000000000000000000000000000000000030000000000000000000000000000000000000000030000000000000000000000000000000000000000000
00000000000000000000000000000000000000000000000000000000000000000000000000000000000000000000000000000000000000000000000000000000
33303000333030303330330000003000000000000000000000000330033303000300000003000000000000000000003330330033303300333033303330000333
30303000303030303000303000033000000000000000000000000303030303000300000033000000000000000000003000303030003030030003003000000303
33303000333003003300330000003000000000000000000000000330033303000300000003000000000000000000003000330033003030030003003330000333
30003000303003003000303000003000000000000000000000000303030303000300000003000000000000000000003000303030003030030003000030000003
30003330303003003330303000033300000000000000000000000330030303330333000033300000000000000000003330303033303300333003003330000333

0x000aaeec
00000000000000000000000000000000000000000000000000000000000000000000000000000000000000000000000000000000000000000000000000000000
00000000000330000000033300000000033300000000000000333000000101333000000000003330000000000000033300000000000033000000003330000000
00000000003330000000333330000000333000000000000003333300001003330000000000033333000000000003333330000000000333000000033333000000
00001010333330000000133333101003330000033000000000333330001033301000330010103333300010000033300333000000033333000000003333300000
01000003333330010000000333000033300101333000001000003330001333000003330000000033310000010033000333000000333333000000000033300000
10101033333300101033101333301333001010333010101330003333013330101013330013301033331010101330101333000003333330000013301033331010
01010333033301010133010133311330110103330101010330000333013301110133300103300103330101010330010333010133303330010103300003330101
10101330133300111333011133301330111013330010103330000333013301111133301033301013330010103300103333011033003330101033301013330011
01011001133301111333011133301333011133301111013330000333013330111333010133300103330101011011113330111100113330010133300103330111
10111111333301111333011133301133331333011111113330000333011333313330111133301113330111111111133301111111133330111033301013330111
11111111333301113330111133301113333333011111133300000333001133333330111333011113330111111111133301111111133330111333011113330111
11111111333011113330111133301111333330111111133300000333011113333301111333011113330111111111333011111111133301111333011113330111
11111111333011113330111133301111113333111111133300000333011111133331111333011113330111111111333011111111133301111333011113330111
11111111333011113330111133301111133333311111133301000333011111333333111333011113330111111113330111111111133301111333011113330111
11111111333011113330111133301111133333331111133301000333011111333333311333011113330111111113330111111111133301111333011113330111
11111113333011113330111133301111333013333111133301110333011113330133331333011113330111111133301111111111333301111333011113330111
11111113333011113330111133301113330111333111133301100333011133301113331333011113330111111133301113111111333301111333011113330111
11111113330111113330111133301113330111333111133301100333011133301113331333011113330111111333011133311111333011110333011113330111
11111113330111113330111133301133301111333111133301110333011333011113331333011113330111111333010333300111333011110333011113330111
11111113330111113330111133301133301113330101133301110333011333011133301333011113330111113330133333000011333011110333011113330111
11111113330111113330111333301333011113330111133301013333013330111133301333011133330111113330333330000001333011110333011133330111
11111133330111113333011333011333011133301133133330113330113330111333011333301133301133133333333000000003333011110333301133301101
11011133330111111333333333010333301333300133013333333330103333013333011133333333301133033333330000000003333011110033333333301000
10000133300111100333333330000333333333011133003333333301003333333330111033333333011133033333300000000003330001000033333333010000
10000003300011000033333300000033333330111003000333333001000333333300000003333330111003033330000000000000330000000003333330000000
00000000000000000000000000000000000000000030001000000001000000000000000000000000000030000000000000000000000000000000000000000000
00000000000000000000000000000000000000000000000000000000000000000000000000000000000000000000000000000000000000000000000000000000
33303000333030303330330000003000000000000000000000000330033303000300000003000000000000000000003330330033303300333033303330000333
30303000303030303000303000033000000000000000000000000303030303000300000033000000000000000000003000303030003030030003003000000303
33303000333003003300330000003000000000000000000000000330033303000300000003000000000000000000003000330033003030030003003330000333
30003000303003003000303000003000000000000000000000000303030303000300000003000000000000000000003000303030003030030003000030000003
30003330303003003330303000033300000000000000000000000330030303330333000033300000000000000000003330303033303300333003003330000333

0x000aaf88
00000000000000000000000000000000000000000000000000000000000000000000000000000000000000000000000000000000000000000000000000000000
00000000000330000000033300000000033300000000000000333000100000333000000000003330000000000000033300000000000033000000003330000000
00000000003330000000333330000000333000000000000003333300100003330000000000033333000000000003333330000000000333000000033333000000
00001010333330000000133333101003330000033001000000333330001033301000330010103333300010000033300333000000033333000000003333300000
01000003333330010000000333000033300101333000010000003331100333000003330000000033310000010033000333000000333333000000000033300000
10101033333300101033101333301333001010333011110330003333103330101013330013301033331010101330101333000003333330000013301033331010
01010333033301010133010133311330110103330101010330000333113301110133300103300103330101010330010333010133303330010103300003330101
10101330133300111333011133301330111013330010103330000333013301111133301033301013330010103300103333011033003330101033301013330011
01011001133301111333011133301333011133301111013330000333013330111333010133300103330101011011113330111100113330010133300103330111
10111111333301111333011133301133331333011111113330000333011333313330111133301113330111111111133301111111133330111033301013330111
11111111333301113330111133301113333333011111133300000333011133333330111333011113330111111111133301111111133330111333011113330111
11111111333011113330111133301111333330111111133300000333011113333301111333011113330111111111333011111111133301111333011113330111
11111111333011113330111133301111113333111111133300000333011111133331111333011113330111111111333011111111133301111333011113330111
11111111333011113330111133301111133333311111133300000333011111333333111333011113330111111113330111111111133301111333011113330111
11111111333011113330111133301111133333331111133300000333011111333333311333011113330111111113330111111111133301111333011113330111
11111113333011113330111133301111333013333111133300000333011113330133331333011113330111111133301111111111333301111333011113330111
11111113333011113330111133301113330111333111133300000333011133301113331333011113330111111133301113111111333301111333011113330111
11111113330111113330111133301113330111333111133300000333011133301113331333011113330111111333011133311111333011110333011113330111
11111113330111113330111133301133301111333110133300000333011333011113331333011113330111111333010333300111333011110333011113330111
11111113330111113330111133301133301113330111133300000333011333011133301333011113330111113330133333000011333011110333011113330111
11111113330111113330111333301333011113330111133300003333013330111133301333011133330111113330333330000001333011110333011133330111
11111133330111113333011333011333011133300133033330003330013330111333011333301133301133133333333000000003333011110333301133301101
11011133330111111333333333010333301333301133013333333330113333013333011133333333301133033333330000000003333011110033333333301000
10000133300111100333333330000333333333011133013333333301113333333330111033333333011133033333300000000003330001000033333333010000
10000003300011000033333300000033333330101003000333333001000333333300000003333330111003033330000000000000330000000003333330000000
00000000000000000000000000000000000001000030000000000000010000000000000000000000000030000000000000000000000000000000000000000000
00000000000000000000000000000000000000000000000000000000000000000000000000000000000000000000000000000000000000000000000000000000
33303000333030303330330000003000000000000000000000000330033303000300000003000000000000000000003330330033303300333033303330000333
30303000303030303000303000033000000000000000000000000303030303000300000033000000000000000000003000303030003030030003003000000303
33303000333003003300330000003000000000000000000000000330033303000300000003000000000000000000003000330033003030030003003330000333
30003000303003003000303000003000000000000000000000000303030303000300000003000000000000000000003000303030003030030003000030000003
30003330303003003330303000033300000000000000000000000330030303330333000033300000000000000000003330303033303300333003003330000333

0x000ab034
00000000000000000000000000000000000000000000000000000000000000000000000000000000000000000000000000000000000000000000000000000000
00000000000330000000033300000000033300000100000000333000000000333000000000003330000000000000033300000000000033000000003330000000
00000000003330000000333330000000333000000000000003333300000003330000000000033333000000000003333330000000000333000000033333000000
00001010333330000000133333101003330000033011000000333330001033301000330010103333300010000033300333000000033333000000003333300000
01000003333330010000000333000033300101333011000000003331000333000003330000000033310000010033000333000000333333000000000033300000
10101033333300101033101333301333001010333011000330003333103330101013330013301033331010101330101333000003333330000013301033331010
01010333033301010133010133311330110103330101000330001333113301110133300103300103330101010330010333010133303330010103300003330101
10101330133300111333011133301330111013330010013330001333013301111133301033301013330010103300103333011033003330101033301013330011
01011001133301111333011133301333011133301111003330001333013330111333010133300103330101011011113330111100113330010133300103330111
10111111333301111333011133301133331333011111003330011333011333313330111133301113330111111111133301111111133330111033301013330111
11111111333301113330111133301113333333011111033300011333011133333330111333011113330111111111133301111111133330111333011113330111
11111111333011113330111133301111333330111111033300011333011113333301111333011113330111111111333011111111133301111333011113330111
11111111333011113330111133301111113333111111033300011333011111133331111333011113330111111111333011111111133301111333011113330111
11111111333011113330111133301111133333311111033300011333011111333333111333011113330111111113330111111111133301111333011113330111
11111111333011113330111133301111133333331111133300111333011111333333311333011113330111111113330111111111133301111333011113330111
11111113333011113330111133301111333013333101133300111333011113330133331333011113330111111133301111111111333301111333011113330111
11111113333011113330111133301113330111333110133300110333011133301113331333011113330111111133301113111111333301111333011113330111
11111113330111113330111133301113330111333111133300111333011133301113331333011113330111111333011133311111333011110333011113330111
11111113330111113330111133301133301111333111133300111333011333011113331333011113330111111333010333300111333011110333011113330111
11111113330111113330111133301133301113330101133301111333011333011133301333011113330111113330133333000011333011110333011113330111
11111113330111113330111333301333011113330111133301013333013330111133301333011133330111113330333330000001333011110333011133330111
11111133330111113333011333011333011133301133133330113330013330111333011333301133301133133333333000000003333011110333301133301101
11011133330111111333333333010333301333301033013333333330113333013333011133333333301133033333330000000003333011110033333333301000
10000133300111100333333330000333333333011133013333333301113333333330111033333333011133033333300000000003330001000033333333010000
10000003300011000033333300000033333330011103000333333000000333333300000003333330111003033330000000000000330000000003333330000000
00000000000000000000000000000000000000000030000000000000000000000000000000000000000030000000000000000000000000000000000000000000
00000000000000000000000000000000000000000000000000000000000000000000000000000000000000000000000000000000000000000000000000000000
33303000333030303330330000003000000000000000000000000330033303000300000003000000000000000000003330330033303300333033303330000333
30303000303030303000303000033000000000000000000000000303030303000300000033000000000000000000003000303030003030030003003000000303
33303000333003003300330000003000000000000000000000000330033303000300000003000000000000000000003000330033003030030003003330000333
30003000303003003000303000003000000000000000000000000303030303000300000003000000000000000000003000303030003030030003000030000003
30003330303003003330303000033300000000000000000000000330030303330333000033300000000000000000003330303033303300333003003330000333

0x000ab0e0
00000000000000000000000000000000000000000000000000000000000000000000000000000000000000000000000000000000000000000000000000000000
00000000000330000000033300000000033300000000000000100330000003333330000000000003300000000000033333000000003330000000003330000000
00000000003330000000333330000000333000100000000000103330000333333333000000000033300000000033333333300000333333000000033333000000
00001010333330000000133333101003330000033010000000333330003333000333000010103333300010003333333330000003330033300000003333300000
01000003333330010000000333000033300101333000000003333330000330000333000000033333300000013333300000000003300033300000000033300000
10101033333300101033101333301333001010333000000033333300101000103330100010333333001010103330001010100033000033300013301033331010
01010333033301010133010133311330110103330000000333033301111111133301010103330333010101013301010101010133010033300103300003330101
10101330133300111333011133301330111013330000000330133301111111333010101013301333001010133300101010111330101333301033301013330011
01011001133301111333011133301333011133301000000000133301111113330333310100010333011101033301133333111101110333010133300103330111
10111111333301111333011133301133331333011000000001333301111133333333331111113333011111133013333333311111113330111033301013330111
11111111333301113330111133301113333333011000000001333301111333333333331111113333011111133333333333311111113330111333011113330111
11111111333011113330111133301111333330111100000001333011113333300003331111113330111111133333300033311111133301111333011113330111
11111111333011113330111133301111113333111100000001333011113300011113331111113330111111133300011133311111133301111333011113330111
11111111333011113330111133301111133333311100000001333011110011111133331111113330111111130011111333311111333011111333011113330111
11111111333011113330111133301111133333331100000011333011111111111333301111113330111111101111113333011111333011111333011113330111
11111113333011113330111133301111333013333100000013333011111111113333301111133330111111111111133333011113330111111333011113330111
11111113333011113330111133301113330111333100000013333011111111133333011111133330111111111111333330111113330111311333011113330111
11111113330111113330111133301113330111333100100113330111111111133330111111133301111111111111333301111133301113330333011113330111
11111113330111113330111133301133301111333100000113330111111111333301111111133301111111111113333000000133301133330333011113330111
11111113330111113330111133301133301113330100000113330111111113333011111111133301111111111133330000000333013333300333011113330111
11111113330111113330111333301333011113330100001103330111111133330111111111133301111111111333300000000333033333010333011133330111
11111133330111113333011333011333011033301133001133330011111133301111111111333301111133111333000000003333333300110333301133301101
11011133330111111333333333010333301333301133001133330001111333301111111110333301111133013333000000003333333011110033333333301000
10000133300111100333333330000333333333011133011133300001113333011100111000333011111133033330000000003333330001000033333333010000
10000003300011000033333300000033333330111003000103300001003330100000000000033011111003033300000000003333000000000003333330000000
00000000000000000000000000000000000000000030000000000000000000000000000000000000000030000000000000000000000000000000000000000000
00000000000000000000000000000000000000000000000000000000000000000000000000000000000000000000000000000000000000000000000000000000
33303000333030303330330000003000000000000000000000000330033303000300000003000000000000000000003330330033303300333033303330000333
30303000303030303000303000033000000000000000000000000303030303000300000033000000000000000000003000303030003030030003003000000303
33303000333003003300330000003000000000000000000000000330033303000300000003000000000000000000003000330033003030030003003330000333
30003000303003003000303000003000000000000000000000000303030303000300000003000000000000000000003000303030003030030003000030000003
30003330303003003330303000033300000000000000000000000330030303330333000033300000000000000000003330303033303300333003003330000333

0x000ab17c
00000000000000000000000000000000000000000000000000000000000000000000000000000000000000000000000000000000000000000000000000000000
00000000000330000000033300000000033300000000000100000330000000333000000000000333000000000003330000000003333330000000003330000000
00000000003330000000333330000000333000000000000000003330000003330000000000033333300000000033300000000333333333000000033333000000
00001010333330000000133333101003330000033000000000333330001033301000330010333003330010000333000013303333000333000000003333300000
01000003333330010000000333000033300100333000001003333330000333000003330000330003330000013330000033300330000333000000000033300000
10101033333300101033101333301333001010333000001033333300103330101013330013301013330010133300101033300000103330000013301033331010
01010333033301010133010133311330110113330000000333033301113301110133300103300103330101033001010333010101033300010103300003330101
10101330133300111333011133301330110113330000000330133301113301111133301033001033330010133010101333011010333010101033301013330011
01011001133301111333011133301333011133300000000001133301113330111333010100110133301101033301113330111113330333310133300103330111
10111111333301111333011133301133331333000000000111333301111333313330111111111333011111113333133301111133333333331033301013330111
11111111333301113330111133301113333333000000000111333301111133333330111111111333011111111333333301111333333333331333011113330111
11111111333011113330111133301111333330110000000111333011111113333301111111113330111111111133333011113333300003331333011113330111
11111111333011113330111133301111113333110001001111333011111111133331111111113330111111111111333311113300011113331333011113330111
11111111333011113330111133301111133333310000001111333011111111333333111111133301111111111113333331110011111133331333011113330111
11111111333011113330111133301111133333330000001111333011111111333333311111133301111111111113333333111111111333301333011113330111
11111113333011113330111133301111333013333000001113333011111113330133331111333011111111111133301333311111113333301333011113330111
11111113333011113330111133301113330111333000011113333011111133301113331111333011131111111333011133311111133333011333011113330111
11111113330111113330111133301113330111333000011113330111111133301113331113330111333111111333011133311111133330110333011113330111
11111113330111113330111133301133300111333000011113330111111333011113331113330113333111113330110133300111333301110333011113330111
11111113330111113330111133300133301113330000011113330111111333011133301133301333330111113330110333000013333011110333011113330111
11111113330111113330111333301333011113330000111113330111113330111133301133303333301111133301110333000033330111110333011133330111
11111133330111113333011333011333001133300033110133330111113330111333011333333330011133133301103330000033301111110333301133301101
11011133330111111333333333010333301333300033021133330111113333013333011333333301111133033330133330000333301111110033333333301000
10000133300111100333333330000333333333000033011033300011113333333330111333333011111133033333333300003333000001000033333333010000
10000003300011000033333300000233333330100003000203300001000333333300000333300011111003003333333000003330000000000003333330000000
00000000000000000000000000000000000000000030000000000000000000000000000000000000000030000000000000000000000000000000000000000000
00000000000000000000000000000000000000000000000000000000000000000000000000000000000000000000000000000000000000000000000000000000
33303000333030303330330000003000000000000000000000000330033303000300000003000000000000000000003330330033303300333033303330000333
30303000303030303000303000033000000000000000000000000303030303000300000033000000000000000000003000303030003030030003003000000303
33303000333003003300330000003000000000000000000000000330033303000300000003000000000000000000003000330033003030030003003330000333
30003000303003003000303000003000000000000000000000000303030303000300000003000000000000000000003000303030003030030003000030000003
30003330303003003330303000033300000000000000000000000330030303330333000033300000000000000000003330303033303300333003003330000333

0x000ab228
00000000000000000000000000000000000000000000000000000000000000000000000000000000000000000000000000000000000000000000000000000000
00000000000330000000033300000000033300000000000000000330000000333000000000000333000000000003330000000003333330000000003330000000
00000000003330000000333330000000333000000000100000003330000003330000000000033333300000000033300000000333333333000000033333000000
00001010333330000000133333101003330000033000010000333330001033301000330010333003330010000333000013303333000333000000003333300000
01000003333330010000000333000033300000333000000003333330000333000003330000330003330000013330000033300330000333000000000033300000
10101033333300101033101333301333011000333000101033333300103330101013330013301013330010133300101033300000103330000013301033331010
01010333033301010133010133311330111103330000110333033301113301110133300103300103330101033001010333010101033300010103300003330101
10101330133300111333011133301330110003330000101330133301113301111133301033001033330010133010101333011010333010101033301013330011
01011001133301111333011133301333011133300000011001133301113330111333010100110133301101033301113330111113330333310133300103330111
10111111333301111333011133301133331333000000011111333301111333313330111111111333011111113333133301111133333333331033301013330111
11111111333301113330111133301113333333000000011111333301111133333330111111111333011111111333333301111333333333331333011113330111
11111111333011113330111133301111333330000000011111333011111113333301111111113330111111111133333011113333300003331333011113330111
11111111333011113330111133301111113333000000011111333011111111133331111111113330111111111111333311113300011113331333011113330111
11111111333011113330111133301111133333300000011111333011111111333333111111133301111111111113333331110011111133331333011113330111
11111111333011113330111133301111133333330000011111333011111111333333311111133301111111111113333333111111111333301333011113330111
11111113333011113330111133301111333013333000111113333011111113330133331111333011111111111133301333311111113333301333011113330111
11111113333011113330111133301113330111333000111113333011111133301113331111333011131111111333011133311111133333011333011113330111
11111113330111113330111133301113330110333001111113330111111133301113331113330111333111111333011133311111133330110333011113330111
11111113330111113330111133301133301110333001111113330111111333011113331113330113333111113330110133300111333301110333011113330111
11111113330111113330111133301133301113330011111113330111111333011133301133301333330111113330110333000013333011110333011113330111
11111113330111113330111333301333011113330011111113330111113330111133301133303333301111133301110333000033330111110333011133330111
11111133330111113333011333011333011133300133101133330111113330111333011333333330011133133301103330000033301111110333301133301101
11011133330111111333333333010333301333301133011133330111113333013333011333333301111133033330133330000333301111110033333333301000
10000133300111100333333330000333333333011133011133300011113333333330111333333011111133033333333300003333000001000033333333010000
10000003300011000033333300000033333330111203000103300001000333333300000333300011111003003333333000003330000000000003333330000000
00000000000000000000000000000200000000020030000000000000000000000000000000000000000030000000000000000000000000000000000000000000
00000000000000000000000000000000000000000000000000000000000000000000000000000000000000000000000000000000000000000000000000000000
33303000333030303330330000003000000000000000000000000330033303000300000003000000000000000000003330330033303300333033303330000333
30303000303030303000303000033000000000000000000000000303030303000300000033000000000000000000003000303030003030030003003000000303
33303000333003003300330000003000000000000000000000000330033303000300000003000000000000000000003000330033003030030003003330000333
30003000303003003000303000003000000000000000000000000303030303000300000003000000000000000000003000303030003030030003000030000003
30003330303003003330303000033300000000000000000000000330030303330333000033300000000000000000003330303033303300333003003330000333

0x000ab2d4
00000000000000000000000000000000000000000000000000000000000000000000000000000000000000000000000000000000000000000000000000000000
00000000000330000000033300000000033300000000000000000330000000333000000000000333000000000003330000000003333330000000003330000000
00000000003330000000333330010000333000001000000000003330000003330000000000033333300000000033300000000333333333000000033333000000
00001010333330000000133333101003330000033000000000333330001033301000330010333003330010000333000013303333000333000000003333300000
01000003333330010000000333001033300000333100000003333330000333000003330000330003330000013330000033300330000333000000000033300000
10101033333300101033101333301333000000333110101033333300103330101013330013301013330010133300101033300000103330000013301033331010
01010333033301010133010133311330100003330111010333033301113301110133300103300103330101033001010333010101033300010103300003330101
10101330133300111333011133301330110003330010101330133301113301111133301033001033330010133010101333011010333010101033301013330011
01011001133301111333011133301333010033300111011001133301113330111333010100110133301101033301113330111113330333310133300103330111
10111111333301111333011133301133330333000111111111333301111333313330111111111333011111113333133301111133333333331033301013330111
11111111333301113330111133301113333333000111111111333301111133333330111111111333011111111333333301111333333333331333011113330111
11111111333011113330111133301111333330000111111111333011111113333301111111113330111111111133333011113333300003331333011113330111
11111111333011113330111133301111113333000111111111333011111111133331111111113330111111111111333311113300011113331333011113330111
11111111333011113330111133301111133333300111111111333011111111333333111111133301111111111113333331110011111133331333011113330111
11111111333011113330111133301111133333331111111111333011111111333333311111133301111111111113333333111111111333301333011113330111
11111113333011113330111133301111333003333111111113333011111113330133331111333011111111111133301333311111113333301333011113330111
11111113333011113330111133301113330000333111111113333011111133301113331111333011131111111333011133311111133333011333011113330111
11111113330111113330111133301113330000333111111113330111111133301113331113330111333111111333011133311111133330110333011113330111
11111113330111113330111133301133300000333111111113330111111333011113331113330113333111113330110133300111333301110333011113330111
11111113330111113330111133301133300003330111111113330111111333011133301133301333330111113330110333000013333011110333011113330111
11111113330111113330111333301333000003330111111113330111113330111133301133303333301111133301110333000033330111110333011133330111
11111133330111113333011333011333001033301133111133330111113330111333011333333330011133133301103330000033301111110333301133301101
11011133330111111333333333010333300333301133011133330111113333013333011333333301111133033330133330000333301111110033333333301000
10000133300111100333333330002333333333011133011133300011113333333330111333333011111133033333333300003333000001000033333333010000
10000003300011000033333300000033333330112003000103300001000333333300000333300011111003003333333000003330000000000003333330000000
00000000000000000000000002000200000000020030000000000000000000000000000000000000000030000000000000000000000000000000000000000000
00000000000000000000000000000000000000000000000000000000000000000000000000000000000000000000000000000000000000000000000000000000
33303000333030303330330000003000000000000000000000000330033303000300000003000000000000000000003330330033303300333033303330000333
30303000303030303000303000033000000000000000000000000303030303000300000033000000000000000000003000303030003030030003003000000303
33303000333003003300330000003000000000000000000000000330033303000300000003000000000000000000003000330033003030030003003330000333
30003000303003003000303000003000000000000000000000000303030303000300000003000000000000000000003000303030003030030003000030000003
30003330303003003330303000033300000000000000000000000330030303330333000033300000000000000000003330303033303300333003003330000333

0x000ab370
00000000000000000000000000000000000000000000000000000000000000000000000000000000000000000000000000000000000000000000000000000000
00000000000330000000033300000000033301000000000000000330000000333000000000000333000000000003330000000003333330000000003330000000
00000000003330000000333330000000333001000000000000003330000003330000000000033333300000000033300000000333333333000000033333000000
00001010333330000000133333100003330000033000000000333330001033301000330010333003330010000333000013303333000333000000003333300000
01000003333330010000000333000033300001333000000003333330000333000003330000330003330000013330000033300330000333000000000033300000
10101033333300101033101333301333000000333010101033333300103330101013330013301013330010133300101033300000103330000013301033331010
01010333033301010133010133311330000003330101010333033301113301110133300103300103330101033001010333010101033300010103300003330101
10101330133300111333011133301330000003330010101330133301113301111133301033001033330010133010101333011010333010101033301013330011
01011001133301111333011133301333000033301111011001133301113330111333010100110133301101033301113330111113330333310133300103330111
10111111333301111333011133301133330333011111111111333301111333313330111111111333011111113333133301111133333333331033301013330111
11111111333301113330111133300113333333011111111111333301111133333330111111111333011111111333333301111333333333331333011113330111
11111111333011113330111133301110333330111111111111333011111113333301111111113330111111111133333011113333300003331333011113330111
11111111333011113330111133301010003333111111111111333011111111133331111111113330111111111111333311113300011113331333011113330111
11111111333011113330111133301110033333311111111111333011111111333333111111133301111111111113333331110011111133331333011113330111
11111111333011113330111133301110033333331111111111333011111111333333311111133301111111111113333333111111111333301333011113330111
11111113333011113330111133301110333013333111111113333011111113330133331111333011111111111133301333311111113333301333011113330111
11111113333011113330111133301113330011333111111113333011111133301113331111333011131111111333011133311111133333011333011113330111
11111113330111113330111133301113330111333111111113330111111133301113331113330111333111111333011133311111133330110333011113330111
11111113330111113330111133301133300111333111111113330111111333011113331113330113333111113330110133300111333301110333011113330111
11111113330111113330111133301133301113330111111113330111111333011133301133301333330111113330110333000013333011110333011113330111
11111113330111113330111333301333001113330111111113330111113330111133301133303333301111133301110333000033330111110333011133330111
11111133330111113333011333011333011133301133111133330111113330111333011333333330011133133301103330000033301111110333301133301101
11011133330111111333333333010333301333301133011133330111113333013333011333333301111133033330133330000333301111110033333333301000
10000133300111100333333330020333333333011133011133300011113333333330111333333011111133033333333300003333000001000033333333010000
10000003300011000033333300000033333330111003000103300001000333333300000333300011111003003333333000003330000000000003333330000000
00000000000000000000000000200000000000200030000000000000000000000000000000000000000030000000000000000000000000000000000000000000
00000000000000000000000000000000000000000000000000000000000000000000000000000000000000000000000000000000000000000000000000000000
33303000333030303330330000003000000000000000000000000330033303000300000003000000000000000000003330330033303300333033303330000333
30303000303030303000303000033000000000000000000000000303030303000300000033000000000000000000003000303030003030030003003000000303
33303000333003003300330000003000000000000000000000000330033303000300000003000000000000000000003000330033003030030003003330000333
30003000303003003000303000003000000000000000000000000303030303000300000003000000000000000000003000303030003030030003000030000003
30003330303003003330303000033300000000000000000000000330030303330333000033300000000000000000003330303033303300333003003330000333

0x000ab41c
00000000000000000000000000000000000000000000000000000000000000000000000000000000000000000000000000000000000000000000000000000000
00000000000330000000033300000000133300000000000000000330000000333000000000000333000000000003330000000003333330000000003330000000
00000000003330000001333330000000333000000000000000003330000003330000000000033333300000000033300000000333333333000000033333000000
00001010333330000000133333000003330000033000000000333330001033301000330010333003330010000333000013303333000333000000003333300000
01000003333330010000110333000033300101333000000003333330000333000003330000330003330000013330000033300330000333000000000033300000
10101033333300101033101333300333011010333010101033333300103330101013330013301013330010133300101033300000103330000013301033331010
01010333033301010133010133300330011103330101010333033301113301110133300103300103330101033001010333010101033300010103300003330101
10101330133300111333011033300330011013330010101330133301113301111133301033001033330010133010101333011010333010101033301013330011
01011001133301111333011133300333011133301111011001133301113330111333010100110133301101033301113330111113330333310133300103330111
10111111333301111333011133300033331333011111111111333301111333313330111111111333011111113333133301111133333333331033301013330111
11111111333301113330111133300003333333011111111111333301111133333330111111111333011111111333333301111333333333331333011113330111
11111111333011113330111133300000333330111111111111333011111113333301111111113330111111111133333011113333300003331333011113330111
11111111333011113330111133300000013333111111111111333011111111133331111111113330111111111111333311113300011113331333011113330111
11111111333011113330111133300000033333311111111111333011111111333333111111133301111111111113333331110011111133331333011113330111
11111111333011113330111133300001033333331111111111333011111111333333311111133301111111111113333333111111111333301333011113330111
11111113333011113330111133300001333013333111111113333011111113330133331111333011111111111133301333311111113333301333011113330111
11111113333011113330111133300003330111333111111113333011111133301113331111333011131111111333011133311111133333011333011113330111
11111113330111113330111133300003330111333111111113330111111133301113331113330111333111111333011133311111133330110333011113330111
11111113330111113330111133300033301111333111111113330111111333011113331113330113333111113330110133300111333301110333011113330111
11111113330111113330111133300033300113330111111113330111111333011133301133301333330111113330110333000013333011110333011113330111
11111113330111113330111333300333011113330111111113330111113330111133301133303333301111133301110333000033330111110333011133330111
11111133330111113333011333000333011133301133111133330111113330111333011333333330011133133301103330000033301111110333301133301101
11011133330111111333333333000333301333301133011133330111113333013333011333333301111133033330133330000333301111110033333333301000
10000133300111100333333330000333333333011133011133300011113333333330111333333011111133033333333300003333000001000033333333010000
10000003300011000033333300000033333330111003000103300001000333333300000333300011111003003333333000003330000000000003333330000000
00000000000000000000000000000000000000000030000000000000000000000000000000000000000030000000000000000000000000000000000000000000
00000000000000000000000000000000000000000000000000000000000000000000000000000000000000000000000000000000000000000000000000000000
33303000333030303330330000003000000000000000000000000330033303000300000003000000000000000000003330330033303300333033303330000333
30303000303030303000303000033000000000000000000000000303030303000300000033000000000000000000003000303030003030030003003000000303
33303000333003003300330000003000000000000000000000000330033303000300000003000000000000000000003000330033003030030003003330000333
30003000303003003000303000003000000000000000000000000303030303000300000003000000000000000000003000303030003030030003000030000003
30003330303003003330303000033300000000000000000000000330030303330333000033300000000000000000003330303033303300333003003330000333

0x000ab4c8
00000000000000000000000000000000000000000000000000000000000000000000000000000000000000000000000000000000000000000000000000000000
00000000000330000000033300000100033300000000000000000330000000333000000000000333000000000003330000000003333330000000003330000000
00000000003330001000333330000010333000000000000000003330000003330000000000033333300000000033300000000333333333000000033333000000
00001010333330000000033333000013330000033000000000333330001033301000330010333003330010000333000013303333000333000000003333300000
01000003333330010000000333000033300101333000000003333330000333000003330000330003330000013330000033300330000333000000000033300000
10101033333300101033000333300333001010333010101033333300103330101013330013301013330010133300101033300000103330000013301033331010
01010333033301010133000033300330110103330101010333033301113301110133300103300103330101033001010333010101033300010103300003330101
10101330133300111333000033300330111013330010101330133301113301111133301033001033330010133010101333011010333010101033301013330011
01011001133301111333000033300333011133301111011001133301113330111333010100110133301101033301113330111113330333310133300103330111
10111111333301111333000033300033331333011111111111333301111333313330111111111333011111113333133301111133333333331033301013330111
11111111333301113330100033300013333333011111111111333301111133333330111111111333011111111333333301111333333333331333011113330111
11111111333011113330110033300011333330111111111111333011111113333301111111113330111111111133333011113333300003331333011113330111
11111111333011113330110033300010113333111111111111333011111111133331111111113330111111111111333311113300011113331333011113330111
11111111333011113330111033300011133333311111111111333011111111333333111111133301111111111113333331110011111133331333011113330111
11111111333011113330111133300011133333331111111111333011111111333333311111133301111111111113333333111111111333301333011113330111
11111113333011113330111133300011333013333111111113333011111113330133331111333011111111111133301333311111113333301333011113330111
11111113333011113330111133300013330111333111111113333011111133301113331111333011131111111333011133311111133333011333011113330111
11111113330111113330111133300013330111333111111113330111111133301113331113330111333111111333011133311111133330110333011113330111
11111113330111113330111133300133301111333111111113330111111333011113331113330113333111113330110133300111333301110333011113330111
11111113330111113330111133300133301113330111111113330111111333011133301133301333330111113330110333000013333011110333011113330111
11111113330111113330111333301333011113330111111113330111113330111133301133303333301111133301110333000033330111110333011133330111
11111133330111113333011333001333011133301133111133330111113330111333011333333330011133133301103330000033301111110333301133301101
11011133330111111333333333000333301333301133011133330111113333013333011333333301111133033330133330000333301111110033333333301000
10000133300111100333333330000333333333011133011133300011113333333330111333333011111133033333333300003333000001000033333333010000
10000003300011000033333300000033333330111003000103300001000333333300000333300011111003003333333000003330000000000003333330000000
00000000000000002002000000000000000000000030000000000000000000000000000000000000000030000000000000000000000000000000000000000000
00000000000000000000000000000000000000000000000000000000000000000000000000000000000000000000000000000000000000000000000000000000
33303000333030303330330000003000000000000000000000000330033303000300000003000000000000000000003330330033303300333033303330000333
30303000303030303000303000033000000000000000000000000303030303000300000033000000000000000000003000303030003030030003003000000303
33303000333003003300330000003000000000000000000000000330033303000300000003000000000000000000003000330033003030030003003330000333
30003000303003003000303000003000000000000000000000000303030303000300000003000000000000000000003000303030003030030003000030000003
30003330303003003330303000033300000000000000000000000330030303330333000033300000000000000000003330303033303300333003003330000333

0x000ab564
00000000000000000000000000000000000000000000000000000000000000000000000000000000000000000000000000000000000000000000000000000000
00000000000330000000033300000000033300000000000000000330000000333000000000000333000000000003330000000003333330000000003330000000
00000000003330000000333330010000333000000000000000003330000003330000000000033333300000000033300000000333333333000000033333000000
00001010333330100000033333101003330000033000000000333330001033301000330010333003330010000333000013303333000333000000003333300000
01000003333330110000011333000033300101333000000003333330000333000003330000330003330000013330000033300330000333000000000033300000
10101033333300111033000333301333001010333010101033333300103330101013330013301013330010133300101033300000103330000013301033331010
01010333033301011033000033311330110103330101010333033301113301110133300103300103330101033001010333010101033300010103300003330101
10101330133300111333000033301330111013330010101330133301113301111133301033001033330010133010101333011010333010101033301013330011
01011001133301111333000033301333011133301111011001133301113330111333010100110133301101033301113330111113330333310133300103330111
10111111333301111333000033301133331333011111111111333301111333313330111111111333011111113333133301111133333333331033301013330111
11111111333301113330000033300113333333011111111111333301111133333330111111111333011111111333333301111333333333331333011113330111
11111111333011113330000033300111333330111111111111333011111113333301111111113330111111111133333011113333300003331333011113330111
11111111333011113330000033301111113333111111111111333011111111133331111111113330111111111111333311113300011113331333011113330111
11111111333011113330000033301111133333311111111111333011111111333333111111133301111111111113333331110011111133331333011113330111
11111111333011113330000033301101133333331111111111333011111111333333311111133301111111111113333333111111111333301333011113330111
11111113333011113330000033301011333013333111111113333011111113330133331111333011111111111133301333311111113333301333011113330111
11111113333011113330100033301113330111333111111113333011111133301113331111333011131111111333011133311111133333011333011113330111
11111113330111113330100033301113330111333111111113330111111133301113331113330111333111111333011133311111133330110333011113330111
11111113330111113330100033301133301111333111111113330111111333011113331113330113333111113330110133300111333301110333011113330111
11111113330111113330100033301133301113330111111113330111111333011133301133301333330111113330110333000013333011110333011113330111
11111113330111113330110333300333011113330111111113330111113330111133301133303333301111133301110333000033330111110333011133330111
11111133330111013333010333011333011133301133111133330111113330111333011333333330011133133301103330000033301111110333301133301101
11011133330111111333333333011333301333301133011133330111113333013333011333333301111133033330133330000333301111110033333333301000
10000133300111100333333330000333333333011133011133300011113333333330111333333011111133033333333300003333000001000033333333010000
10000003300011000133333300000033333330111003000103300001000333333300000333300011111003003333333000003330000000000003333330000000
00000000000000000000000001001000000000000030000000000000000000000000000000000000000030000000000000000000000000000000000000000000
00000000000000000000000000000000000000000000000000000000000000000000000000000000000000000000000000000000000000000000000000000000
33303000333030303330330000003000000000000000000000000330033303000300000003000000000000000000003330330033303300333033303330000333
30303000303030303000303000033000000000000000000000000303030303000300000033000000000000000000003000303030003030030003003000000303
33303000333003003300330000003000000000000000000000000330033303000300000003000000000000000000003000330033003030030003003330000333
30003000303003003000303000003000000000000000000000000303030303000300000003000000000000000000003000303030003030030003000030000003
30003330303003003330303000033300000000000000000000000330030303330333000033300000000000000000003330303033303300333003003330000333

0x000ab610
00000000000000000000000000000000000000000000000000000000000000000000000000000000000000000000000000000000000000000000000000000000
00000000000330000000033300000000033300000000000000000330000000333000000000000333000000000003330000000003333330000000003330000000
00000000003330000000333330000000333000000000000000003330000003330000000000033333300000000033300000000333333333000000033333000000
00001010333330000000033333111003330000033000000000333330001033301000330010333003330010000333000013303333000333000000003333300000
01000003333330000000000333100033300101333000000003333330000333000003330000330003330000013330000033300330000333000000000033300000
10101033333300000033000333301333001010333010101033333300103330101013330013301013330010133300101033300000103330000013301033331010
01010333033301000033000133311330110103330101010333033301113301110133300103300103330101033001010333010101033300010103300003330101
10101330133300000333000133301330111013330010101330133301113301111133301033001033330010133010101333011010333010101033301013330011
01011001133301100333000033301333011133301111011001133301113330111333010100110133301101033301113330111113330333310133300103330111
10111111333301100333000133301133331333011111111111333301111333313330111111111333011111113333133301111133333333331033301013330111
11111111333301103330000133301113333333011111111111333301111133333330111111111333011111111333333301111333333333331333011113330111
11111111333011113330000133301111333330111111111111333011111113333301111111113330111111111133333011113333300003331333011113330111
11111111333011113330000133301111113333111111111111333011111111133331111111113330111111111111333311113300011113331333011113330111
11111111333011113330000133301111133333311111111111333011111111333333111111133301111111111113333331110011111133331333011113330111
11111111333011113330000133301111133333331111111111333011111111333333311111133301111111111113333333111111111333301333011113330111
11111113333011113330000033301111333013333111111113333011111113330133331111333011111111111133301333311111113333301333011113330111
11111113333011113330000033301113330111333111111113333011111133301113331111333011131111111333011133311111133333011333011113330111
11111113330111113330000033301113330111333111111113330111111133301113331113330111333111111333011133311111133330110333011113330111
11111113330110113330000033301133301111333111111113330111111333011113331113330113333111113330110133300111333301110333011113330111
11111113330111113330000033301133301113330111111113330111111333011133301133301333330111113330110333000013333011110333011113330111
11111113330111113330000333301333011113330111111113330111113330111133301133303333301111133301110333000033330111110333011133330111
11111133330111113333000333011333011133301133111133330111113330111333011333333330011133133301103330000033301111110333301133301101
11011133330101100333333333010333301333301133011133330111113333013333011333333301111133033330133330000333301111110033333333301000
10000133300111100333333330001333333333011133011133300011113333333330111333333011111133033333333300003333000001000033333333010000
10000003300011000033333301000033333330111003000103300001000333333300000333300011111003003333333000003330000000000003333330000000
00000000000000000000000000010000000000000030000000000000000000000000000000000000000030000000000000000000000000000000000000000000
00000000000000000000000000000000000000000000000000000000000000000000000000000000000000000000000000000000000000000000000000000000
33303000333030303330330000003000000000000000000000000330033303000300000003000000000000000000003330330033303300333033303330000333
30303000303030303000303000033000000000000000000000000303030303000300000033000000000000000000003000303030003030030003003000000303
33303000333003003300330000003000000000000000000000000330033303000300000003000000000000000000003000330033003030030003003330000333
30003000303003003000303000003000000000000000000000000303030303000300000003000000000000000000003000303030003030030003000030000003
30003330303003003330303000033300000000000000000000000330030303330333000033300000000000000000003330303033303300333003003330000333

0x000ab6bc
00000000000000000000000000000000000000000000000000000000000000000000000000000000000000000000000000000000000000000000000000000000
00000000000330000000033301000000033300000000000000000330000000333000000000000333000000000003330000000003333330000000003330000000
00000000003330000000333330000000333000000000000000003330000003330000000000033333300000000033300000000333333333000000033333000000
00001010333330000000033333101003330000033000000000333330001033301000330010333003330010000333000013303333000333000000003333300000
01000003333330000000001333000033300101333000000003333330000333000003330000330003330000013330000033300330000333000000000033300000
10101033333300000033011333301333001010333010101033333300103330101013330013301013330010133300101033300000103330000013301033331010
01010333033300000033010033311330110103330101010333033301113301110133300103300103330101033001010333010101033300010103300003330101
10101330133300000333011133301330111013330010101330133301113301111133301033001033330010133010101333011010333010101033301013330011
01011001133300000333011133301333011133301111011001133301113330111333010100110133301101033301113330111113330333310133300103330111
10111111333300000333011133301133331333011111111111333301111333313330111111111333011111113333133301111133333333331033301013330111
11111111333300003330101133301113333333011111111111333301111133333330111111111333011111111333333301111333333333331333011113330111
11111111333010003330111133301111333330111111111111333011111113333301111111113330111111111133333011113333300003331333011113330111
11111111333010003330111133301111113333111111111111333011111111133331111111113330111111111111333311113300011113331333011113330111
11111111333011003330111133301111133333311111111111333011111111333333111111133301111111111113333331110011111133331333011113330111
11111111333011003330111133301111133333331111111111333011111111333333311111133301111111111113333333111111111333301333011113330111
11111113333011113330111133301111333013333111111113333011111113330133331111333011111111111133301333311111113333301333011113330111
11111113333011103330011133301113330111333111111113333011111133301113331111333011131111111333011133311111133333011333011113330111
11111113330111103330011133301113330111333111111113330111111133301113331113330111333111111333011133311111133330110333011113330111
11111113330111113330011133301133301111333111111113330111111333011113331113330113333111113330110133300111333301110333011113330111
11111103330011113330011133301133301113330111111113330111111333011133301133301333330111113330110333000013333011110333011113330111
11111113330011013330111333301333011113330111111113330111113330111133301133303333301111133301110333000033330111110333011133330111
11111133330111113333011333011333011133301133111133330111113330111333011333333330011133133301103330000033301111110333301133301101
11010133330111110333333333010333301333301133011133330111113333013333011333333301111133033330133330000333301111110033333333301000
10000133300111100333333330000333333333011133011133300011113333333330111333333011111133033333333300003333000001000033333333010000
10000003300011000033333300000033333330111003000103300001000333333300000333300011111003003333333000003330000000000003333330000000
00000000001001000001000010000000000000000030000000000000000000000000000000000000000030000000000000000000000000000000000000000000
00000000000000000000000000000000000000000000000000000000000000000000000000000000000000000000000000000000000000000000000000000000
33303000333030303330330000003000000000000000000000000330033303000300000003000000000000000000003330330033303300333033303330000333
30303000303030303000303000033000000000000000000000000303030303000300000033000000000000000000003000303030003030030003003000000303
33303000333003003300330000003000000000000000000000000330033303000300000003000000000000000000003000330033003030030003003330000333
30003000303003003000303000003000000000000000000000000303030303000300000003000000000000000000003000303030003030030003000030000003
30003330303003003330303000033300000000000000000000000330030303330333000033300000000000000000003330303033303300333003003330000333

0x000ab758
00000000000000000000000000000000000000000000000000000000000000000000000000000000000000000000000000000000000000000000000000000000
00000000000330000000133300000000033300000000000000033300000000333000000000000333000000000003330000000003000000000000003330000000
00000000003330000000333330000000333000000000000003333330000003330000000000033333300000000033300000000033000000000000033333000000
00001011333330000000133333101003330000033000000033300333001033301000330010333003330010000333000013300033300000000000003333300000
01000003333330000000100333000033300101333000000033000333000333000003330000330003330000013330000033300033300000000000000033300000
10101033333300000033101333301333001010333010101330001333003330101013330013301013330010133300101033300033300010000013301033331010
01010333033300000033010133311330110103330101010330010333013301110133300103300103330101033001010333010333010000010103300003330101
10101330133300000333011133301330111013330010103301113333013301111133301033001033330010133010101333011333001310101033301013330011
01011001133300000333011133301333011133301111011011113330113330111333010100110133301101033301113330111333010331010133300103330111
10111111333300000333011133301133331333011111111111133301111333313330111111111333011111113333133301111333011330111033301013330111
11111111333300003330111133301113333333011111111111133301111133333330111111111333011111111333333301111333011330111333011113330111
11111111333010003330111133301111333330111111111111333011111113333301111111113330111111111133333011111333011330111333011113330111
11111111333000003330111133301111113333111111111111333011111111133331111111113330111111111111333311111333013330111333011113330111
11111111333000003330111133301111133333311111111113330111111111333333111111133301111111111113333331113330113333331333011113330111
11111111333000003330111133301111133333331111111113330111111111333333311111133301111111111113333333113330333333301333011113330111
11111113333000003330111133301111333013333111111133301111111113330133331111333011111111111133301333313333333330011333011113330111
11111113333000003330111133301113330111333111111133301113111133301113331111333011131111111333011133313333333301111333011113330111
11111113330110003330111133301113330111333111111333011133311133301113331113330111333111111333011133311333003301110333011113330111
11111113330110003330111133301133301111333111111333011333311333011113331113330113333111113330110133300000113301110333011113330111
11101113330110003330011133301133301113330111113330133333011333011133301133301333330111113330110333000011133301110333011113330111
11100113330110003330010333301333011113330111113330333330113330111133301133303333301111133301110333000001133301110333011133330111
11100133330100003333011333011333011133301133133333333001113330111333011333333330011133133301103330000000133011110333301133301101
11011133330100001333333333010333301333301133033333330111113333013333011333333301111133033330133330000000133011110033333333301000
10000133300100000333333330000333333333011133033333300011113333333330111333333011111133033333333300000000033001000033333333010000
10000003300000000033333300000033333330111003033330000001000333333300000333300011111003003333333000000000033000000003333330000000
01000000000000000000000000000000000000000030000000000000000000000000000000000000000030000000000000000000000000000000000000000000
00000000000000000000000000000000000000000000000000000000000000000000000000000000000000000000000000000000000000000000000000000000
33303000333030303330330000003000000000000000000000000330033303000300000003000000000000000000003330330033303300333033303330000333
30303000303030303000303000033000000000000000000000000303030303000300000033000000000000000000003000303030003030030003003000000303
33303000333003003300330000003000000000000000000000000330033303000300000003000000000000000000003000330033003030030003003330000333
30003000303003003000303000003000000000000000000000000303030303000300000003000000000000000000003000303030003030030003000030000003
30003330303003003330303000033300000000000000000000000330030303330333000033300000000000000000003330303033303300333003003330000333

0x000ab804
00000000000000000000000000000000000000000000000000000000000000000000000000000000000000000000000000000000000000000000000000000000
00000100000330000000033300000000033300000000000033333300000000333000000000000333000000000003330000000000003333300000003330000000
00000000003330000100333330000000333000000000003333333330000003330000000000033333300000000033300000000003333333330000033333000000
00001011333330000000133333101003330000033000033330003330001033301000330010333003330010000333000013300333333333000000003333300000
01000013333330000100000333000033300101333000003300003330000333000003330000330003330000013330000033300333330000000000000033300000
10101033333300001033101333301333001010333010101000033300103330101013330013301013330010133300101033300333000010000013301033331010
01010333033300001133010133311330110103330101010101333011113301110133300103300103330101033001010333010330010000010103300003330101
10101330033300001333011133301330111013330010101113330111113301111133301033001033330010133010101333013330101010101033301013330011
01011001033300001333011133301333011133301111011133303333113330111333010100110133301101033301113330113330113333310133300103330111
10111111333300011333011133301133331333011111111333333333311333313330111111111333011111113333133301113301333333331033301013330111
11111111333300013330111133301113333333011111113333333333311133333330111111111333011111111333333301113333333333331333011113330111
11111111333000013330111133301111333330111111133333000033311113333301111111113330111111111133333011113333330003331333011113330111
11111111333000013330111133301111113333111111133000111133311111133331111111113330111111111111333311113330001113331333011113330111
11111111333000013330111133301111133333311111100111111333311111333333111111133301111111111113333331113001111133331333011113330111
11111111333000113330111133301111133333331111111111113333011111333333311111133301111111111113333333110111111333301333011113330111
11111103333000113330111133301111333013333111111111133333011113330133331111333011111111111133301333311111113333301333011113330111
11111113333000113330111133301113330111333111111111333330111133301113331111333011131111111333011133311111133333011333011113330111
11111113330000113330111133301113330111333111111111333301111133301113331113330111333111111333011133311111133330110333011113330111
11101113330000113330111133301133301111333111111113333011111333011113331113330113333111113330110133300111333301110333011113330111
11101103330001113330111133301133301113330111111133330111111333011133301133301333330111113330110333000013333011110333011113330111
11111113330001013330111333301333011113330111111333301111113330111133301133303333301111133301110333000033330111110333011133330111
10111133330101113333011333011333011133301133111333011111113330111333011333333330011133133301103330000033301111110333301133301101
11011033330001110333333333010333301333301133013333011111113333013333011333333301111133033330133330000333301111110033333333301000
10000133300001100333333330000333333333011133033330100011113333333330111333333011111133033333333300003333000001000033333333010000
10000103300011000033333300000033333330111003033300000001000333333300000333300011111003003333333000003330000000000003333330000000
00000000000000000000000000000000000000000030000000000000000000000000000000000000000030000000000000000000000000000000000000000000
00000000000000000000000000000000000000000000000000000000000000000000000000000000000000000000000000000000000000000000000000000000
33303000333030303330330000003000000000000000000000000330033303000300000003000000000000000000003330330033303300333033303330000333
30303000303030303000303000033000000000000000000000000303030303000300000033000000000000000000003000303030003030030003003000000303
33303000333003003300330000003000000000000000000000000330033303000300000003000000000000000000003000330033003030030003003330000333
30003000303003003000303000003000000000000000000000000303030303000300000003000000000000000000003000303030003030030003000030000003
30003330303003003330303000033300000000000000000000000330030303330333000033300000000000000000003330303033303300333003003330000333

0x000ab8b0
00000000000000000000000000000000000000000000000000000000000000000000000000000000000000000000000000000000000000000000000000000000
00000000000330100000033300000000033300000000000033333300000000333000000000000333000000000003330000000000003333300000003330000000
00100000003330100000333330000000333000000000003333333330000003330000000000033333300000000033300000000003333333330000033333000000
00000010333330010000133333101003330000033000033330003330001033301000330010333003330010000333000013300333333333000000003333300000
01010003333330010000000333000033300101333000003300003330000333000003330000330003330000013330000033300333330000000000000033300000
10101033333300101033101333301333001010333010101000033300103330101013330013301013330010133300101033300333000010000013301033331010
01011333033300110133010133311330110103330101010101333011113301110133300103300103330101033001010333010330010000010103300003330101
10111330033300111333011133301330111013330010101113330111113301111133301033001033330010133010101333013330101010101033301013330011
01011000033300111333011133301333011133301111011133303333113330111333010100110133301101033301113330113330113333310133300103330111
10111000333301111333011133301133331333011111111333333333311333313330111111111333011111113333133301113301333333331033301013330111
11111000333301113330111133301113333333011111113333333333311133333330111111111333011111111333333301113333333333331333011113330111
10111100333001113330111133301111333330111111133333000033311113333301111111113330111111111133333011113333330003331333011113330111
11111100333001113330111133301111113333111111133000111133311111133331111111113330111111111111333311113330001113331333011113330111
11111100333001113330111133301111133333311111100111111333311111333333111111133301111111111113333331113001111133331333011113330111
11111100333011113330111133301111133333331111111111113333011111333333311111133301111111111113333333110111111333301333011113330111
11111103333011113330111133301111333013333111111111133333011113330133331111333011111111111133301333311111113333301333011113330111
11101103333011103330111133301113330111333111111111333330111133301113331111333011131111111333011133311111133333011333011113330111
11111103330111113330111133301113330111333111111111333301111133301113331113330111333111111333011133311111133330110333011113330111
11111103330111113330111133301133301111333111111113333011111333011113331113330113333111113330110133300111333301110333011113330111
11111103330111113330111133301133301113330111111133330111111333011133301133301333330111113330110333000013333011110333011113330111
11111103330101103330111333301333011113330111111333301111113330111133301133303333301111133301110333000033330111110333011133330111
11101133330111113333011333011333011133301133111333011111113330111333011333333330011133133301103330000033301111110333301133301101
11011133330111111333333333010333301333301133013333011111113333013333011333333301111133033330133330000333301111110033333333301000
12000133300111000333333330000333333333011133033330100011113333333330111333333011111133033333333300003333000001000033333333010000
00001003300011000033333300000033333330111003033300000001000333333300000333300011111003003333333000003330000000000003333330000000
00000000000000000000000000000000000000000030000000000000000000000000000000000000000030000000000000000000000000000000000000000000
00000000000000000000000000000000000000000000000000000000000000000000000000000000000000000000000000000000000000000000000000000000
33303000333030303330330000003000000000000000000000000330033303000300000003000000000000000000003330330033303300333033303330000333
30303000303030303000303000033000000000000000000000000303030303000300000033000000000000000000003000303030003030030003003000000303
33303000333003003300330000003000000000000000000000000330033303000300000003000000000000000000003000330033003030030003003330000333
30003000303003003000303000003000000000000000000000000303030303000300000003000000000000000000003000303030003030030003000030000003
30003330303003003330303000033300000000000000000000000330030303330333000033300000000000000000003330303033303300333003003330000333

0x000ab95c
00000000000000000000000000000000000000000000000000000000000000000000000000000000000000000000000000000000000000000000000000000000
00000000000330000000033300000000033300000000000033333300000000333000000000000333000000000003330000000000003333300000003330000000
00000000003330000000333330000000333000000000003333333330000003330000000000033333300000000033300000000003333333330000033333000000
00000000333330000000133333101003330000033000033330003330001033301000330010333003330010000333000013300333333333000000003333300000
00000003333330010000000333000033300101333000003300003330000333000003330000330003330000013330000033300333330000000000000033300000
10000033333300101033101333301333001010333010101000033300103330101013330013301013330010133300101033300333000010000013301033331010
11000333033301010133010133311330110103330101010101333011113301110133300103300103330101033001010333010330010000010103300003330101
10000330033300111333011133301330111013330010101113330111113301111133301033001033330010133010101333013330101010101033301013330011
01000000033301111333011133301333011133301111011133303333113330111333010100110133301101033301113330113330113333310133300103330111
11100000333301111333011133301133331333011111111333333333311333313330111111111333011111113333133301113301333333331033301013330111
11100000333301113330111133301113333333011111113333333333311133333330111111111333011111111333333301113333333333331333011113330111
11110000333011113330111133301111333330111111133333000033311113333301111111113330111111111133333011113333330003331333011113330111
10110001333011113330111133301111113333111111133000111133311111133331111111113330111111111111333311113330001113331333011113330111
11110000333011113330111133301111133333311111100111111333311111333333111111133301111111111113333331113001111133331333011113330111
11110000333011113330111133301111133333331111111111113333011111333333311111133301111111111113333333110111111333301333011113330111
11110003333011113330111133301111333013333111111111133333011113330133331111333011111111111133301333311111113333301333011113330111
11110003333011113330111133301113330111333111111111333330111133301113331111333011131111111333011133311111133333011333011113330111
11110003330111113330111133301113330111333111111111333301111133301113331113330111333111111333011133311111133330110333011113330111
11110003330111113330111133301133301111333111111113333011111333011113331113330113333111113330110133300111333301110333011113330111
11110003330111113330111133301133301113330111111133330111111333011133301133301333330111113330110333000013333011110333011113330111
12100003330110113330111333301333011113330111111333301111113330111133301133303333301111133301110333000033330111110333011133330111
11100033330111113333011333011333011133301133111333011111113330111333011333333330011133133301103330000033301111110333301133301101
11000033330111111333333333010333301333301133013333011111113333013333011333333301111133033330133330000333301111110033333333301000
10000033300011100333333330000333333333011133033330100011113333333330111333333011111133033333333300003333000001000033333333010000
10000003300211000033333300000033333330111003033300000001000333333300000333300011111003003333333000003330000000000003333330000000
20000000000000000000000000000000000000000030000000000000000000000000000000000000000030000000000000000000000000000000000000000000
00000000000000000000000000000000000000000000000000000000000000000000000000000000000000000000000000000000000000000000000000000000
33303000333030303330330000003000000000000000000000000330033303000300000003000000000000000000003330330033303300333033303330000333
30303000303030303000303000033000000000000000000000000303030303000300000033000000000000000000003000303030003030030003003000000303
33303000333003003300330000003000000000000000000000000330033303000300000003000000000000000000003000330033003030030003003330000333
30003000303003003000303000003000000000000000000000000303030303000300000003000000000000000000003000303030003030030003000030000003
30003330303003003330303000033300000000000000000000000330030303330333000033300000000000000000003330303033303300333003003330000333

0x000ab9f8
00000000000000000000000000000000000000000000000000000000000000000000000000000000000000000000000000000000000000000000000000000000
00000000000330000000033300000000033300000000000033333300000000333000000000000333000000000003330000000000003333300000003330000000
00000000103330000000333330000000333000000000003333333330000003330000000000033333300000000033300000000003333333330000033333000000
00000000333330000000133333101003330000033000033330003330001033301000330010333003330010000333000013300333333333000000003333300000
00000003333330010000000333000033300101333000003300003330000333000003330000330003330000013330000033300333330000000000000033300000
00000033333300101033101333301333001010333010101000033300103330101013330013301013330010133300101033300333000010000013301033331010
00000333033301010133010133311330110103330101010101333011113301110133300103300103330101033001010333010330010000010103300003330101
00001330133300111333011133301330111013330010101113330111113301111133301033001033330010133010101333013330101010101033301013330011
10000000033301111333011133301333011133301111011133303333113330111333010100110133301101033301113330113330113333310133300103330111
10000000333301111333011133301133331333011111111333333333311333313330111111111333011111113333133301113301333333331033301013330111
10000000333301113330111133301113333333011111113333333333311133333330111111111333011111111333333301113333333333331333011113330111
11000000333011113330111133301111333330111111133333000033311113333301111111113330111111111133333011113333330003331333011113330111
11000000333011113330111133301111113333111111133000111133311111133331111111113330111111111111333311113330001113331333011113330111
11000000333011113330111133301111133333311111100111111333311111333333111111133301111111111113333331113001111133331333011113330111
11000000333011113330111133301111133333331111111111113333011111333333311111133301111111111113333333110111111333301333011113330111
11000003333011113330111133301111333013333111111111133333011113330133331111333011111111111133301333311111113333301333011113330111
11000003333011113330111133301113330111333111111111333330111133301113331111333011131111111333011133311111133333011333011113330111
10000003330111113330111133301113330111333111111111333301111133301113331113330111333111111333011133311111133330110333011113330111
10000003330111113330111133301133301111333111111113333011111333011113331113330113333111113330110133300111333301110333011113330111
10000013330111113330111133301133301113330111111133330111111333011133301133301333330111113330110333000013333011110333011113330111
10000013330111113330111333301333011113330111111333301111113330111133301133303333301111133301110333000033330111110333011133330111
00000133330111113333011333011333011133301133111333011111113330111333011333333330011133133301103330000033301111110333301133301101
00001133330111111333333333010333301333301133013333011111113333013333011333333301111133033330133330000333301111110033333333301000
00000133300111100333333330000333333333011133033330100011113333333330111333333011111133033333333300003333000001000033333333010000
00000203300011000033333300000033333330111003033300000001000333333300000333300011111003003333333000003330000000000003333330000000
00020000000000000000000000000000000000000030000000000000000000000000000000000000000030000000000000000000000000000000000000000000
00000000000000000000000000000000000000000000000000000000000000000000000000000000000000000000000000000000000000000000000000000000
33303000333030303330330000003000000000000000000000000330033303000300000003000000000000000000003330330033303300333033303330000333
30303000303030303000303000033000000000000000000000000303030303000300000033000000000000000000003000303030003030030003003000000303
33303000333003003300330000003000000000000000000000000330033303000300000003000000000000000000003000330033003030030003003330000333
30003000303003003000303000003000000000000000000000000303030303000300000003000000000000000000003000303030003030030003000030000003
30003330303003003330303000033300000000000000000000000330030303330333000033300000000000000000003330303033303300333003003330000333

0x000abaa4
00000000000000000000000000000000000000000000000000000000000000000000000000000000000000000000000000000000000000000000000000000000
00000000000330000000033300000000033300000000000030000000000003333330000000300000000000000000000330000000000300000000003330000000
00001000003330000000333330000000333000000000000330000000000333333333000003300000000000000000003330000000003330000000033333000000
00001010333330000000133333101003330000033000000333000000003333000333000013330010000010000000333330100000033300000000003333300000
00000103333330010000000333000033300101333000000333000101000330000333000003330000010000010003333330000000033300000000000033300000
00001133333300101033101333301333001010333010101333001010101000103330100013330010101010101033333300100000333010000013301033331010
00000333033301010133010133311330110103330101013330010111111111133301010133300101010101010333033301010101333000010103300003330101
00000330133300111333011133301330111013330010103330113111111111333010101033301030101010101330133300111013330010101033301013330011
00000001133301111333011133301333011133301111013330113311111113330333310133300133011101011001133301111113330101010133300103330111
00000111333301111333011133301133331333011111113330113301111133333333331133301133011111111111333301111133301111111033301013330111
00000111333301113330111133301113333333011111113330113301111333333333331133301133011111111111333301111133301111111333011113330111
00000111333011113330111133301111333330111111113330113301113333300003331133301133011111111111333011111333011133311333011113330111
00000111333011113330111133301111113333111111113330133301113300011113331133301333011111111111333011111333011333331333011113330111
00000111333011113330111133301111133333311111133301133333310011111133331333011333333111111111333011111333013333331333011113330111
00001111333011113330111133301111133333331111133303333333011111111333301333033333330111111111333011113330133333331333011113330111
00001113333011113330111133301111333013333111133333333300111111113333301333333333001111111113333011113330133303331333011113330111
00011113333011113330111133301113330111333111133333333011111111133333011333333330111111111113333011113330333013331333011113330111
00011113330111113330111133301113330111333111113330033011111111133330111133300330111111111113330111113330130113330333011113330111
00111113330111113330111133301133301111333111110001133011111111333301111100011330111111111113330100003330111113330333011113330111
00111113330111113330111133301133301113330111111111333011111113333011111111113330111111111113330000003330111133300333011113330111
01111113330111113330111333301333011113330111111111333011111133330111111111113330111111111113330000003330111133300333011133330111
01111133330111113333011333011333011133301133111111330111111133301111111111113301111133111133330000003333011333010333301133301101
11011133330111111333333333010333301333301133011111330111111333301111111110013301111133011133330000000333333333010033333333301000
10000133300111100333333330000333333333011133011111330011113333011100111000003301111133011133300000000333333330000033333333010000
12002003300011000033333300000033333330111003000110330001003330100000000000003301111003000003300000000033333000000003333330000000
00020000000000000000000000000000000000000030000000000000000000000000000000000000000030000000000000000000000000000000000000000000
00000000000000000000000000000000000000000000000000000000000000000000000000000000000000000000000000000000000000000000000000000000
33303000333030303330330000003000000000000000000000000330033303000300000003000000000000000000003330330033303300333033303330000333
30303000303030303000303000033000000000000000000000000303030303000300000033000000000000000000003000303030003030030003003000000303
33303000333003003300330000003000000000000000000000000330033303000300000003000000000000000000003000330033003030030003003330000333
30003000303003003000303000003000000000000000000000000303030303000300000003000000000000000000003000303030003030030003000030000003
30003330303003003330303000033300000000000000000000000330030303330333000033300000000000000000003330303033303300333003003330000333

0x000abb40
00000000000000000000000000000000000000000000000000000000000000000000000000000000000000000000000000000000000000000000000000000000
01000000000330000000033300000000033300000000000030000000000000333000000000000333330000000030000000000000000033000000003330000000
01000000003330000000333330000000333000000000000330000000000003330000000000333333333000000330000000000000033333300000033333000000
00001010333330000000133333101003330000033000000333000000001033301000330033333333300010000333000010100003333333330000003333300000
01000003333330010000000333000033300101333000000333000101000333000003330033333000010000010333000000000333333003330000000033300000
00101033333300101033101333301333001010333010101333001010103330101013330033300010101010101333001010103333300033300013301033331010
01110333033301010133010133311330110103330101013330010111113301110133300133000101010101013330010101010330010033300103300003330101
00101330133300111333011133301330111013330010103330113111113301111133301333001010101010103330103010111000101033301033301013330011
01011001133301111333011133301333011133301111013330113311113330111333010333010333331101013330113311111111110333010133300103330111
00111111333301111333011133301133331333011111113330113301111333313330111330133333333111113330113301111111111333011033301013330111
01111111333301113330111133301113333333011111113330113301111133333330111333333333333111113330113301111111111333301333011113330111
01111111333011113330111133301111333330111111113330113301111113333301111333333000333111113330113301111111133333301333011113330111
01111111333011113330111133301111113333111111113330133301111111133331111333000111333111113330133301111113333333011333011113330111
01111111333011113330111133301111133333311111133301133333311111333333111300111113333111133301133333311133333330111333011113330111
11111111333011113330111133301111133333331111133303333333011111333333311011111133330111133303333333011133003330111333011113330111
11111113333011113330111133301111333013333111133333333300111113330133331111111333330111133333333300111110133330111333011113330111
11111113333011113330111133301113330111333111133333333011111133301113331111113333301111133333333011111111133330111333011113330111
11111113330111113330111133301113330111333111113330033011111133301113331111113333011111113330033011111111333301110333011113330111
11111113330111113330111133301133301111333111110001133011111333011113331111133330111111110001133000000111333301110333011113330111
10111113330111113330111133301133301113330111111111333011111333011133301111333301111111111111333000000011333301110333011113330111
11111113330111113330111333301333011113330111111111333011113330111133301113333011111111111111333000000003333011110333011133330111
11111133330111113333011333011333011133301133111111330111113330111333011113330111111133111111330000000003333011110333301133301101
11011133330111111333333333010333301333301133011111330111113333013333011133330111111133011111330000000003333011110033333333301000
00000133300111100333333330000333333333011133011111330011113333333330111333300111111133011110330000000033330001000033333333010000
10000003300011000033333300000033333330111003000110330001000333333300000333000011111003000000330000000033330000000003333330000000
00200000000000000000000000000000000000000030000000000000000000000000000000000000000030000000000000000003000000000000000000000000
00000000000000000000000000000000000000000000000000000000000000000000000000000000000000000000000000000000000000000000000000000000
33303000333030303330330000003000000000000000000000000330033303000300000003000000000000000000003330330033303300333033303330000333
30303000303030303000303000033000000000000000000000000303030303000300000033000000000000000000003000303030003030030003003000000303
33303000333003003300330000003000000000000000000000000330033303000300000003000000000000000000003000330033003030030003003330000333
30003000303003003000303000003000000000000000000000000303030303000300000003000000000000000000003000303030003030030003000030000003
30003330303003003330303000033300000000000000000000000330030303330333000033300000000000000000003330303033303300333003003330000333

0x000abbdd
00000000000000000000000000000000000000000000000000000000000000000000000000000000000000000000000000000000000000000000000000000000
00000000000330000000033300000000033300000000000030000000000000333000000000000333330000000030000000000000000033000000003330000000
00000000003330000000333330000000333000000000000330000000000003330000000000333333333000000330000000000000033333300000033333000000
00001010333330000000133333101003330000033000000333000000001033301000330033333333300010000333000010100003333333330000003333300000
01000003333330010000000333000033300101333000000333000101000333000003330033333000010000010333000000000333333003330000000033300000
10101033333300101033101333301333001010333010101333001010103330101013330033300010101010101333001010103333300033300013301033331010
01010333033301010133010133311330110103330101013330010111113301110133300133000101010101013330010101010330010033300103300003330101
10101330133300111333011133301330111013330010103330113111113301111133301333001010101010103330103010111000101033301033301013330011
01011001133301111333011133301333011133301111013330113311113330111333010333010333331101013330113311111111110333010133300103330111
10111111333301111333011133301133331333011111113330113301111333313330111330133333333111113330113301111111111333011033301013330111
11111111333301113330111133301113333333011111113330113301111133333330111333333333333111113330113301111111111333301333011113330111
11111111333011113330111133301111333330111111113330113301111113333301111333333000333111113330113301111111133333301333011113330111
11111111333011113330111133301111113333111111113330133301111111133331111333000111333111113330133301111113333333011333011113330111
11111111333011113330111133301111133333311111133301133333311111333333111300111113333111133301133333311133333330111333011113330111
11111111333011113330111133301111133333331111133303333333011111333333311011111133330111133303333333011133003330111333011113330111
11111113333011113330111133301111333013333111133333333300111113330133331111111333330111133333333300111110133330111333011113330111
11111113333011113330111133301113330111333111133333333011111133301113331111113333301111133333333011111111133330111333011113330111
11111113330111113330111133301113330111333111113330033011111133301113331111113333011111113330033011111111333301110333011113330111
11111113330111113330111133301133301111333111110001133011111333011113331111133330111111110001133000000111333301110333011113330111
11111113330111113330111133301133301113330111111111333011111333011133301111333301111111111111333000000011333301110333011113330111
11111113330111113330111333301333011113330111111111333011113330111133301113333011111111111111333000000003333011110333011133330111
11111133330111113333011333011333011133301133111111330111113330111333011113330111111133111111330000000003333011110333301133301101
11011133330111111333333333010333301333301133011111330111113333013333011133330111111133011111330000000003333011110033333333301000
10000133300111100333333330000333333333011133011111330011113333333330111333300111111133011110330000000033330001000033333333010000
10000003300011000033333300000033333330111003000110330001000333333300000333000011111003000000330000000033330000000003333330000000
00000000000000000000000000000000000000000030000000000000000000000000000000000000000030000000000000000003000000000000000000000000
00000000000000000000000000000000000000000000000000000000000000000000000000000000000000000000000000000000000000000000000000000000
33303000333030303330330000003000000000000000000000000330033303000300000003000000000000000000003330330033303300333033303330000333
30303000303030303000303000033000000000000000000000000303030303000300000033000000000000000000003000303030003030030003003000000303
33303000333003003300330000003000000000000000000000000330033303000300000003000000000000000000003000330033003030030003003330000333
30003000303003003000303000003000000000000000000000000303030303000300000003000000000000000000003000303030003030030003000030000003
30003330303003003330303000033300000000000000000000000330030303330333000033300000000000000000003330303033303300333003003330000333

0x000abc79
00000000000000000000000000000000000000000000000000000000000000000000000000000000000000000000000000000000000000000000000000000000
00000000000330000000033300000000033300000000000000000330000003333330000000000030000000000000000330000000333000000000003330000000
00000000003330000000333330000000333000000000000000333333000333333333000000000333000000000000333333000003330000000000033333000000
00001010333330000000133333101003330000033000000033333333303333000333000010103330000010000033333333300033300000330000003333300000
01000003333330010000000333000033300101333000003333330033300330000333000000003330010000013333330033300333000003330000000033300000
10101033333300101033101333301333001010333010133333001333001000103330100010133300101010133333001333003330100013330013301033331010
01010333033301010133010133311330110103330101003300010333011111133301010101033301010101003300010333013301010033300103300003330101
10101330133300111333011133301330111013330010100011111333011111333010101010333010101010100010101333013300101033301033301013330011
01011001133301111333011133301333011133301111011111113330111113330333310101333001011101011111113330113330110333010133300103330111
10111111333301111333011133301133331333011111111111113330111133333333331113330111111111111111113330111333313330111033301013330111
11111111333301113330111133301113333333011111111111113333011333333333331113330111111111111111113333011133333330111333011113330111
11111111333011113330111133301111333330111111111111333333013333300003331133301113331111111111333333011113333301111333011113330111
11111111333011113330111133301111113333111111111133333330113300011113331133301133333111111133333330111111133331111333011113330111
11111111333011113330111133301111133333311111111333333301110011111133331133301333333111111333333301111111333333111333011113330111
11111111333011113330111133301111133333331111111330033301111111111333301333013333333111111330033301111111333333311333011113330111
11111113333011113330111133301111333013333111111101333301111111113333301333013330333111111101333301111113330133331333011113330111
11111113333011113330111133301113330111333111111111333301111111133333011333033301333111111111333301111133301113331333011113330111
11111113330111113330111133301113330111333111111113333011111111133330111333013011333111111113333011111133301113330333011113330111
11111113330111113330111133301133301111333111111113333011111111333301111333011111333111111113333000000333011113330333011113330111
11111113330111113330111133301133301113330111111113333011111113333011111333011113330111111113333000000333011133300333011113330111
11111113330111113330111333301333011113330111111133330111111133330111111333011113330111111133330000003330111133300333011133330111
11111133330111113333011333011333011133301133111133330111111133301111111333301133301133111133330000003330111333010333301133301101
11011133330111111333333333010333301333301133011133330111111333301111111133333333301133011133330000003333013333010033333333301000
10000133300111100333333330000333333333011133011333300011113333011100111033333333011133011333300000003333333330000033333333010000
10000003300011000033333300000033333330111003000333300001003330100000000003333300111003000333300000000333333300000003333330000000
00000000000000000000000000000000000000000030000030000000000000000000000000000000000030000030000000000000000000000000000000000000
00000000000000000000000000000000000000000000000000000000000000000000000000000000000000000000000000000000000000000000000000000000
33303000333030303330330000003000000000000000000000000330033303000300000003000000000000000000003330330033303300333033303330000333
30303000303030303000303000033000000000000000000000000303030303000300000033000000000000000000003000303030003030030003003000000303
33303000333003003300330000003000000000000000000000000330033303000300000003000000000000000000003000330033003030030003003330000333
30003000303003003000303000003000000000000000000000000303030303000300000003000000000000000000003000303030003030030003000030000003
30003330303003003330303000033300000000000000000000000330030303330333000033300000000000000000003330303033303300333003003330000333

0x000abeda
00000000000000000000000000000000000000000000000000000000000000000000000000000000000000000000000000000000000000000000000000000000
00000000000330000000033300000000033300000000000000000330000000333000000000033300000000000000333000000000000300000000003330000000
00000000003330000000333330000000333000000000000000333333000003330000000000333000000000000003333300000000033330000000033333000000
00001010333330000000133333101003330000033000000033333333301033301000330013330010033010000000333330100003333300000000003333300000
01000003333330010000000333000033300101333000003333330033300333000003330033300000333000010001003330000033333000300000000033300000
10101033333300101033101333301333001010333010133333001333003330101013330333001010333010101330103333100333300013330013301033331010
01010333033301010133010133311330110103330101003300010333013301110133300330000103330101010330010333010333010033330103300003330101
10101330133300111333011133301330111013330010100011111333013301111133301330101013330010103330101333013330101333301033301013330011
01011001133301111333011133301333011133301111011111113330113330111333010333010133301101013330111333013301113333300133300103330111
10111111333301111333011133301133331333011111111111113330111333313330111133331333011111113330111333013301133333301033301013330111
11111111333301113330111133301113333333011111111111113333011133333330111113333333011111133301111333013301333033011333011113330111
11111111333011113330111133301111333330111111111111333333011113333301111111333330111111133301111333013333330333011333011113330111
11111111333011113330111133301111113333111111111133333330111111133331111111113333111111133301111333011333301333011333011113330111
11111111333011113330111133301111133333311111111333333301111111333333111111133333311111133301111333011033011333011333011113330111
11111111333011113330111133301111133333331111111330033301111111333333311111133333331111133301111333011100111330111333011113330111
11111113333011113330111133301111333013333111111101333301111113330133331111333013333111133301111333011111113330111333011113330111
11111113333011113330111133301113330111333111111111333301111133301113331113330111333111133301111333011111113330111333011113330111
11111113330111113330111133301113330111333111111113333011111133301113331113330111333111133301111333011111113330110333011113330111
11111113330111113330111133301133301111333111111113333011111333011113331133301111333111133301110333000111113301110333011113330111
11111113330111113330111133301133301113330111111113333011111333011133301133301113330111133301110333000011133301110333011113330111
11111113330111113330111333301333011113330111111133330111113330111133301333011113330111133301113333000001133301110333011133330111
11111133330111113333011333011333011133301133111133330111113330111333011333011133301133133330103330000000133301110333301133301101
11011133330111111333333333010333301333301133011133330111113333013333011333301333301133013333333330000000333011110033333333301000
10000133300111100333333330000333333333011133011333300011113333333330111333333333011133013333333300000000333001000033333333010000
10000003300011000033333300000033333330111003000333300001000333333300000033333330111003000333333000000000033000000003333330000000
00000000000000000000000000000000000000000030000030000000000000000000000000000000000030000000000000000000000000000000000000000000
00000000000000000000000000000000000000000000000000000000000000000000000000000000000000000000000000000000000000000000000000000000
33303000333030303330330000003000000000000000000000000330033303000300000003000000000000000000003330330033303300333033303330000333
30303000303030303000303000033000000000000000000000000303030303000300000033000000000000000000003000303030003030030003003000000303
33303000333003003300330000003000000000000000000000000330033303000300000003000000000000000000003000330033003030030003003330000333
30003000303003003000303000003000000000000000000000000303030303000300000003000000000000000000003000303030003030030003000030000003
30003330303003003330303000033300000000000000000000000330030303330333000033300000000000000000003330303033303300333003003330000333

0x000abf77
00000000000000000000000000000000000000000000000000000000000000000000000000000000000000000000000000000000000000000000000000000000
00000000000330000000033300000000033300000000000003330000000003333330000000000030000000000030000000000000033300000000003330000000
00000000003330000000333330000000333000000000000033300000000333333333000000003333000000000330000000000000333330000000033333000000
00001010333330000000133333101003330000033000000333000003303333000333000010333330000010000333000010100000033333000000003333300000
01000003333330010000000333000033300101333000003330000133300330000333000003333300030000010333000000000000000333000000000033300000
10101033333300101033101333301333001010333010133300001033301000103330100033330010333010101333001010100033100333300013301033331010
01010333033301010133010133311330110103330101033001010333011111133301010133300103333101013330010101010133010033310103300003330101
10101330133300111333011133301330111013330010133011111333011111333010101333001033330010103330103010111333001033301033301013330011
01011001133301111333011133301333011133301111033301113330111113330333310330110333330101013330113311111333010133300133300103330111
10111111333301111333011133301133331333011111113333133301111133333333331330113333330111113330113301111333011133301033301013330111
11111111333301113330111133301113333333011111111333333301111333333333331330133303301111113330113301113330111133301333011113330111
11111111333011113330111133301111333330111111111133333011113333300003331333333033301111113330113301113330111133301333011113330111
11111111333011113330111133301111113333111111111111333311113300011113331133330133301111113330133301113330111133301333011113330111
11111111333011113330111133301111133333311111111113333331110011111133331103301133301111133301133333313330111133301333011113330111
11111111333011113330111133301111133333331111111113333333111111111333301110011133011111133303333333013330111133301333011113330111
11111113333011113330111133301111333013333111111133301333311111113333301111111333011111133333333300113330111133301333011113330111
11111113333011113330111133301113330111333111111333011133311111133333011111111333011111133333333011113330111133301333011113330111
11111113330111113330111133301113330111333111111333011133311111133330111111111333011111113330033011113330111133300333011113330111
11111113330111113330111133301133301111333111113330111133311111333301111111111330111111110001133000003330111133300333011113330111
11111113330111113330111133301133301113330111113330111333011113333011111111113330111111111111333000003330111133300333011113330111
11111113330111113330111333301333011113330111133301111333011133330111111111113330111111111111333000003330111333300333011133330111
11111133330111113333011333011333011133301133133301113330111133301111111111113330111133111111330000003333011333010333301133301101
11011133330111111333333333010333301333301133033330133330111333301111111110033301111133011111330000000333333333010033333333301000
10000133300111100333333330000333333333011133033333333301113333011100111000033301111133011110330000000333333330000033333333010000
10000003300011000033333300000033333330111003003333333001003330100000000000003301111003000000330000000033333300000003333330000000
00000000000000000000000000000000000000000030000000000000000000000000000000000000000030000000000000000000000000000000000000000000
00000000000000000000000000000000000000000000000000000000000000000000000000000000000000000000000000000000000000000000000000000000
33303000333030303330330000003000000000000000000000000330033303000300000003000000000000000000003330330033303300333033303330000333
30303000303030303000303000033000000000000000000000000303030303000300000033000000000000000000003000303030003030030003003000000303
33303000333003003300330000003000000000000000000000000330033303000300000003000000000000000000003000330033003030030003003330000333
30003000303003003000303000003000000000000000000000000303030303000300000003000000000000000000003000303030003030030003000030000003
30003330303003003330303000033300000000000000000000000330030303330333000033300000000000000000003330303033303300333003003330000333

0x000ac0af
00000000000000000000000000000000000000000000000000000000000000000000000000000000000000000000000000000000000000000000000000000000
00000000000330000000033300000000033300000000000003330000000000000300000000003330000000000000000330000000000033000000003330000000
00000000003330000000333330000000333000000000000033300000000000033330000000033333000000000000333333000000000333000000033333000000
00001010333330000000133333101003330000033000000333000003301013333300000010103333300010000033333333300000033333000000003333300000
01000003333330010000000333000033300101333000003330000133300033333001300000000033310000013333330033300000333333000000000033300000
10101033333300101033101333301333001010333010133300001033301333300013330013301033331010133333001333000003333330000013301033331010
01010333033301010133010133311330110103330101033001010333011333010133330103300103330101003300010333010133303330010103300003330101
10101330133300111333011133301330111013330010133011111333013330111333301033301013330010100010101333011033003330101033301013330011
01011001133301111333011133301333011133301111033301113330113301113333300133300103330101011111113330111100113330010133300103330111
10111111333301111333011133301133331333011111113333133301113301133333301133301113330111111111113330111111133330111033301013330111
11111111333301113330111133301113333333011111111333333301113301333033011333011113330111111111113333011111133330111333011113330111
11111111333011113330111133301111333330111111111133333011113333330333011333011113330111111111333333011111133301111333011113330111
11111111333011113330111133301111113333111111111111333311111333301333011333011113330111111133333330111111133301111333011113330111
11111111333011113330111133301111133333311111111113333331111033011333011333011113330111111333333301111111133301111333011113330111
11111111333011113330111133301111133333331111111113333333111100111330111333011113330111111330033301111111133301111333011113330111
11111113333011113330111133301111333013333111111133301333311111113330111333011113330111111101333301111111333301111333011113330111
11111113333011113330111133301113330111333111111333011133311111113330111333011113330111111111333301111111333301111333011113330111
11111113330111113330111133301113330111333111111333011133311111113330111333011113330111111113333011111111333011110333011113330111
11111113330111113330111133301133301111333111113330111133311111113301111333011113330111111113333000000111333011110333011113330111
11111113330111113330111133301133301113330111113330111333011111133301111333011113330111111113333000000011333011110333011113330110
11111113330111113330111333301333011113330111133301111333011111133301111333011133330111111133330000000001333011110333011133330111
11111133330111113333011333011333011133301133133301113330111111133301111333301133301133111133330000000003333011110333301133301101
11011133330111111333333333010333301333301133033330133330111111333011111133333333301133011133330000000003333011110033333333301000
10000133300111100333333330000333333333011133033333333301111101333000111033333333011133011333300000000003330001000033333333010000
10000003300011000033333300000033333330111003003333333001000000133000000003333330111003000333300000000000330000000003333330000000
00000000000000000000000000000000000000000030000000000000000000000000000000000000000030000030000000000000000000000000000000000000
00000000000000000000000000000000000000000000000000000000000000000000000000000000000000000000000000000000000000000000000000000000
33303000333030303330330000003000000000000000000000000330033303000300000003000000000000000000003330330033303300333033303330000333
30303000303030303000303000033000000000000000000000000303030303000300000033000000000000000000003000303030003030030003003000000303
33303000333003003300330000003000000000000000000000000330033303000300000003000000000000000000003000330033003030030003003330000333
30003000303003003000303000003000000000000000000000000303030303000300000003000000000000000000003000303030003030030003000030000003
30003330303003003330303000033300000000000000000000000330030303330333000033300000000000000000003330303033303300333003003330000333

0x000ac14b
00000000000000000000000000000000000000000000000000000000000000000000000000000000000000000000000000000000000000000000000000000000
00000000000330000000033300000000033300000000000003330000000000000300000000003330000000000000000330000000000033000000003330000000
00000000003330000000333330000000333000000000000033300000000000033330000000033333000000000000333333000000000333000000033333000000
00001010333330000000133333101003330000033000000333000003301013333300000010103333300010000033333333300000033333000000003333300000
01000003333330010000000333000033300101333000003330000133300033333001300000000033310000013333330033300000333333000000000033300000
10101033333300101033101333301333001010333010133300001033301333300013330013301033331010133333001333000003333330000013301033331010
01010333033301010133010133311330110103330101033001010333011333010133330103300103330101003300010333010133303330010103300003330101
10101330133300111333011133301330111013330010133011111333013330111333301033301013330010100010101333011033003330101033301013330011
01011001133301111333011133301333011133301111033301113330113301113333300133300103330101011111113330111100113330010133300103330111
10111111333301111333011133301133331333011111113333133301113301133333301133301113330111111111113330111111133330111033301013330111
11111111333301113330111133301113333333011111111333333301113301333033011333011113330111111111113333011111133330111333011113330111
11111111333011113330111133301111333330111111111133333011113333330333011333011113330111111111333333011111133301111333011113330111
11111111333011113330111133301111113333111111111111333311111333301333011333011113330111111133333330111111133301111333011113330111
11111111333011113330111133301111133333311111111113333331111033011333011333011113330111111333333301111111133301111333011113330111
11111111333011113330111133301111133333331111111113333333111100111330111333011113330111111330033301111111133301111333011113330111
11111113333011113330111133301111333013333111111133301333311111113330111333011113330111111101333301111111333301111333011113330111
11111113333011113330111133301113330111333111111333011133311111113330111333011113330111111111333301111111333301111333011113330111
11111113330111113330111133301113330111333111111333011133311111113330111333011113330111111113333011111111333011110333011113330101
11111113330111113330111133301133301111333111113330111133311111113301111333011113330111111113333000000111333011110333011113330111
11111113330111113330111133301133301113330111113330111333011111133301111333011113330111111113333000000011333011110333011113330111
11111113330111113330111333301333011113330111133301111333011111133301111333011133330111111133330000000001333011110333011133330101
11111133330111113333011333011333011133301133133301113330111111133301111333301133301133111133330000000003333011110333301133301101
11011133330111111333333333010333301333301133033330133330111111333011111133333333301133011133330000000003333011110033333333301000
10000133300111100333333330000333333333011133033333333301111101333000111033333333011133011333300000000003330001000033333333000000
10000003300011000033333300000033333330111003003333333001000000133000000003333330111003000333300000000000330000000003333330000000
00000000000000000000000000000000000000000030000000000000000000000000000000000000000030000030000000000000000000000000000000000000
00000000000000000000000000000000000000000000000000000000000000000000000000000000000000000000000000000000000000000000000000000000
33303000333030303330330000003000000000000000000000000330033303000300000003000000000000000000003330330033303300333033303330000333
30303000303030303000303000033000000000000000000000000303030303000300000033000000000000000000003000303030003030030003003000000303
33303000333003003300330000003000000000000000000000000330033303000300000003000000000000000000003000330033003030030003003330000333
30003000303003003000303000003000000000000000000000000303030303000300000003000000000000000000003000303030003030030003000030000003
30003330303003003330303000033300000000000000000000000330030303330333000033300000000000000000003330303033303300333003003330000333

0x000aefdd
00000000000000000000000000000000000000000000000000000000000000000000000000000000000000000000000000000000000000000000000000000000
00000000000330000000003330000000000030000000000000000330000003000000000000000333000000000000333000000000003330000000003330000000
00000000003330000000333333000000003333000000000000003330000033000000000000033333300000000003333300000000333333000000033333000000
00001010333330000003330033301000333330001000000000333330001033301000000010333003330010000000333330100003330033300000003333300000
01000003333330010003300033300003333301030000000003333330000033300001000000330003330000010001003330000003300033300000000033300000
10101033333300101033001033301033330010333010101033333300101033301010100013301013330010101330103333100033000033300013301033331010
01010333033301010133010133301133300103333101010333033301111333010101010103300103330101010330010333010133010033300103300003330101
10101330133300111330111333301333011033330010101330133301111333011310101033001033330010103330101333011330101333301033301013330011
01011001133301111101111333011330111333330111011001133301111333011331110100110133301101013330111333011101110333010133300103330111
10111111333301111111113330111330113333330111111111333301111333011330111111111333011111113330111333011111113330111033301013330111
11111111333301111111113330111330133303301111111111333301111333011330111111111333011111133301111333011111113330111333011113330111
11111111333011111111133301111333333033301111111111333011111333011330111111113330111111133301111333011111133301111333011113330111
11111111333011111111133301111133330133301111111111333011111333013330111111113330111111133301111333011111133301111333011113330111
11111111333011111111333011111103301133301111111111333011113330113333331111133301111111133301111333011111333011111333011113330111
11111111333011111111333011111110011133011111111111333011113330333333301111133301111111133301111333011111333011111333011113330111
11111113333011111113330111111111111333011111111113333011113333333330011111333011111111133301111333011113330111111333011113330111
11111113333011111113330111311111111333011111111113333011113333333301111111333011131111133301111333011113330111311333011113330111
11111113330111111133301113331111111333011111111113330111111333003301111113330111333111133301111333011133301113330333011113330111
11111113330111111133301133331111111330111111111113330111111000113301111113330113333111133301110333000133301133330333011113330111
11111113330111111333013333301111113330111111111113330111111111133301111133301333330111133301110333000333013333300333011113330111
11111113330111111333033333011111113330111111111113330111111111133301111133303333301111133301113333000333033333010333011133330111
11111133330111113333333300111111113330111133111133330111111111133011111333333330011133133330103330003333333300110333301133301101
11011133330111113333333011110111133301111133011133330111111111133011111333333301111133013333333330003333333011110033333333301000
10000133300111103333330111000001133301111133011133300011111101133000111333333011111133013333333300003333330001000033333333010000
10000003300011003333000000000000013301111003000103300001000000133000000333300011111003000333333000003333000000000003333330000000
00000000000000000000000000000000000000000030000000000000000000000000000000000000000030000000000000000000000000000000000000000000
00000000000000000000000000000000000000000000000000000000000000000000000000000000000000000000000000000000000000000000000000000000
33303000333030303330330000003000000000000000000000000330033303000300000003000000000000000000003330330033303300333033303330000333
30303000303030303000303000033000000000000000000000000303030303000300000033000000000000000000003000303030003030030003003000000303
33303000333003003300330000003000000000000000000000000330033303000300000003000000000000000000003000330033003030030003003330000333
30003000303003003000303000003000000000000000000000000303030303000300000003000000000000000000003000303030003030030003000030000003
30003330303003003330303000033300000000000000000000000330030303330333000033300000000000000000003330303033303300333003003330000333

0x000af1b2
00000000000000000000000000000000000000000000000000000000000000000000000000000000000000000000000000000000000000000000000000000000
00000000000330000000003330000000000030000000000000000330000003000000000000000333000000000000333000000000003330000000003330000000
10000000003330000000333333000000003333000000000000003330000033000000000000033333300000000003333300000000333333000000033333000000
10001010333330000003330033301000333330001000000000333330001033301000000010333003330010000000333330100003330033300000003333300000
11000003333330010003300033300003333301030000000003333330000033300001000000330003330000010001003330000003300033300000000033300000
10101033333300101033001033301033330010333010101033333300101033301010100013301013330010101330103333100033000033300013301033331010
01010333033301010133010133301133300103333101010333033301111333010101010103300103330101010330010333010133010033300103300003330101
10101330133300111330111333301333011033330010101330133301111333011310101033001033330010103330101333011330101333301033301013330011
11011001133301111101111333011330111333330111011001133301111333011331110100110133301101013330111333011101110333010133300103330111
10111111333301111111113330111330113333330111111111333301111333011330111111111333011111113330111333011111113330111033301013330111
11111111333301111111113330111330133303301111111111333301111333011330111111111333011111133301111333011111113330111333011113330111
11011111333011111111133301111333333033301111111111333011111333011330111111113330111111133301111333011111133301111333011113330111
10111111333011111111133301111133330133301111111111333011111333013330111111113330111111133301111333011111133301111333011113330111
11111111333011111111333011111103301133301111111111333011113330113333331111133301111111133301111333011111333011111333011113330111
11111111333011111111333011111110011133011111111111333011113330333333301111133301111111133301111333011111333011111333011113330111
11111113333011111113330111111111111333011111111113333011113333333330011111333011111111133301111333011113330111111333011113330111
11011113333011111113330111311111111333011111111113333011113333333301111111333011131111133301111333011113330111311333011113330111
11011113330111111133301113331111111333011111111113330111111333003301111113330111333111133301111333011133301113330333011113330111
11111113330111111133301133331111111330111111111113330111111000113301111113330113333111133301110333000133301133330333011113330111
11111113330111111333013333301111113330111111111113330111111111133301111133301333330111133301110333000333013333300333011113330111
11111113330111111333033333011111113330111111111113330111111111133301111133303333301111133301113333000333033333010333011133330111
11011133330111113333333300111111113330111133111133330111111111133011111333333330011133133330103330003333333300110333301133301101
01011133330111113333333011110111133301111133011133330111111111133011111333333301111133013333333330003333333011110033333333301000
11000133300111103333330111000001133301111133011133300011111101133000111333333011111133013333333300003333330001000033333333010000
00020003300011003333000000000000013301111003000103300001000000133000000333300011111003000333333000003333000000000003333330000000
00000000000000000000000000000000000000000030000000000000000000000000000000000000000030000000000000000000000000000000000000000000
00000000000000000000000000000000000000000000000000000000000000000000000000000000000000000000000000000000000000000000000000000000
33303000333030303330330000003000000000000000000000000330033303000300000003000000000000000000003330330033303300333033303330000333
30303000303030303000303000033000000000000000000000000303030303000300000033000000000000000000003000303030003030030003003000000303
33303000333003003300330000003000000000000000000000000330033303000300000003000000000000000000003000330033003030030003003330000333
30003000303003003000303000003000000000000000000000000303030303000300000003000000000000000000003000303030003030030003000030000003
30003330303003003330303000033300000000000000000000000330030303330333000033300000000000000000003330303033303300333003003330000333

0x000af25e
00000000000000000000000000000000000000000000000000000000000000000000000000000000000000000000000000000000000000000000000000000000
00000000000330000000003330000000000030000000000000000330000003000000000000000333000000000000333000000000003330000000003330000000
00010000003330000000333333000000003333000000000000003330000033000000000000033333300000000003333300000000333333000000033333000000
00001010333330000003330033301000333330001000000000333330001033301000000010333003330010000000333330100003330033300000003333300000
00000003333330010003300033300003333301030000000003333330000033300001000000330003330000010001003330000003300033300000000033300000
00101033333300101033001033301033330010333010101033333300101033301010100013301013330010101330103333100033000033300013301033331010
00110333033301010133010133301133300103333101010333033301111333010101010103300103330101010330010333010133010033300103300003330101
00101330133300111330111333301333011033330010101330133301111333011310101033001033330010103330101333011330101333301033301013330011
00111001133301111101111333011330111333330111011001133301111333011331110100110133301101013330111333011101110333010133300103330111
00111111333301111111113330111330113333330111111111333301111333011330111111111333011111113330111333011111113330111033301013330111
00110111333301111111113330111330133303301111111111333301111333011330111111111333011111133301111333011111113330111333011113330111
00110111333011111111133301111333333033301111111111333011111333011330111111113330111111133301111333011111133301111333011113330111
00011111333011111111133301111133330133301111111111333011111333013330111111113330111111133301111333011111133301111333011113330111
00011111333011111111333011111103301133301111111111333011113330113333331111133301111111133301111333011111333011111333011113330111
00011101333011111111333011111110011133011111111111333011113330333333301111133301111111133301111333011111333011111333011113330111
00011013333011111113330111111111111333011111111113333011113333333330011111333011111111133301111333011113330111111333011113330111
00011113333011111113330111311111111333011111111113333011113333333301111111333011131111133301111333011113330111311333011113330111
00011113330111111133301113331111111333011111111113330111111333003301111113330111333111133301111333011133301113330333011113330111
00011113330111111133301133331111111330111111111113330111111000113301111113330113333111133301110333000133301133330333011113330111
00111113330111111333013333301111113330111111111113330111111111133301111133301333330111133301110333000333013333300333011113330111
00110113330111111333033333011111113330111111111113330111111111133301111133303333301111133301113333000333033333010333011133330111
01111133330111113333333300111111113330111133111133330111111111133011111333333330011133133330103330003333333300110333301133301101
01011133330111113333333011110111133301111133011133330111111111133011111333333301111133013333333330003333333011110033333333301000
00000133300111103333330111000001133301111133011133300011111101133000111333333011111133013333333300003333330001000033333333010000
10000003300011003333000000000000013301111003000103300001000000133000000333300011111003000333333000003333000000000003333330000000
01001000000000000000000000000000000000000030000000000000000000000000000000000000000030000000000000000000000000000000000000000000
00000000000000000000000000000000000000000000000000000000000000000000000000000000000000000000000000000000000000000000000000000000
33303000333030303330330000003000000000000000000000000330033303000300000003000000000000000000003330330033303300333033303330000333
30303000303030303000303000033000000000000000000000000303030303000300000033000000000000000000003000303030003030030003003000000303
33303000333003003300330000003000000000000000000000000330033303000300000003000000000000000000003000330033003030030003003330000333
30003000303003003000303000003000000000000000000000000303030303000300000003000000000000000000003000303030003030030003000030000003
30003330303003003330303000033300000000000000000000000330030303330333000033300000000000000000003330303033303300333003003330000333

0x000af30a
00000000000000000000000000000000000000000000000000000000000000000000000000000000000000000000000000000000000000000000000000000000
00010000000330000000003330000000000030000000000000000330000003000000000000000333000000000000333000000000003330000000003330000000
00100000003330000000333333000000003333000000000000003330000033000000000000033333300000000003333300000000333333000000033333000000
00000010333330000003330033301000333330001000000000333330001033301000000010333003330010000000333330100003330033300000003333300000
00000003333330010003300033300003333301030000000003333330000033300001000000330003330000010001003330000003300033300000000033300000
00000033333300101033001033301033330010333010101033333300101033301010100013301013330010101330103333100033000033300013301033331010
00000333033301010133010133301133300103333101010333033301111333010101010103300103330101010330010333010133010033300103300003330101
00000330133300111330111333301333011033330010101330133301111333011310101033001033330010103330101333011330101333301033301013330011
00000001133301111101111333011330111333330111011001133301111333011331110100110133301101013330111333011101110333010133300103330111
00000111333301111111113330111330113333330111111111333301111333011330111111111333011111113330111333011111113330111033301013330111
00000110333301111111113330111330133303301111111111333301111333011330111111111333011111133301111333011111113330111333011113330111
00000111333011111111133301111333333033301111111111333011111333011330111111113330111111133301111333011111133301111333011113330111
00000111333011111111133301111133330133301111111111333011111333013330111111113330111111133301111333011111133301111333011113330111
00000111333011111111333011111103301133301111111111333011113330113333331111133301111111133301111333011111333011111333011113330111
00000111333011111111333011111110011133011111111111333011113330333333301111133301111111133301111333011111333011111333011113330111
00000013333011111113330111111111111333011111111113333011113333333330011111333011111111133301111333011113330111111333011113330111
00000013333011111113330111311111111333011111111113333011113333333301111111333011131111133301111333011113330111311333011113330111
00000013330111111133301113331111111333011111111113330111111333003301111113330111333111133301111333011133301113330333011113330111
00000013330111111133301133331111111330111111111113330111111000113301111113330113333111133301110333000133301133330333011113330111
11000013330111111333013333301111113330111111111113330111111111133301111133301333330111133301110333000333013333300333011113330111
10000113330111111333033333011111113330111111111113330111111111133301111133303333301111133301113333000333033333010333011133330111
10000133330111113333333300111111113330111133111133330111111111133011111333333330011133133330103330003333333300110333301133301101
10001133330111113333333011110111133301111133011133330111111111133011111333333301111133013333333330003333333011110033333333301000
10000133301111103333330111000001133301111133011133300011111101133000111333333011111133013333333300003333330001000033333333010000
10000103300011003333000000000000013301111003000103300001000000133000000333300011111003000333333000003333000000000003333330000000
00000000000000000000000000000000000000000030000000000000000000000000000000000000000030000000000000000000000000000000000000000000
00000000000000000000000000000000000000000000000000000000000000000000000000000000000000000000000000000000000000000000000000000000
33303000333030303330330000003000000000000000000000000330033303000300000003000000000000000000003330330033303300333033303330000333
30303000303030303000303000033000000000000000000000000303030303000300000033000000000000000000003000303030003030030003003000000303
33303000333003003300330000003000000000000000000000000330033303000300000003000000000000000000003000330033003030030003003330000333
30003000303003003000303000003000000000000000000000000303030303000300000003000000000000000000003000303030003030030003000030000003
30003330303003003330303000033300000000000000000000000330030303330333000033300000000000000000003330303033303300333003003330000333

0x000af3a6
00000000000000000000000000000000000000000000000000000000000000000000000000000000000000000000000000000000000000000000000000000000
00000000000330000000003330000000000030000000000000000330000000000300000000333333000000000033333300000003333330000000003330000000
00000000003330000000333333000000003333000000000000003330000000033330000033333333300000003333333330000333333333000000033333000000
00000000333330000003330033301000333330001000000000333330001013333300000333300033300010033330003330103333000333000000003333300000
00000003333330010003300033300003333301030000000003333330000033333001300033000033300000013301003330000330000333000000000033300000
00000033333300101033001033301033330010333010101033333300101333300013330010101333001010101010133300100000103330000013301033331010
00000333033301010133010133301133300103333101010333033301111333010133330101003330010101010101333001010101033300010103300003330101
00000330133300111330111333301333011033330010101330133301113330111333301010133300101010101013330010111010333010101033301013330011
00000000133301111101111333011330111333330111011001133301113301113333300101333033331101011133303333111113330333310133300103330111
00000000333301111111113330111330113333330111111111333301113301133333301113333333333111111333333333311133333333331033301013330111
10000000333301111111113330111330133303301111111111333301113301333033011133333333333111113333333333311333333333331333011113330111
10000000333011111111133301111333333033301111111111333011113333330333011333330000333111133333000033313333300003331333011113330111
10000000333011111111133301111133330133301111111111333011111333301333011330001111333111133000111133313300011113331333011113330111
11000000333011111111333011111103301133301111111111333011111033011333011001111113333111100111111333310011111133331333011113330111
11000000333011111111333011111110011133011111111111333011111100111330111111111133330111111111113333011111111333301333011113330111
11110003333011111113330111111111111333011111111113333011111111113330111111111333330111111111133333011111113333301333011113330111
11100003333011111113330111311111111333011111111113333011111111113330111111113333301111111111333330111111133333011333011113330111
11100003330111111133301113331111111333011111111113330111111111113330111111113333011111111111333301111111133330110333011113330111
11110003330111111133301133331111111330111111111113330111111111113301111111133330111111111113333000000111333301110333011113330111
11110003330111111333013333301111113330111111111113330111111111133301111111333301111111111133330000000013333011110333011113330111
11010003330111111333033333011111113330111111111113330111111111133301111113333011111111111333300000000033330111110333011133330111
11110033330101113333333300111111113330111133111133330111111111133301111113330111111133111333000000000033301111110333301133301101
11010033330111113333333011110111133301111133011133330111111111333011111133330111111133013333000000000333301111110033333333301000
10000033300111103333330111000001133301111133011133300011111101333000111333300111111133033330000000003333000001000033333333010000
10000003300010003333000000000000013301111003000103300001000000133000000333000011111003033300000000003330000000000003333330000000
01000000000010000000000000000000000000000030000000000000000000000000000000000000000030000000000000000000000000000000000000000000
00000000000000000000000000000000000000000000000000000000000000000000000000000000000000000000000000000000000000000000000000000000
33303000333030303330330000003000000000000000000000000330033303000300000003000000000000000000003330330033303300333033303330000333
30303000303030303000303000033000000000000000000000000303030303000300000033000000000000000000003000303030003030030003003000000303
33303000333003003300330000003000000000000000000000000330033303000300000003000000000000000000003000330033003030030003003330000333
30003000303003003000303000003000000000000000000000000303030303000300000003000000000000000000003000303030003030030003000030000003
30003330303003003330303000033300000000000000000000000330030303330333000033300000000000000000003330303033303300333003003330000333

0x000af452
00000000000000000000000000000000000000000000000000000000000000000000000000000000000000000000000000000000000000000000000000000000
00000000000330100000003330000000000030000000000000000330000000000300000000333333000000000033333300000003333330000000003330000000
00000000003330100000333333000000003333000000000000003330000000033330000033333333300000003333333330000333333333000000033333000000
01000000333330000003330033301000333330001000000000333330001013333300000333300033300010033330003330103333000333000000003333300000
01010003333330100003300033300003333301030000000003333330000033333001300033000033300000013301003330000330000333000000000033300000
11110033333301101033001033301033330010333010101033333300101333300013330010101333001010101010133300100000103330000013301033331010
01010333033301010133010133301133300103333101010333033301111333010133330101003330010101010101333001010101033300010103300003330101
10100330033300111330111333301333011033330010101330133301113330111333301010133300101010101013330010111010333010101033301013330011
01010000033301111101111333011330111333330111011001133301113301113333300101333033331101011133303333111113330333310133300103330111
11110000333301111111113330111330113333330111111111333301113301133333301113333333333111111333333333311133333333331033301013330111
11111000333301111111113330111330133303301111111111333301113301333033011133333333333111113333333333311333333333331333011113330111
11111010333011111111133301111333333033301111111111333011113333330333011333330000333111133333000033313333300003331333011113330111
11111000333011111111133301111133330133301111111111333011111333301333011330001111333111133000111133313300011113331333011113330111
11111100333011111111333011111103301133301111111111333011111033011333011001111113333111100111111333310011111133331333011113330111
11111100333011111111333011111110011133011111111111333011111100111330111111111133330111111111113333011111111333301333011113330111
11111103333011111113330111111111111333011111111113333011111111113330111111111333330111111111133333011111113333301333011113330111
11111103333010111113330111311111111333011111111113333011111111113330111111113333301111111111333330111111133333011333011113330111
11111113330111111133301113331111111333011111111113330111111111113330111111113333011111111111333301111111133330110333011113330111
10100113330111111133301133331111111330111111111113330111111111113301111111133330111111111113333000000111333301110333011113330111
11111113330111011333013333301111113330111111111113330111111111133301111111333301111111111133330000000013333011110333011113330111
11111113330110010333033333011111113330111111111113330111111111133301111113333011111111111333300000000033330111110333011133330111
11011133330111013333333300111111113330111133111133330111111111133301111113330111111133111333000000000033301111110333301133301101
11011133330111113333333011110111133301111133011133330111111111333011111133330111111133013333000000000333301111110033333333301000
10000133300111103333330111000001133301111133011133300011111101333000111333300111111133033330000000003333000001000033333333010000
10000003300001003333000000000000013301111003000103300001000000133000000333000011111003033300000000003330000000000003333330000000
00000000000000010000000000000000000000000030000000000000000000000000000000000000000030000000000000000000000000000000000000000000
00000000000000000000000000000000000000000000000000000000000000000000000000000000000000000000000000000000000000000000000000000000
33303000333030303330330000003000000000000000000000000330033303000300000003000000000000000000003330330033303300333033303330000333
30303000303030303000303000033000000000000000000000000303030303000300000033000000000000000000003000303030003030030003003000000303
33303000333003003300330000003000000000000000000000000330033303000300000003000000000000000000003000330033003030030003003330000333
30003000303003003000303000003000000000000000000000000303030303000300000003000000000000000000003000303030003030030003000030000003
30003330303003003330303000033300000000000000000000000330030303330333000033300000000000000000003330303033303300333003003330000333

0x000af4fe
00000000000000000000000000000000000000000000000000000000000000000000000000000000000000000000000000000000000000000000000000000000
00000100000330000000003330000000000030000000000000000330000000000300000000333333000000000033333300000003333330000000003330000000
00000000003330000100333333000000003333000000000000003330000000033330000033333333300000003333333330000333333333000000033333000000
00001011333330000003330033301000333330001000000000333330001013333300000333300033300010033330003330103333000333000000003333300000
01000013333330000103300033300003333301030000000003333330000033333001300033000033300000013301003330000330000333000000000033300000
10101033333300001033001033301033330010333010101033333300101333300013330010101333001010101010133300100000103330000013301033331010
01010333033300001133010133301133300103333101010333033301111333010133330101003330010101010101333001010101033300010103300003330101
10101330033300001330111333301333011033330010101330133301113330111333301010133300101010101013330010111010333010101033301013330011
01011001033300001101111333011330111333330111011001133301113301113333300101333033331101011133303333111113330333310133300103330111
10111111333300011111113330111330113333330111111111333301113301133333301113333333333111111333333333311133333333331033301013330111
11111111333300011111113330111330133303301111111111333301113301333033011133333333333111113333333333311333333333331333011113330111
11111111333000011111133301111333333033301111111111333011113333330333011333330000333111133333000033313333300003331333011113330111
11111111333000011111133301111133330133301111111111333011111333301333011330001111333111133000111133313300011113331333011113330111
11111111333000011111333011111103301133301111111111333011111033011333011001111113333111100111111333310011111133331333011113330111
11111111333000111111333011111110011133011111111111333011111100111330111111111133330111111111113333011111111333301333011113330111
11111103333000111113330111111111111333011111111113333011111111113330111111111333330111111111133333011111113333301333011113330111
11111113333000110113330111311111111333011111111113333011111111113330111111113333301111111111333330111111133333011333011113330111
11111113330000111133301113331111111333011111111113330111111111113330111111113333011111111111333301111111133330110333011113330111
11101113330000111133301133331111111330111111111113330111111111113301111111133330111111111113333000000111333301110333011113330111
11101103330001111333013333301111113330111111111113330111111111133301111111333301111111111133330000000013333011110333011113330111
11111113330001011333033333011111113330111111111113330111111111133301111113333011111111111333300000000033330111110333011133330111
10111133330101113333333300111111113330111133111133330111111111133301111113330111111133111333000000000033301111110333301133301101
11011033330001113333333011110111133301111133011133330111111111333011111133330111111133013333000000000333301111110033333333301000
10000133300001103333330111000001133301111133011133300011111101333000111333300111111133033330000000003333000001000033333333010000
10000103300011003333000000000000013301111003000103300001000000133000000333000011111003033300000000003330000000000003333330000000
00000000000000000000000000000000000000000030000000000000000000000000000000000000000030000000000000000000000000000000000000000000
00000000000000000000000000000000000000000000000000000000000000000000000000000000000000000000000000000000000000000000000000000000
33303000333030303330330000003000000000000000000000000330033303000300000003000000000000000000003330330033303300333033303330000333
30303000303030303000303000033000000000000000000000000303030303000300000033000000000000000000003000303030003030030003003000000303
33303000333003003300330000003000000000000000000000000330033303000300000003000000000000000000003000330033003030030003003330000333
30003000303003003000303000003000000000000000000000000303030303000300000003000000000000000000003000303030003030030003000030000003
30003330303003003330303000033300000000000000000000000330030303330333000033300000000000000000003330303033303300333003003330000333

0x000af59a
00000000000000000000000000000000000000000000000000000000000000000000000000000000000000000000000000000000000000000000000000000000
00000000000330000000103330000000000030000000000000000330000000000300000000333333000000000033333300000003333330000000003330000000
00000000103330000000333333000000003333000000000000003330000000033330000033333333300000003333333330000333333333000000033333000000
00001010333330000003330033301000333330001000000000333330001013333300000333300033300010033330003330103333000333000000003333300000
01000003333330000003300033300003333301030000000003333330000033333001300033000033300000013301003330000330000333000000000033300000
10101033333300000033001033301033330010333010101033333300101333300013330010101333001010101010133300100000103330000013301033331010
01010333033300000033010133301133300103333101010333033301111333010133330101003330010101010101333001010101033300010103300003330101
10101330133300000330111333301333011033330010101330133301113330111333301010133300101010101013330010111010333010101033301013330011
01011001133300000000111333011330111333330111011001133301113301113333300101333033331101011133303333111113330333310133300103330111
10111111333300000001113330111330113333330111111111333301113301133333301113333333333111111333333333311133333333331033301013330111
11111111333300000001113330111330133303301111111111333301113301333033011133333333333111113333333333311333333333331333011113330111
11111110333000000001133301111333333033301111111111333011113333330333011333330000333111133333000033313333300003331333011113330111
11111111333000000001133301111133330133301111111111333011111333301333011330001111333111133000111133313300011113331333011113330111
11111111333000000001333011111103301133301111111111333011111033011333011001111113333111100111111333310011111133331333011113330111
11111111333000000011333011111110011133011111111111333011111100111330111111111133330111111111113333011111111333301333011113330111
11111113333000000013330111111111111333011111111113333011111111113330111111111333330111111111133333011111113333301333011113330111
11111113333000000013330111311111111333011111111113333011111111113330111111113333301111111111333330111111133333011333011113330111
11111113330100100133301113331111111333011111111113330111111111113330111111113333011111111111333301111111133330110333011113330111
11111113330100000133301133331111111330111111111113330111111111113301111111133330111111111113333000000111333301110333011113330111
11111113330100000333013333301111113330111111111113330111111111133301111111333301111111111133330000000013333011110333011113330111
11111113330100001333033333011111113330111111111113330111111111133301111113333011111111111333300000000033330111110333011133330111
11111033330100003333333300111111113330111133111133330111111111133301111113330111111133111333000000000033301111110333301133301101
11011133330100003333333001110111133301111133011133330111111111333011111133330111111133013333000000000333301111110033333333301000
10010133300100003333330001000001133301111133011133300011111101333000111333300111111133033330000000003333000001000033333333010000
10000003301000003333000000000000013301111003000103300001000000133000000333000011111003033300000000003330000000000003333330000000
00000000000000000000000000000000000000000030000000000000000000000000000000000000000030000000000000000000000000000000000000000000
00000000000000000000000000000000000000000000000000000000000000000000000000000000000000000000000000000000000000000000000000000000
33303000333030303330330000003000000000000000000000000330033303000300000003000000000000000000003330330033303300333033303330000333
30303000303030303000303000033000000000000000000000000303030303000300000033000000000000000000003000303030003030030003003000000303
33303000333003003300330000003000000000000000000000000330033303000300000003000000000000000000003000330033003030030003003330000333
30003000303003003000303000003000000000000000000000000303030303000300000003000000000000000000003000303030003030030003000030000003
30003330303003003330303000033300000000000000000000000330030303330333000033300000000000000000003330303033303300333003003330000333

0x000af646
00000000000000000000000000000000000000000000000000000000000000000000000000000000000000000000000000000000000000000000000000000000
00000000000330000000003330000000000030000000000000000330000000000300000000333333000000000033333300000003333330000000003330000000
00000000013330000000333333000000003333000000000000003330000000033330000033333333300000003333333330000333333333000000033333000000
00001010333330000003330033301000333330001000000000333330001013333300000333300033300010033330003330103333000333000000003333300000
01000003333330000003301033300003333301030000000003333330000033333001300033000033300000013301003330000330000333000000000033300000
10101033333300000033001033301033330010333010101033333300101333300013330010101333001010101010133300100000103330000013301033331010
01010333033301000033000133301133300103333101010333033301111333010133330101003330010101010101333001010101033300010103300003330101
10101330133300000330000333301333011033330010101330133301113330111333301010133300101010101013330010111010333010101033301013330011
01011001133301100000000333011330111333330111011001133301113301113333300101333033331101011133303333111113330333310133300103330111
10111111333301100000003330111330113333330111111111333301113301133333301113333333333111111333333333311133333333331033301013330111
11111111333301100000003330111330133303301111111111333301113301333033011133333333333111113333333333311333333333331333011113330111
11111111333011110000033301111333333033301111111111333011113333330333011333330000333111133333000033313333300003331333011113330111
11111111333010110001033301111133330133301111111111333011111333301333011330001111333111133000111133313300011113331333011113330111
11111111333011110000333011111103301133301111111111333011111033011333011001111113333111100111111333310011111133331333011113330111
11111111333011110000333011111110011133011111111111333011111100111330111111111133330111111111113333011111111333301333011113330111
11111113333011110003330111111111111333011111111113333011111111113330111111111333330111111111133333011111113333301333011113330111
11111113333011110003330111311111111333011111111113333011111111113330111111113333301111111111333330111111133333011333011113330111
11111113330111110033301113331111111333011111111113330111111111113330111111113333011111111111333301111111133330110333011113330111
11111113330111110033301133331111111330111111111113330111111111113301111111133330111111111113333000000111333301110333011113330111
11110113330111110333013333301111113330111111111113330111111111133301111111333301111111111133330000000013333011110333011113330111
11111113330112100333033333011111113330111111111113330111111111133301111113333011111111111333300000000033330111110333011133330111
11111133330111103333333300111111113330111133111133330111111111133301111113330111111133111333000000000033301111110333301133301101
11011133330211103333333011110111133301111133011133330111111111333011111133330111111133013333000000000333301111110033333333301000
10000133300110103333330011000001133301111133011133300011111101333000111333300111111133033330000000003333000001000033333333010000
10000203300211003333000200000000013301111003000103300001000000133000000333000011111003033300000000003330000000000003333330000000
00000000000020000000000000000000000000000030000000000000000000000000000000000000000030000000000000000000000000000000000000000000
00000000000000000000000000000000000000000000000000000000000000000000000000000000000000000000000000000000000000000000000000000000
33303000333030303330330000003000000000000000000000000330033303000300000003000000000000000000003330330033303300333033303330000333
30303000303030303000303000033000000000000000000000000303030303000300000033000000000000000000003000303030003030030003003000000303
33303000333003003300330000003000000000000000000000000330033303000300000003000000000000000000003000330033003030030003003330000333
30003000303003003000303000003000000000000000000000000303030303000300000003000000000000000000003000303030003030030003000030000003
30003330303003003330303000033300000000000000000000000330030303330333000033300000000000000000003330303033303300333003003330000333

0x000af6f2
00000000000000000000000000000000000000000000000000000000000000000000000000000000000000000000000000000000000000000000000000000000
00000000000330000000003330000000000030000000000000033300000003000000000000300000000000000000003000000003000000000000003330000000
00000000003330000000333333000000003333000000000003333330000033000000000003300000000000000000033300000033000000000000033333000000
00001010333330010003330033301000333330001000000033300333001033301000000013330010000010000000333010100033300000000000003333300000
01000003333330010003300033300003333301030000000033000333000033300001000003330000010000010001333000000033300000000000000033300000
10101033333300111033000033301033330010333010101330001333001033301010100013330010101010101013330010100033300010000013301033331010
01010333033301011133000033301133300103333101010330010333011333010101010133300101010101010103330101010333010000010103300003330101
10101330133300110330001333301333011033330010103301113333011333011310101033301030101010101033301010111333001310101033301013330011
01011001133301111100000333011330111333330111011011113330111333011331110133300133011101011133301111111333010331010133300103330111
10111111333301111110003330011330113333330111111111133301111333011330111133301133011111111333011111111333011330111033301013330111
11111111333301111110003330011330133303301111111111133301111333011330111133301133011111111333011111111333011330111333011113330111
11111111333011111111033300011333333033301111111111333011111333011330111133301133011111113330111333111333011330111333011113330111
11111111333011111111033300011133330133301111111111333011111333013330111133301333011111113330113333311333013330111333011113330111
11111111333011111111333000011103301133301111111113330111113330113333331333011333333111113330133333313330113333331333011113330111
11111111333011111111333000011110011133011111111113330111113330333333301333033333330111133301333333313330333333301333011113330111
11111113333011111113330000111111111333011111111133301111113333333330011333333333001111133301333033313333333330011333011113330111
11111113333011111113330000311111111333011111111133301113113333333301111333333330111111133303330133313333333301111333011113330111
11111113330111111133300003331111111333011111111333011133311333003301111133300330111111133301301133311333003301110333011113330111
11111113330111111133300033331111111330111111111333011333311000113301111100011330111111133301110133300000113301110333011113330111
11111113330111011333003333301111113330111111113330133333011111133301111111113330111111133301110333000011133301110333011113330111
11111113330111111333033333011111113330111111113330333330111111133301111111113330111111133301110333000001133301110333011133330111
11111133330111113333333300101111113330111133133333333001111111133011111111113301111133133330103330000000133011110333301133301101
11011133330111103333333011110111133301111133033333330111111111133011111110013301111133013333333330000000133011110033333333301000
10000133300111203333330111000001133301111133033333300011111101133000111000003301111133013333333300000000033001000033333333010000
10000003300010003333000200200000013301111003033330000001000000133000000000003301111003000333330000000000033000000003333330000000
00000000000200202000020000000000000000000030000000000000000000000000000000000000000030000000000000000000000000000000000000000000
00000000000000000000000000000000000000000000000000000000000000000000000000000000000000000000000000000000000000000000000000000000
33303000333030303330330000003000000000000000000000000330033303000300000003000000000000000000003330330033303300333033303330000333
30303000303030303000303000033000000000000000000000000303030303000300000033000000000000000000003000303030003030030003003000000303
33303000333003003300330000003000000000000000000000000330033303000300000003000000000000000000003000330033003030030003003330000333
30003000303003003000303000003000000000000000000000000303030303000300000003000000000000000000003000303030003030030003000030000003
30003330303003003330303000033300000000000000000000000330030303330333000033300000000000000000003330303033303300333003003330000333

0x000af78e
00000000000000000000000000000000000000000000000000000000000000000000000000000000000000000000000000000000000000000000000000000000
00000000000330000000003330000000000030000000000000033300000003000000000000300000000000000000003000000003000000000000003330000000
00000000003330010000333333001000003333000000000003333330000033000000000003300000000000000000033300000033000000000000033333000000
00001010333330000003330033301000333330001000000033300333001033301000000013330010000010000000333010100033300000000000003333300000
01000003333330011013300033300103333301030000000033000333000033300001000003330000010000010001333000000033300000000000000033300000
10101033333300101033000033301133330010333010101330001333001033301010100013330010101010101013330010100033300010000013301033331010
01010333033301010133000033301133300103333101010330010333011333010101010133300101010101010103330101010333010000010103300003330101
10101330133300111330110333300333011033330010103301113333011333011310101033301030101010101033301010111333001310101033301013330011
01011001133301111101110333000330111333330111011011113330111333011331110133300133011101011133301111111333010331010133300103330111
10111111333301111111113330000330113333330111111111133301111333011330111133301133011111111333011111111333011330111033301013330111
11111111333301111111113330000330133303301111111111133301111333011330111133301133011111111333011111111333011330111333011113330111
11111111333011111111133300000333333033301111111111333011111333011330111133301133011111113330111333111333011330111333011113330111
11111111333011111111133300000133330133301111111111333011111333013330111133301333011111113330113333311333013330111333011113330111
11111111333011111111333000000103301133301111111113330111113330113333331333011333333111113330133333313330113333331333011113330111
11111111333011111111333000001110011133011111111113330111113330333333301333033333330111133301333333313330333333301333011113330111
11111113333011111113330000001111111333011111111133301111113333333330011333333333001111133301333033313333333330011333011113330111
11111113333011111113330000311111111333011111111133301113113333333301111333333330111111133303330133313333333301111333011113330111
11111113330111111133301003331111111333011111111333011133311333003301111133300330111111133301301133311333003301110333011113330111
11111113330111111133300033331111111330111111111333011333311000113301111100011330111111133301110133300000113301110333011113330111
11111113330111111333013333301111113330111111113330133333011111133301111111113330111111133301110333000011133301110333011113330111
11111113330111111333033333011111113330111111113330333330111111133301111111113330111111133301110333000001133301110333011133330111
11111133330111113333333300111111113330111133133333333001111111133011111111113301111133133330103330000000133011110333301133301101
11011133330111113333333011110111133301111133033333330111111111133011111110013301111133013333333330000000133011110033333333301000
10000133300111103333330111000001133301111133033333300011111101133000111000003301111133013333333300000000033001000033333333010000
10000003300011003333000002002000013301111003033330000001000000133000000000003301111003000333330000000000033000000003333330000000
00000000000002000000000000020000000000000030000000000000000000000000000000000000000030000000000000000000000000000000000000000000
00000000000000000000000000000000000000000000000000000000000000000000000000000000000000000000000000000000000000000000000000000000
33303000333030303330330000003000000000000000000000000330033303000300000003000000000000000000003330330033303300333033303330000333
30303000303030303000303000033000000000000000000000000303030303000300000033000000000000000000003000303030003030030003003000000303
33303000333003003300330000003000000000000000000000000330033303000300000003000000000000000000003000330033003030030003003330000333
30003000303003003000303000003000000000000000000000000303030303000300000003000000000000000000003000303030003030030003000030000003
30003330303003003330303000033300000000000000000000000330030303330333000033300000000000000000003330303033303300333003003330000333

0x000af83a
00000000000000000000000000000000000000000000000000000000000000000000000000000000000000000000000000000000000000000000000000000000
00000000000330000000003330000001000030000000000000033300000003000000000000300000000000000000003000000003000000000000003330000000
00000000003330000010333333000001003333000000000003333330000033000000000003300000000000000000033300000033000000000000033333000000
00001010333330000003330033300000333330001000000033300333001033301000000013330010000010000000333010100033300000000000003333300000
01000003333330010003300033300003333301030000000033000333000033300001000003330000010000010001333000000033300000000000000033300000
10101033333300101033001033300033330010333010101330001333001033301010100013330010101010101013330010100033300010000013301033331010
01010333033301010133010033300033300103333101010330010333011333010101010133300101010101010103330101010333010000010103300003330101
10101330133300111330111333300333011033330010103301113333011333011310101033301030101010101033301010111333001310101033301013330011
01011001133301111101111333000330111333330111011011113330111333011331110133300133011101011133301111111333010331010133300103330111
10111111333301111111113330000330113333330111111111133301111333011330111133301133011111111333011111111333011330111033301013330111
11111111333301111111113330000330133303301111111111133301111333011330111133301133011111111333011111111333011330111333011113330111
11111111333011111111133300000333333033301111111111333011111333011330111133301133011111113330111333111333011330111333011113330111
11111111333011111111133300000033330133301111111111333011111333013330111133301333011111113330113333311333013330111333011113330111
11111111333011111111333010000003301133301111111113330111113330113333331333011333333111113330133333313330113333331333011113330111
11111111333011111111333010000010011133011111111113330111113330333333301333033333330111133301333333313330333333301333011113330111
11111113333011111113330110000011111333011111111133301111113333333330011333333333001111133301333033313333333330011333011113330111
11111113333011111113330110300011111333011111111133301113113333333301111333333330111111133303330133313333333301111333011113330111
11111113330111111133301113330111111333011111111333011133311333003301111133300330111111133301301133311333003301110333011113330111
11111113330111111133301133330111111330111111111333011333311000113301111100011330111111133301110133300000113301110333011113330111
11111113330111111333013333301110113330111111113330133333011111133301111111113330111111133301110333000011133301110333011113330111
11111113330111111333033333001111113330111111113330333330111111133301111111113330111111133301110333000001133301110333011133330111
11111133330111113333333300011111113330111133133333333001111111133011111111113301111133133330103330000000133011110333301133301101
11011133330111113333333000010111133301111133033333330111111111133011111110013301111133013333333330000000133011110033333333301000
10000133300111103333330000002001133301111133033333300011111101133000111000003301111133013333333300000000033001000033333333010000
10000003300011003333000000000000013301111003033330000001000000133000000000003301111003000333330000000000033000000003333330000000
00000000000000000000200000000000200000000030000000000000000000000000000000000000000030000000000000000000000000000000000000000000
00000000000000000000000000000000000000000000000000000000000000000000000000000000000000000000000000000000000000000000000000000000
33303000333030303330330000003000000000000000000000000330033303000300000003000000000000000000003330330033303300333033303330000333
30303000303030303000303000033000000000000000000000000303030303000300000033000000000000000000003000303030003030030003003000000303
33303000333003003300330000003000000000000000000000000330033303000300000003000000000000000000003000330033003030030003003330000333
30003000303003003000303000003000000000000000000000000303030303000300000003000000000000000000003000303030003030030003000030000003
30003330303003003330303000033300000000000000000000000330030303330333000033300000000000000000003330303033303300333003003330000333

0x000af8e6
00000000000000000000000000000000000000000000000000000000000000000000000000000000000000000000000000000000000000000000000000000000
00000000000330000000003330000000110030000000000000033300000003000000000000300000000000000000003000000003000000000000003330000000
00000000003330000001333333000000003333000000000003333330000033000000000003300000000000000000033300000033000000000000033333000000
00001010333330000003330033300000333330001000000033300333001033301000000013330010000010000000333010100033300000000000003333300000
01000003333330010003300033300003333301030000000033000333000033300001000003330000010000010001333000000033300000000000000033300000
10101033333300101033001133300033330010333010101330001333001033301010100013330010101010101013330010100033300010000013301033331010
01010333033301010133010133300033301103333101010330010333011333010101010133300101010101010103330101010333010000010103300003330101
10101330133300111330111333300333011033330010103301113333011333011310101033301030101010101033301010111333001310101033301013330011
01011001133301111101111333000330011333330111011011113330111333011331110133300133011101011133301111111333010331010133300103330111
10111111333301111111113330000330013333330111111111133301111333011330111133301133011111111333011111111333011330111033301013330111
11111111333301111111113330000330033303301111111111133301111333011330111133301133011111111333011111111333011330111333011113330111
11111111333011111111133301100333333033301111111111333011111333011330111133301133011111113330111333111333011330111333011113330111
11111111333011111111133301100033330133301111111111333011111333013330111133301333011111113330113333311333013330111333011113330111
11111111333011111111333011100003301133301111111113330111113330113333331333011333333111113330133333313330113333331333011113330111
11111111333011111111333011100000011133011111111113330111113330333333301333033333330111133301333333313330333333301333011113330111
11111113333011111113330111100001010333011111111133301111113333333330011333333333001111133301333033313333333330011333011113330111
11111113333011111113330111300000010333011111111133301113113333333301111333333330111111133303330133313333333301111333011113330111
11111113330111111133301113330000111333011111111333011133311333003301111133300330111111133301301133311333003301110333011113330111
11111113330111111133301133330000111330111111111333011333311000113301111100011330111111133301110133300000113301110333011113330111
11111113330111111333013333300001113330111111113330133333011111133301111111113330111111133301110333000011133301110333011113330111
11111113330111111333033333000001113330111111113330333330111111133301111111113330111111133301110333000001133301110333011133330111
11111133330111113333333300100001113330111133133333333001111111133011111111113301111133133330103330000000133011110333301133301101
11011133330111113333333011100011133301111133033333330111111111133011111110013301111133013333333330000000133011110033333333301000
10000133300111103333330111000001133300111133033333300011111101133000111000003301111133013333333300000000033001000033333333010000
10000003300011003333000000000000013301111003033330000001000000133000000000003301111003000333330000000000033000000003333330000000
00000000000000000000000000000000000000000030000000000000000000000000000000000000000030000000000000000000000000000000000000000000
00000000000000000000000000000000000000000000000000000000000000000000000000000000000000000000000000000000000000000000000000000000
33303000333030303330330000003000000000000000000000000330033303000300000003000000000000000000003330330033303300333033303330000333
30303000303030303000303000033000000000000000000000000303030303000300000033000000000000000000003000303030003030030003003000000303
33303000333003003300330000003000000000000000000000000330033303000300000003000000000000000000003000330033003030030003003330000333
30003000303003003000303000003000000000000000000000000303030303000300000003000000000000000000003000303030003030030003000030000003
30003330303003003330303000033300000000000000000000000330030303330333000033300000000000000000003330303033303300333003003330000333

0x000af982
00000000000000000000000000000000000000000000000000000000000000000000000000000000000000000000000000000000000000000000000000000000
00000000000330000000003330000000000130000000000000033300000003000000000000300000000000000000003000000003000000000000003330000000
00000000003330000000333333000000003333000000000003333330000033000000000003300000000000000000033300000033000000000000033333000000
00001010333330000003330033300000333330001000000033300333001033301000000013330010000010000000333010100033300000000000003333300000
01000003333330010003300033300003333301030000000033000333000033300001000003330000010000010001333000000033300000000000000033300000
10101033333300101033001033300033330010333010101330001333001033301010100013330010101010101013330010100033300010000013301033331010
01010333033301010133010133300033300103333101010330010333011333010101010133300101010101010103330101010333010000010103300003330101
10101330133300111330111333300333000033330010103301113333011333011310101033301030101010101033301010111333001310101033301013330011
01011001133301111101111333000330100333330111011011113330111333011331110133300133011101011133301111111333010331010133300103330111
10111111333301111111113330100330013333330111111111133301111333011330111133301133011111111333011111111333011330111033301013330111
11111111333301111111113330100330033303301111111111133301111333011330111133301133011111111333011111111333011330111333011113330111
11111111333011111111133301110333333033301111111111333011111333011330111133301133011111113330111333111333011330111333011113330111
11111111333011111111133301110033330033301111111111333011111333013330111133301333011111113330113333311333013330111333011113330111
11111111333011111111333011111003300033301111111113330111113330113333331333011333333111113330133333313330113333331333011113330111
11111111333011111111333011111100000033011111111113330111113330333333301333033333330111133301333333313330333333301333011113330111
11111113333011111113330111111100000333011111111133301111113333333330011333333333001111133301333033313333333330011333011113330111
11111113333011111113330111311100000333011111111133301113113333333301111333333330111111133303330133313333333301111333011113330111
11111113330111111133301113331100000333011111111333011133311333003301111133300330111111133301301133311333003301110333011113330111
11111113330111111133301133331110000330111111111333011333311000113301111100011330111111133301110133300000113301110333011113330111
11111113330111111333013333301110003330111111113330133333011111133301111111113330111111133301110333000011133301110333011113330111
11111113330111111333033333011010003330111111113330333330111111133301111111113330111111133301110333000001133301110333011133330111
11111133330111113333333300111110003330011133133333333001111111133011111111113301111133133330103330000000133011110333301133301101
11011133330111113333333011120110033301111133033333330111111111133011111110013301111133013333333330000000133011110033333333301000
10000133300111103333330011000000033301111133033333300011111101133000111000003301111133013333333300000000033001000033333333010000
10000003300011003333000000000000013301120003033330000001000000133000000000003301111003000333330000000000033000000003333330000000
00000000000000000000002002001000000000000030000000000000000000000000000000000000000030000000000000000000000000000000000000000000
00000000000000000000000000000000000000000000000000000000000000000000000000000000000000000000000000000000000000000000000000000000
33303000333030303330330000003000000000000000000000000330033303000300000003000000000000000000003330330033303300333033303330000333
30303000303030303000303000033000000000000000000000000303030303000300000033000000000000000000003000303030003030030003003000000303
33303000333003003300330000003000000000000000000000000330033303000300000003000000000000000000003000330033003030030003003330000333
30003000303003003000303000003000000000000000000000000303030303000300000003000000000000000000003000303030003030030003000030000003
30003330303003003330303000033300000000000000000000000330030303330333000033300000000000000000003330303033303300333003003330000333

0x000afa2e
00000000000000000000000000000000000000000000000000000000000000000000000000000000000000000000000000000000000000000000000000000000
00000000000330000000003330000000000030000000000000033300000003000000000000300000000000000000003000000003000000000000003330000000
00000000003330000000333333000000003333010000000003333330000033000000000003300000000000000000033300000033000000000000033333000000
00001010333330000003330033300000333330001000000033300333001033301000000013330010000010000000333010100033300000000000003333300000
01000003333330010003300033300003333300030000000033000333000033300001000003330000010000010001333000000033300000000000000033300000
10101033333300101033001033301033330000333010101330001333001033301010100013330010101010101013330010100033300010000013301033331010
01010333033301010133010133301033300003333101010330010333011333010101010133300101010101010103330101010333010000010103300003330101
10101330133300111330111333301333000033330010103301113333011333011310101033301030101010101033301010111333001310101033301013330011
01011001133301111101111333011330000333330111011011113330111333011331110133300133011101011133301111111333010331010133300103330111
10111111333301111111113330111330003333330111111111133301111333011330111133301133011111111333011111111333011330111033301013330111
11111111333301111111113330111330033303300111111111133301111333011330111133301133011111111333011111111333011330111333011113330111
11111111333011111111133301111333333033300111111111333011111333011330111133301133011111113330111333111333011330111333011113330111
11111111333011111111133301111133330033301111111111333011111333013330111133301333011111113330113333311333013330111333011113330111
11111111333011111111333011111103300033301111111113330111113330113333331333011333333111113330133333313330113333331333011113330111
11111111333011111111333011111110000033011101111113330111113330333333301333033333330111133301333333313330333333301333011113330111
11111113333011111113330111111111000333011011111133301111113333333330011333333333001111133301333033313333333330011333011113330111
11111113333011111113330111311111100333011111111133301113113333333301111333333330111111133303330133313333333301111333011113330111
11111113330111111133301113331111100333011111111333011133311333003301111133300330111111133301301133311333003301110333011113330111
11111113330111111133301133331111100330011111111333011333311000113301111100011330111111133301110133300000113301110333011113330111
11111113330111111333013333301111103330111111113330133333011111133301111111113330111111133301110333000011133301110333011113330111
11111113330111111333033333011111113330110111113330333330111111133301111111113330111111133301110333000001133301110333011133330111
11111133330111113333333300011011113330111133133333333001111111133011111111113301111133133330103330000000133011110333301133301101
11011133330111113333333011110101133301111133033333330111111111133011111110013301111133013333333330000000133011110033333333301000
10000133300111103333330111000001133301111133033333300011111101133000111000003301111133013333333300000000033001000033333333010000
10000003300011003333000000000100003301111003033330000001000000133000000000003301111003000333330000000000033000000003333330000000
00000000000000000000000000000000000001001030000000000000000000000000000000000000000030000000000000000000000000000000000000000000
00000000000000000000000000000000000000000000000000000000000000000000000000000000000000000000000000000000000000000000000000000000
33303000333030303330330000003000000000000000000000000330033303000300000003000000000000000000003330330033303300333033303330000333
30303000303030303000303000033000000000000000000000000303030303000300000033000000000000000000003000303030003030030003003000000303
33303000333003003300330000003000000000000000000000000330033303000300000003000000000000000000003000330033003030030003003330000333
30003000303003003000303000003000000000000000000000000303030303000300000003000000000000000000003000303030003030030003000030000003
30003330303003003330303000033300000000000000000000000330030303330333000033300000000000000000003330303033303300333003003330000333

0x000afada
00000000000000000000000000000000000000000000000000000000000000000000000000000000000000000000000000000000000000000000000000000000
00000000000330000000003330000000000030010000000000033300000003000000000000300000000000000000003000000003000000000000003330000000
00000000003330000000333333000000003333100000000003333330000033000000000003300000000000000000033300000033000000000000033333000000
00001010333330000003330033301010333330000000010033300333001033301000000013330010000010000000333010100033300000000000003333300000
01000003333330010003300033300003333300030000100033000333000033300001000003330000010000010001333000000033300000000000000033300000
10101033333300101033001033301033330000333011101330001333001033301010100013330010101010101013330010100033300010000013301033331010
01010333033301010133010133301133300003333101010330010333011333010101010133300101010101010103330101010333010000010103300003330101
10101330133300111330111333301333000033330000103301113333011333011310101033301030101010101033301010111333001310101033301013330011
01011001133301111101111333011330100333330011011011113330111333011331110133300133011101011133301111111333010331010133300103330111
10111111333301111111113330111330103333330111111111133301111333011330111133301133011111111333011111111333011330111033301013330111
11111111333301111111113330111330133303300110111111133301111333011330111133301133011111111333011111111333011330111333011113330111
11111111333011111111133301111333333033300111011111333011111333011330111133301133011111113330111333111333011330111333011113330111
11111111333011111111133301111133330033300111111111333011111333013330111133301333011111113330113333311333013330111333011113330111
11111111333011111111333011111103300033300111111113330111113330113333331333011333333111113330133333313330113333331333011113330111
11111111333011111111333011111110011033000111111113330111113330333333301333033333330111133301333333313330333333301333011113330111
11111113333011111113330111111111111333000010111133301111113333333330011333333333001111133301333033313333333330011333011113330111
11111113333011111113330111311111111333000011111133301113113333333301111333333330111111133303330133313333333301111333011113330111
11111113330111111133301113331111111333000011111333011133311333003301111133300330111111133301301133311333003301110333011113330111
11111113330111111133301133331110111330000011111333011333311000113301111100011330111111133301110133300000113301110333011113330111
11111113330111111333013333300111113330000011113330133333011111133301111111113330111111133301110333000011133301110333011113330111
11111113330111111333033333011111113330000111113330333330111111133301111111113330111111133301110333000001133301110333011133330111
11111133330111113333333300111111113330000133133333333001111111133011111111113301111133133330103330000000133011110333301133301101
11011133330111113333333011110101133300001133033333330111111111133011111110013301111133013333333330000000133011110033333333301000
10000133300111103333330111000001133300001133033333300011111101133000111000003301111133013333333300000000033001000033333333010000
10000003300011003333000000000010003300001103033330000001000000133000000000003301111003000333330000000000033000000003333330000000
00000000000000000000000000000000000000000030010000000000000000000000000000000000000030000000000000000000000000000000000000000000
00000000000000000000000000000000000000000000000000000000000000000000000000000000000000000000000000000000000000000000000000000000
33303000333030303330330000003000000000000000000000000330033303000300000003000000000000000000003330330033303300333033303330000333
30303000303030303000303000033000000000000000000000000303030303000300000033000000000000000000003000303030003030030003003000000303
33303000333003003300330000003000000000000000000000000330033303000300000003000000000000000000003000330033003030030003003330000333
30003000303003003000303000003000000000000000000000000303030303000300000003000000000000000000003000303030003030030003000030000003
30003330303003003330303000033300000000000000000000000330030303330333000033300000000000000000003330303033303300333003003330000333

0x000afb76
00000000000000000000000000000000000000000000000000000000000000000000000000000000000000000000000000000000000000000000000000000000
00000000000330000000003330000000000030000000000101033300000003000000000000300000000000000000003000000003000000000000003330000000
00000000003330000000333333000000003333000000001003333330000033000000000003300000000000000000033300000033000000000000033333000000
00001010333330000003330033301000333330000000000033300333001033301000000013330010000010000000333010100033300000000000003333300000
01000003333330010003300033300003333300030000001033000333000033300001000003330000010000010001333000000033300000000000000033300000
10101033333300101033001033301033330000333000011330001333001033301010100013330010101010101013330010100033300010000013301033331010
01010333033301010133010133301133300103333000010330010333011333010101010133300101010101010103330101010333010000010103300003330101
10101330133300111330111333301333011133330000103301113333011333011310101033301030101010101033301010111333001310101033301013330011
01011001133301111101111333011330111333330000011011113330111333011331110133300133011101011133301111111333010331010133300103330111
10111111333301111111113330111330113333330000111111133301111333011330111133301133011111111333011111111333011330111033301013330111
11111111333301111111113330111330133303300000101111133301111333011330111133301133011111111333011111111333011330111333011113330111
11111111333011111111133301111333333033300000111111333011111333011330111133301133011111113330111333111333011330111333011113330111
11111111333011111111133301111133330133300000111111333011111333013330111133301333011111113330113333311333013330111333011113330111
11111111333011111111333011111103301133300000111113330111113330113333331333011333333111113330133333313330113333331333011113330111
11111111333011111111333011111110011133000000111113330111113330333333301333033333330111133301333333313330333333301333011113330111
11111113333011111113330111111111111333010000111133301111113333333330011333333333001111133301333033313333333330011333011113330111
11111113333011111113330111311111111333000000011133301113113333333301111333333330111111133303330133313333333301111333011113330111
11111113330111111133301113331111111333000000011333011133311333003301111133300330111111133301301133311333003301110333011113330111
11111113330111111133301133331111111330110000011333011333311000113301111100011330111111133301110133300000113301110333011113330111
11111113330111111333013333301101103330110000013330133333011111133301111111113330111111133301110333000011133301110333011113330111
11111113330111111333033333011111113330010000113330333330111111133301111111113330111111133301110333000001133301110333011133330111
11111133330111113333333300111111113330110033133333333001111111133011111111113301111133133330103330000000133011110333301133301101
11011133330111113333333011110111133301110033033333330111111111133011111110013301111133013333333330000000133011110033333333301000
10000133300111103333330111000001133301100033033333300011111101133000111000003301111133013333333300000000033001000033333333010000
10000003300011003333000000000000013301100003033330000001000000133000000000003301111003000333330000000000033000000003333330000000
00000000000000000000000000000000000001000030000000000000000000000000000000000000000030000000000000000000000000000000000000000000
00000000000000000000000000000000000000000000000000000000000000000000000000000000000000000000000000000000000000000000000000000000
33303000333030303330330000003000000000000000000000000330033303000300000003000000000000000000003330330033303300333033303330000333
30303000303030303000303000033000000000000000000000000303030303000300000033000000000000000000003000303030003030030003003000000303
33303000333003003300330000003000000000000000000000000330033303000300000003000000000000000000003000330033003030030003003330000333
30003000303003003000303000003000000000000000000000000303030303000300000003000000000000000000003000303030003030030003000030000003
30003330303003003330303000033300000000000000000000000330030303330333000033300000000000000000003330303033303300333003003330000333

0x000afc22
00000000000000000000000000000000000000000000000000000000000000000000000000000000000000000000000000000000000000000000000000000000
00000000000330000000003330000000000030000000000000133300000003000000000000300000000000000000003000000003000000000000003330000000
00000000003330000000333333000000003333000000000003333330000033000000000003300000000000000000033300000033000000000000033333000000
00001010333330000003330033301000333330000000000033300333001033301000000013330010000010000000333010100033300000000000003333300000
01000003333330010003300033300003333301030000000033000333000033300001000003330000010000010001333000000033300000000000000033300000
10101033333300101033001033301033330011333000000330001333001033301010100013330010101010101013330010100033300010000013301033331010
01010333033301010133010133301133300103333000000330010333011333010101010133300101010101010103330101010333010000010103300003330101
10101330133300111330111333301333011033330000003301113333011333011310101033301030101010101033301010111333001310101033301013330011
01011001133301111101111333011330111333330000000011113330111333011331110133300133011101011133301111111333010331010133300103330111
10111111333301111111113330111330113333330000000011133301111333011330111133301133011111111333011111111333011330111033301013330111
11111111333301111111113330111330133303301000000011133301111333011330111133301133011111111333011111111333011330111333011113330111
11111111333011111111133301111333333033301010000111333011111333011330111133301133011111113330111333111333011330111333011113330111
11111111333011111111133301111133330133301000000111333011111333013330111133301333011111113330113333311333013330111333011113330111
11111111333011111111333011111103301133301100000113330111113330113333331333011333333111113330133333313330113333331333011113330111
11111111333011111111333011111110011133011100000113330111113330333333301333033333330111133301333333313330333333301333011113330111
11111113333011111113330111111111111333011100000133301111113333333330011333333333001111133301333033313333333330011333011113330111
11111113333011111113330111311111111333011100000133301113113333333301111333333330111111133303330133313333333301111333011113330111
11111113330111111133301113331111111333011110000333011133311333003301111133300330111111133301301133311333003301110333011113330111
11111113330111111133301133331111111330100110000333011333311000113301111100011330111111133301110133300000113301110333011113330111
11111113330111111333013333301111103330111110003330033333011111133301111111113330111111133301110333000011133301110333011113330111
11111113330111111333033333011111103330111110003330333330111111133301111111113330111111133301110333000001133301110333011133330111
11111133330111113333333300111111103330011133033333333001111111133011111111113301111133133330103330000000133011110333301133301101
11011133330111113333333011110111133301111133033333330111111111133011111110013301111133013333333330000000133011110033333333301000
10000133300111103333330111000001133301111133033333300011111101133000111000003301111133013333333300000000033001000033333333010000
10000003300011003333000000000000003301010003033330000001000000133000000000003301111003000333330000000000033000000003333330000000
00000000000000000000000000000001000000000030000000010000000000000000000000000000000030000000000000000000000000000000000000000000
00000000000000000000000000000000000000000000000000000000000000000000000000000000000000000000000000000000000000000000000000000000
33303000333030303330330000003000000000000000000000000330033303000300000003000000000000000000003330330033303300333033303330000333
30303000303030303000303000033000000000000000000000000303030303000300000033000000000000000000003000303030003030030003003000000303
33303000333003003300330000003000000000000000000000000330033303000300000003000000000000000000003000330033003030030003003330000333
30003000303003003000303000003000000000000000000000000303030303000300000003000000000000000000003000303030003030030003000030000003
30003330303003003330303000033300000000000000000000000330030303330333000033300000000000000000003330303033303300333003003330000333

0x000afcce
00000000000000000000000000000000000000000000000000000000000000000000000000000000000000000000000000000000000000000000000000000000
00000000000330000000003330000000000030000100000000033300000003000000000000300000000000000000003000000003000000000000003330000000
00000000003330000000333333000000003333000000000003333330000033000000000003300000000000000000033300000033000000000000033333000000
00001010333330000003330033301000333330001011000033300333001033301000000013330010000010000000333010100033300000000000003333300000
01000003333330010003300033300003333301030011000033000333000033300001000003330000010000010001333000000033300000000000000033300000
10101033333300101033001033301033330010333011000330001333001033301010100013330010101010101013330010100033300010000013301033331010
01010333033301010133010133301133300103333101000330001333011333010101010133300101010101010103330101010333010000010103300003330101
10101330133300111330111333301333011033330010013300003333011333011310101033301030101010101033301010111333001310101033301013330011
01011001133301111101111333011330111333330111000000003330111333011331110133300133011101011133301111111333010331010133300103330111
10111111333301111111113330111330113333330111000000033301111333011330111133301133011111111333011111111333011330111033301013330111
11111111333301111111113330111330133303301111000000033301111333011330111133301133011111111333011111111333011330111333011113330111
11111111333011111111133301111333333033301111000000333011111333011330111133301133011111113330111333111333011330111333011113330111
11111111333011111111133301111133330133301111000000333011111333013330111133301333011111113330113333311333013330111333011113330111
11111111333011111111333011111103301133301111000003330111113330113333331333011333333111113330133333313330113333331333011113330111
11111111333011111111333011111110011133011111100003330111113330333333301333033333330111133301333333313330333333301333011113330111
11111113333011111113330111111111111333011101100033301111113333333330011333333333001111133301333033313333333330011333011113330111
11111113333011111113330111311111111333011110100033300113113333333301111333333330111111133303330133313333333301111333011113330111
11111113330111111133301113331111111333011111100333011133311333003301111133300330111111133301301133311333003301110333011113330111
11111113330111111133301133331111111330101111100333011333311000113301111100011330111111133301110133300000113301110333011113330111
11111113330111111333013333301111113330101101103330133333011111133301111111113330111111133301110333000011133301110333011113330111
11111113330111111333033333011111113330111111103330333330111111133301111111113330111111133301110333000001133301110333011133330111
11111133330111113333333300111111113330111133133333333000011111133011111111113301111133133330103330000000133011110333301133301101
11011133330111113333333011110111133301111033033333330111111111133011111110013301111133013333333330000000133011110033333333301000
10000133300111103333330111000001133301111133033333300011111101133000111000003301111133013333333300000000033001000033333333010000
10000003300011003333000000000000013301011103033330000000000000133000000000003301111003000333330000000000033000000003333330000000
00000000000000000000000000000000000000000030000000000000000000000000000000000000000030000000000000000000000000000000000000000000
00000000000000000000000000000000000000000000000000000000000000000000000000000000000000000000000000000000000000000000000000000000
33303000333030303330330000003000000000000000000000000330033303000300000003000000000000000000003330330033303300333033303330000333
30303000303030303000303000033000000000000000000000000303030303000300000033000000000000000000003000303030003030030003003000000303
33303000333003003300330000003000000000000000000000000330033303000300000003000000000000000000003000330033003030030003003330000333
30003000303003003000303000003000000000000000000000000303030303000300000003000000000000000000003000303030003030030003000030000003
30003330303003003330303000033300000000000000000000000330030303330333000033300000000000000000003330303033303300333003003330000333

0x000afd6a
00000000000000000000000000000000000000000000000000000000000000000000000000000000000000000000000000000000000000000000000000000000
00000000000330000000003330000000000030000000000000033300100003000000000000300000000000000000003000000003000000000000003330000000
00000000003330000000333333000000003333000000100003333330100033000000000003300000000000000000033300000033000000000000033333000000
00001010333330000003330033301000333330001000000033300333011033301000000013330010000010000000333010100033300000000000003333300000
01000003333330010003300033300003333301030000010033000333000033300001000003330000010000010001333000000033300000000000000033300000
10101033333300101033001033301033330010333010101330000333001033301010100013330010101010101013330010100033300010000013301033331010
01010333033301010133010133301133300103333101011330000333011333010101010133300101010101010103330101010333010000010103300003330101
10101330133300111330111333301333011033330010113300003333011333011310101033301030101010101033301010111333001310101033301013330011
01011001133301111101111333011330111333330111011000003330111333011331110133300133011101011133301111111333010331010133300103330111
10111111333301111111113330111330113333330111111000033301111333011330111133301133011111111333011111111333011330111033301013330111
11111111333301111111113330111330133303301111111000033301111333011330111133301133011111111333011111111333011330111333011113330111
11111111333011111111133301111333333033301110111100333001111333011330111133301133011111113330111333111333011330111333011113330111
11111111333011111111133301111133330133301111111100333001111333013330111133301333011111113330113333311333013330111333011113330111
11111111333011111111333011111103301133301111111103330001113330113333331333011333333111113330133333313330113333331333011113330111
11111111333011111111333011111110011133011111111103330011113330333333301333033333330111133301333333313330333333301333011113330111
11111113333011111113330111111111111333011111111133300011113333333330011333333333001111133301333033313333333330011333011113330111
11111113333011111113330111311111111333011111101133300013103333333301111333333330111111133303330133313333333301111333011113330111
11111113330111111133301113331111111333011111111333000133311333003301111133300330111111133301301133311333003301110333011113330111
11111113330111111133301133331111111330111111111333000333311000113301111100011330111111133301110133300000113301110333011113330111
11111113330111111333013333301111113330111111113330033333011111133301111111113330111111133301110333000011133301110333011113330111
11111113330111111333033333011111113330111111113330333330101111133301111111113330111111133301110333000001133301110333011133330111
11111133330111113333333300111111113330111033133333333001111011133011111111113301111133133330103330000000133011110333301133301101
11011133330111113333333011110111133301011133033333330111111001133011111110013301111133013333333330000000133011110033333333301000
10000133300111103333330111000001133300111133033333300011011001133000111000003301111133013333333300000000033001000033333333010000
10000003300011003333000000000000013301111003033330000001000000133000000000003301111003000333330000000000033000000003333330000000
00000000000000000000000000000000000000000030000000000000000000000000000000000000000030000000000000000000000000000000000000000000
00000000000000000000000000000000000000000000000000000000000000000000000000000000000000000000000000000000000000000000000000000000
33303000333030303330330000003000000000000000000000000330033303000300000003000000000000000000003330330033303300333033303330000333
30303000303030303000303000033000000000000000000000000303030303000300000033000000000000000000003000303030003030030003003000000303
33303000333003003300330000003000000000000000000000000330033303000300000003000000000000000000003000330033003030030003003330000333
30003000303003003000303000003000000000000000000000000303030303000300000003000000000000000000003000303030003030030003000030000003
30003330303003003330303000033300000000000000000000000330030303330333000033300000000000000000003330303033303300333003003330000333

0x000afe16
00000000000000000000000000000000000000000000000000000000000000000000000000000000000000000000000000000000000000000000000000000000
00000000000330000000003330000000000030000000000000033300000103000000000000300000000000000000003000000003000000000000003330000000
00000000003330000000333333000000003333000000010003333330000033000000000003300000000000000000033300000033000000000000033333000000
00001010333330000003330033301000333330001000001033300333001033301000000013330010000010000000333010100033300000000000003333300000
01000003333330010003300033300003333301030000000033000333001033300001000003330000010000010001333000000033300000000000000033300000
10101033333300101033001033301033330010333010101330000333001033301010100013330010101010101013330010100033300010000013301033331010
01010333033301010133010133301133300103333101010330000333000333010101010133300101010101010103330101010333010000010103300003330101
10101330133300111330111333301333011033330010103301003333000333011310101033301030101010101033301010111333001310101033301013330011
01011001133301111101111333011330111333330111011011103330000333011331110133300133011101011133301111111333010331010133300103330111
10111111333301111111113330111330113333330111111111133300000333011330111133301133011111111333011111111333011330111033301013330111
11111111333301111111113330111330133303301111111111133300000333011330111133301133011111111333011111111333011330111333011113330111
11111111333011111111133301111333333033301111111111333000000333011330111133301133011111113330111333111333011330111333011113330111
11111111333011111111133301111133330133301111111110333001001333013330111133301333011111113330113333311333013330111333011113330111
11111111333011111111333011111103301133301111111113330000003330113333331333011333333111113330133333313330113333331333011113330111
11111111333011111111333011111110011133011111111113330000003330333333301333033333330111133301333333313330333333301333011113330111
11111113333011111113330111111111111333011111111133300000003333333330011333333333001111133301333033313333333330011333011113330111
11111113333011111113330111311111111333011111111133300003013333333301111333333330111111133303330133313333333301111333011113330111
11111113330111111133301113331111111333011110111333010033311333003301111133300330111111133301301133311333003301110333011113330111
11111113330111111133301133331111111330111111110333010333311000113301111100011330111111133301110133300000113301110333011113330111
11111113330111111333013333301111113330110112113330133333011111133301111111113330111111133301110333000011133301110333011113330111
11111113330111111333033333011111113330111111113330333330111110133301111111113330111111133301110333000001133301110333011133330111
11111133330111113333333300111111113330111133133333333000110111133011111111113301111133133330103330000000133011110333301133301101
11011133330111113333333011110111133301111133033333330001121111133011111110013301111133013333333330000000133011110033333333301000
10000133300111103333330111000001133301111133033333300001111001133000111000003301111133013333333300000000033001000033333333010000
10000003300011003333000000000000013301111203033330000001000200133000000000003301111003000333330000000000033000000003333330000000
00000000000000000000000000000000000000000030020000000000000000000000000000000000000030000000000000000000000000000000000000000000
00000000000000000000000000000000000000000000000000000000000000000000000000000000000000000000000000000000000000000000000000000000
33303000333030303330330000003000000000000000000000000330033303000300000003000000000000000000003330330033303300333033303330000333
30303000303030303000303000033000000000000000000000000303030303000300000033000000000000000000003000303030003030030003003000000303
33303000333003003300330000003000000000000000000000000330033303000300000003000000000000000000003000330033003030030003003330000333
30003000303003003000303000003000000000000000000000000303030303000300000003000000000000000000003000303030003030030003000030000003
30003330303003003330303000033300000000000000000000000330030303330333000033300000000000000000003330303033303300333003003330000333

0x000afec2
00000000000000000000000000000000000000000000000000000000000000000000000000000000000000000000000000000000000000000000000000000000
00000000000330000000003330000000000030000000000000033300000003000000000000300000000000000000003000000003000000000000003330000000
00000000003330000000333333000000003333000000000003333330000033000000000003300000000000000000033300000033000000000000033333000000
00001010333330000003330033301000333330001000000033300333000033301000000013330010000010000000333010100033300000000000003333300000
01000003333330010003300033300003333301030000000033010333000033300001000003330000010000010001333000000033300000000000000033300000
10101033333300101033001033301033330010333010101330011333000033301010100013330010101010101013330010100033300010000013301033331010
01010333033301010133010133301133300103333101010330011333000333010101010133300101010101010103330101010333010000010103300003330101
10101330133300111330111333301333011033330010103301113333001333011310101033301030101010101033301010111333001310101033301013330011
01011001133301111101111333011330111333330111011011113330000333011331110133300133011101011133301111111333010331010133300103330111
10111111333301111111113330111330113333330111111111133300000333011330111133301133011111111333011111111333011330111033301013330111
11111111333301111111113330111330133303301111111111133300000333011330111133301133011111111333011111111333011330111333011113330111
11111111333011111111133301111333333033301111111111333011000333011330111133301133011111113330111333111333011330111333011113330111
11111111333011111111133301111133330133301111111111333011000333013330111133301333011111113330113333311333013330111333011113330111
11111111333011111111333011111103301133301111111113330111003330013333331333011333333111113330133333313330113333331333011113330111
11111111333011111111333011111110011133011111111113330111003330333333301333033333330111133301333333313330333333301333011113330111
11111113333011111113330111111111111333011111111133301111003333333330011333333333001111133301333033313333333330011333011113330111
11111113333011111113330111311111111333011111111133301113003333333301111333333330111111133303330133313333333301111333011113330111
11111113330111111133301113331111111333011111101333011133300333003301111133300330111111133301301133311333003301110333011113330111
11111113330111111133301133331111111330111111111333011333300000113301111100011330111111133301110133300000113301110333011113330111
11111113330111111333013333301111113330111111113330033333000011133301111111113330111111133301110333000011133301110333011113330111
11111113330111111333033333011111113330111111103330333330000011133301111111113330111111133301110333000001133301110333011133330111
11111133330111113333333300111111113330111133133333333000000111133011111111113301111133133330103330000000133011110333301133301101
11011133330111113333333011110111133301111133033333330100001111133011111110013301111133013333333330000000133011110033333333301000
10000133300111103333330111000001133301111133033333300000011101133000111000003301111133013333333300000000033001000033333333010000
10000003300011003333000000000000013301111003033330000000000200233000000000003301111003000333330000000000033000000003333330000000
00000000000000000000000000000000000000000030000000202000020000000000000000000000000030000000000000000000000000000000000000000000
00000000000000000000000000000000000000000000000000000000000000000000000000000000000000000000000000000000000000000000000000000000
33303000333030303330330000003000000000000000000000000330033303000300000003000000000000000000003330330033303300333033303330000333
30303000303030303000303000033000000000000000000000000303030303000300000033000000000000000000003000303030003030030003003000000303
33303000333003003300330000003000000000000000000000000330033303000300000003000000000000000000003000330033003030030003003330000333
30003000303003003000303000003000000000000000000000000303030303000300000003000000000000000000003000303030003030030003000030000003
30003330303003003330303000033300000000000000000000000330030303330333000033300000000000000000003330303033303300333003003330000333

0x000aff5e
00000000000000000000000000000000000000000000000000000000000000000000000000000000000000000000000000000000000000000000000000000000
00000000000330000000003330000000000030000000000000033300000003000000000000300000000000000000003000000003000000000000003330000000
00000000003330000000333333000000003333000000000003333330000133001000000003300000000000000000033300000033000000000000033333000000
00001010333330000003330033301000333330001000000033300333000033301000000013330010000010000000333010100033300000000000003333300000
01000003333330010003300033300003333301030000000033001333000033300101000003330000010000010001333000000033300000000000000033300000
10101033333300101033001033301033330010333010101330001333000033301110100013330010101010101013330010100033300010000013301033331010
01010333033301010133010133301133300103333101010330010333000333000111010133300101010101010103330101010333010000010103300003330101
10101330133300111330111333301333011033330010103301113333010333000310101033301030101010101033301010111333001310101033301013330011
01011001133301111101111333011330111333330111011011113330110333000331110133300133011101011133301111111333010331010133300103330111
10111111333301111111113330111330113333330111111111133301110333000330111133301133011111111333011111111333011330111033301013330111
11111111333301111111113330111330133303301111111111133301111333000330111133301133011111111333011111111333011330111333011113330111
11111111333011111111133301111333333033301111111111333011111333000330111133301133011111113330111333111333011330111333011113330111
11111111333011111111133301111133330133301111111111333011111333003330111133301333011111113330113333311333013330111333011113330111
11111111333011111111333011111103301133301111111113330111113330003333331333011333333111113330133333313330113333331333011113330111
11111111333011111111333011111110011133011111111113330111113330333333301333033333330111133301333333313330333333301333011113330111
11111113333011111113330111111111111333011111111133301111113333333330011333333333001111133301333033313333333330011333011113330111
11111113333011111113330111311111111333011111111133301113013333333301111333333330111111133303330133313333333301111333011113330111
11111113330111111133301113331111111333011111111333011133311333003301111133300330111111133301301133311333003301110333011113330111
11111113330111111133301133331111111330111111111333011333310000113301111100011330111111133301110133300000113301110333011113330111
11111113330111111333013333301111113330111111113330133333010000133301111111113330111111133301110333000011133301110333011113330111
11111113330111111333033333011111113330111111113330333330100001133301111111113330111111133301110333000001133301110333011133330111
11111133330111113333333300111111113330111133133333333001101001133011111111113301111133133330103330000000133011110333301133301101
11011133330111113333333011110111133301111133033333330111100011133011111110013301111133013333333330000000133011110033333333301000
10000133300111103333330111000001133301111133033333302011000101133000111000003301111133013333333300000000033001000033333333010000
10000003300011003333000000000000013301111003033330000001000002133000000000003301111003000333330000000000033000000003333330000000
00000000000000000000000000000000000000000030000002000200000000000000000000000000000030000000000000000000000000000000000000000000
00000000000000000000000000000000000000000000000000000000000000000000000000000000000000000000000000000000000000000000000000000000
33303000333030303330330000003000000000000000000000000330033303000300000003000000000000000000003330330033303300333033303330000333
30303000303030303000303000033000000000000000000000000303030303000300000033000000000000000000003000303030003030030003003000000303
33303000333003003300330000003000000000000000000000000330033303000300000003000000000000000000003000330033003030030003003330000333
30003000303003003000303000003000000000000000000000000303030303000300000003000000000000000000003000303030003030030003000030000003
30003330303003003330303000033300000000000000000000000330030303330333000033300000000000000000003330303033303300333003003330000333

0x000b000a
00000000000000000000000000000000000000000000000000000000000000000000000000000000000000000000000000000000000000000000000000000000
00000000000330000000003330000000000030000000000000033300000003000001000000300000000000000000003000000003000000000000003330000000
00000000003330000000333333000000003333000000000003333330000033000001000003300000000000000000033300000033000000000000033333000000
00001010333330000003330033301000333330001000000033300333000033300000000013330010000010000000333010100033300000000000003333300000
01000003333330010003300033300003333301030000000033000333000033300001000003330000010000010001333000000033300000000000000033300000
10101033333300101033001033301033330010333010101330001333001033300000100013330010101010101013330010100033300010000013301033331010
01010333033301010133010133301133300103333101010330010333011333000001110133300101010101010103330101010333010000010103300003330101
10101330133300111330111333301333011033330010103301113333011333000300101033301030101010101033301010111333001310101033301013330011
01011001133301111101111333011330111333330111011011113330111333000331110133300133011101011133301111111333010331010133300103330111
10111111333301111111113330111330113333330111111111133301111333000330111133301133011111111333011111111333011330111033301013330111
11111111333301111111113330111330133303301111111111133301110333000330111133301133011111111333011111111333011330111333011113330111
11111111333011111111133301111333333033301111111111333011111333000330111133301133011111113330111333111333011330111333011113330111
11111111333011111111133301111133330133301111111111333011111333003330111133301333011111113330113333311333013330111333011113330111
11111111333011111111333011111103301133301111111113330111113330003333331333011333333111113330133333313330113333331333011113330111
11111111333011111111333011111110011133011111111113330111113330333333301333033333330111133301333333313330333333301333011113330111
11111113333011111113330111111111111333011111111133301111113333333330011333333333001111133301333033313333333330011333011113330111
11111113333011111113330111311111111333011111111133301113113333333301111333333330111111133303330133313333333301111333011113330111
11111113330111111133301113331111111333011111111333011133311333003301111133300330111111133301301133311333003301110333011113330111
11111113330111111133301133331111111330111111111333011333311000003301111100011330111111133301110133300000113301110333011113330111
11111113330111111333013333301111113330111111113330133333011100033300111111113330111111133301110333000011133301110333011113330111
11111113330111111333033333011111113330111111113330333330111100033301111111113330111111133301110333000001133301110333011133330111
11111133330111113333333300111111113330111133133333333001111100033011111111113301111133133330103330000000133011110333301133301101
11011133330111113333333011110111133301111133033333330111111100033011111110013301111133013333333330000000133011110033333333301000
10000133300111103333330111000001133301111133033333300001121000133000111000003301111133013333333300000000033001000033333333010000
10000003300011003333000000000000013301111003033330000001000000133000000000003301111003000333330000000000033000000003333330000000
00000000000000000000000000000000000000000030000000000000200000000000200000000000000030000000000000000000000000000000000000000000
00000000000000000000000000000000000000000000000000000000000000000000000000000000000000000000000000000000000000000000000000000000
33303000333030303330330000003000000000000000000000000330033303000300000003000000000000000000003330330033303300333033303330000333
30303000303030303000303000033000000000000000000000000303030303000300000033000000000000000000003000303030003030030003003000000303
33303000333003003300330000003000000000000000000000000330033303000300000003000000000000000000003000330033003030030003003330000333
30003000303003003000303000003000000000000000000000000303030303000300000003000000000000000000003000303030003030030003000030000003
30003330303003003330303000033300000000000000000000000330030303330333000033300000000000000000003330303033303300333003003330000333

0x000b00b6
00000000000000000000000000000000000000000000000000000000000000000000000000000000000000000000000000000000000000000000000000000000
00000000000330000000003330000000000030000000000000033300000000000300110000000333330000000000003000000000003333300000003330000000
00000000003330000000333333000000003333000000000003333330000000033330000000333333333000000000333300000003333333330000033333000000
00001010333330000003330033301000333330001000000033300333001003333300010033333333300010000033333010100333333333000000003333300000
01000003333330010003300033300003333301030000000033000333010033333000310033333000010000010333330003000333330000000000000033300000
10101033333300101033001033301033330010333010101330001333001333300003331033300010101010103333001033300333000010000013301033331010
01010333033301010133010133301133300103333101010330010333010333000033331133000101010101013330010333310330010000010103300003330101
10101330133300111330111333301333011033330010103301113333013330000333301333001010101010133300103333013330101010101033301013330011
01011001133301111101111333011330111333330111011011113330113301003333300333010333331101033011133333013330113333310133300103330111
10111111333301111111113330111330113333330111111111133301113301033333301330133333333111133011333333013301333333331033301013330111
11111111333301111111113330111330133303301111111111133301113301333033011333333333333111133013330330113333333333331333011113330111
11111111333011111111133301111333333033301111111111333011113333330333011333333000333111133333303330113333330003331333011113330111
11111111333011111111133301111133330133301111111111333011111333300333011333000111333111113333013330113330001113331333011113330111
11111111333011111111333011111103301133301111111113330111111033000333011300111113333111110330113330113001111133331333011113330111
11111111333011111111333011111110011133011111111113330111111100100330011011111133330111111001113301110111111333301333011113330111
11111113333011111113330111111111111333011111111133301111111111103330010111111333330111111111133301111111113333301333011113330111
11111113333011111113330111311111111333011111111133301113111111103330010111113333301111111111133301111111133333011333011113330111
11111113330111111133301113331111111333011111111333011133311111103330111111113333011111111111133301111111133330110333011113330111
11111113330111111133301133331111111330111111111333011333311111103300111111133330111111111111133000000111333301110333011113330111
11111113330111111333013333301111113330111111113330133333011111133301110111333301111111111111333000000013333011110333011113330111
11111113330111111333033333011111113330111111113330333330111101133301111113333011111111111111333000000033330111110333011133330111
11111133330111113333333300111111113330111133133333333001111111133301111113330111111133111111333000000033301111110333301133301101
11011133330111113333333011110111133301111133033333330111111111333011111133330111111133011113330000000333301111110033333333301000
10000133300111103333330111000001133301111133033333300010111101333000110333300111111133011113330000003333000001000033333333010000
10000003300011003333000000000000013301111003033330000001000000033000000333000011111003000000330000003330000000000003333330000000
00000000000000000000000000000000000000000030000000000000000000000000000000000000000030000000000000000000000000000000000000000000
00000000000000000000000000000000000000000000000000000000000000000000000000000000000000000000000000000000000000000000000000000000
33303000333030303330330000003000000000000000000000000330033303000300000003000000000000000000003330330033303300333033303330000333
30303000303030303000303000033000000000000000000000000303030303000300000033000000000000000000003000303030003030030003003000000303
33303000333003003300330000003000000000000000000000000330033303000300000003000000000000000000003000330033003030030003003330000333
30003000303003003000303000003000000000000000000000000303030303000300000003000000000000000000003000303030003030030003000030000003
30003330303003003330303000033300000000000000000000000330030303330333000033300000000000000000003330303033303300333003003330000333

0x000b0162
00000000000000000000000000000000000000000000000000000000000000000000000000000000000000000000000000000000000000000000000000000000
00000000000330000000003330000000000030000000000000033300000000000300000100000333330000000000003000000000003333300000003330000000
00000000003330000000333333000000003333000000000003333330001000033330000010333333333000000000333300000003333333330000033333000000
00001010333330000003330033301000333330001000000033300333001013333300000033333333300010000033333010100333333333000000003333300000
01000003333330010003300033300003333301030000000033000333000033333000300033333000010000010333330003000333330000000000000033300000
10101033333300101033001033301033330010333010101330001333001333300003330033300010101010103333001033300333000010000013301033331010
01010333033301010133010133301133300103333101010330010333011333000033330133000101010101013330010333310330010000010103300003330101
10101330133300111330111333301333011033330010103301113333013330000333300333001010101010133300103333013330101010101033301013330011
01011001133301111101111333011330111333330111011011113330113301103333300333010333331101033011133333013330113333310133300103330111
10111111333301111111113330111330113333330111111111133301113301133333300330133333333111133011333333013301333333331033301013330111
11111111333301111111113330111330133303301111111111133301113301333033000333333333333111133013330330113333333333331333011113330111
11111111333011111111133301111333333033301111111111333011113333330333000333333000333111133333303330113333330003331333011113330111
11111111333011111111133301111133330133301111111111333011111333300333000333000111333111113333013330113330001113331333011113330111
11111111333011111111333011111103301133301111111113330111111033011333000300111113333111110330113330113001111133331333011113330111
11111111333011111111333011111110011133011111111113330111111100111330000011111133330111111001113301110111111333301333011113330111
11111113333011111113330111111111111333011111111133301111111111113330000011111333330111111111133301111111113333301333011113330111
11111113333011111113330111311111111333011111111133301113111111113330000011013333301111111111133301111111133333011333011113330111
11111113330111111133301113331111111333011111111333011133311111113330000011013333011111111111133301111111133330110333011113330111
11111113330111111133301133331111111330111111111333011333311111113300000111133330111111111111133000000111333301110333011113330111
11111113330111111333013333301111113330111111113330133333011111133300000111333301111111111111333000000013333011110333011113330111
11111113330111111333033333011111113330111111113330333330111011133300001113333011111111111111333000000033330111110333011133330111
11111133330111113333333300111111113330111133133333333001111111133300001113330111111133111111333000000033301111110333301133301101
11011133330111113333333011110111133301111133033333330111111111333010001133330111111133011113330000000333301111110033333333301000
10000133300111103333330111000001133301111133033333300011111001333000001333300111111133011113330000003333000001000033333333010000
10000003300011003333000000000000013301111003033330000001000000133000000333020011111003000000330000003330000000000003333330000000
00000000000000000000000000000000000000000030000000000000002002000000000000000000000030000000000000000000000000000000000000000000
00000000000000000000000000000000000000000000000000000000000000000000000000000000000000000000000000000000000000000000000000000000
33303000333030303330330000003000000000000000000000000330033303000300000003000000000000000000003330330033303300333033303330000333
30303000303030303000303000033000000000000000000000000303030303000300000033000000000000000000003000303030003030030003003000000303
33303000333003003300330000003000000000000000000000000330033303000300000003000000000000000000003000330033003030030003003330000333
30003000303003003000303000003000000000000000000000000303030303000300000003000000000000000000003000303030003030030003000030000003
30003330303003003330303000033300000000000000000000000330030303330333000033300000000000000000003330303033303300333003003330000333

0x000b01fe
00000000000000000000000000000000000000000000000000000000000000000000000000000000000000000000000000000000000000000000000000000000
00000000000330000000003330000000000030000000000000033300000001000300000000000333330000000000003000000000003333300000003330000000
00000000003330000000333333000000003333000000000003333330000000033330000000333333333000000000333300000003333333330000033333000000
00001010333330000003330033301000333330001000000033300333001013333300000033333333300010000033333010100333333333000000003333300000
01000003333330010003300033300003333301030000000033000333000033333000311033333000010000010333330003000333330000000000000033300000
10101033333300101033001033301033330010333010101330001333001333300003330033300010101010103333001033300333000010000013301033331010
01010333033301010133010133301133300103333101010330010333011333011033330033000101010101013330010333310330010000010103300003330101
10101330133300111330111333301333011033330010103301113333013330111333300333001010101010133300103333013330101010101033301013330011
01011001133301111101111333011330111333330111011011113330113301113333300333010333331101033011133333013330113333310133300103330111
10111111333301111111113330111330113333330111111111133301113301133333300330133333333111133011333333013301333333331033301013330111
11111111333301111111113330111330133303301111111111133301113301333033000333333333333111133013330330113333333333331333011113330111
11111111333011111111133301111333333033301111111111333011113333330333000333333000333111133333303330113333330003331333011113330111
11111111333011111111133301111133330133301111111111333011111333301333000333000111333111113333013330113330001113331333011113330111
11111111333011111111333011111103301133301111111113330111111033011333000300011113333111110330113330113001111133331333011113330111
11111111333011111111333011111110011133011111111113330111111100111330000000011133330111111001113301110111111333301333011113330111
11111113333011111113330111111111111333011111111133301111111111113330000000011333330111111111133301111111113333301333011113330111
11111113333011111113330111311111111333011111111133301113111111113330100000013333301111111111133301111111133333011333011113330111
11111113330111111133301113331111111333011111111333011133311111113330100000013333011111111111133301111111133330110333011113330111
11111113330111111133301133331111111330111111111333011333311111113301100000033330111111111111133000000111333301110333011113330111
11111113330111111333013333301111113330111111113330133333011111133301100000333301111111111111333000000013333011110333011113330111
11111113330111111333033333011111113330111111113330333330111111133301110003333011111111111111333000000033330111110333011133330111
11111133330111113333333300111111113330111133133333333001111111033301110003330111111133111111333000000033301111110333301133301101
11011133330111113333333011110111133301111133033333330111111111333001111033330111111133011113330000000333301111110033333333301000
10000133300111103333330111000001133301111133033333300011111101333000110333300111111133011113330000003333000001000033333333010000
10000003300011003333000000000000013301111003033330000001000000133000000333000011111003000000330000003330000000000003333330000000
00000000000000000000000000000000000000000030000000000000000000000000000000001001000030000000000000000000000000000000000000000000
00000000000000000000000000000000000000000000000000000000000000000000000000000000000000000000000000000000000000000000000000000000
33303000333030303330330000003000000000000000000000000330033303000300000003000000000000000000003330330033303300333033303330000333
30303000303030303000303000033000000000000000000000000303030303000300000033000000000000000000003000303030003030030003003000000303
33303000333003003300330000003000000000000000000000000330033303000300000003000000000000000000003000330033003030030003003330000333
30003000303003003000303000003000000000000000000000000303030303000300000003000000000000000000003000303030003030030003000030000003
30003330303003003330303000033300000000000000000000000330030303330333000033300000000000000000003330303033303300333003003330000333

0x000b02aa
00000000000000000000000000000000000000000000000000000000000000000000000000000000000000000000000000000000000000000000000000000000
00000000000330000000003330000000000030000000000000033300000000000300000000010333330000000000003000000000003333300000003330000000
00000000003330000000333333000000003333000000000003333330000000033330000000333333333000000000333300000003333333330000033333000000
00001010333330000003330033301000333330001000000033300333001013333300000033333333300010000033333010100333333333000000003333300000
01000003333330010003300033300003333301030000000033000333000033333001300033333000010000010333330003000333330000000000000033300000
10101033333300101033001033301033330010333010101330001333001333300013330033300011101010103333001033300333000010000013301033331010
01010333033301010133010133301133300103333101010330010333011333010133330033000101010101013330010333310330010000010103300003330101
10101330133300111330111333301333011033330010103301113333013330111333300333000000101010133300103333013330101010101033301013330011
01011001133301111101111333011330111333330111011011113330113301113333300333000333331101033011133333013330113333310133300103330111
10111111333301111111113330111330113333330111111111133301113301133333300330033333333111133011333333013301333333331033301013330111
11111111333301111111113330111330133303301111111111133301113301333033000333333333333111133013330330113333333333331333011113330111
11111111333011111111133301111333333033301111111111333011113333330333010333333000333111133333303330113333330003331333011113330111
11111111333011111111133301111133330133301111111111333011111333301333010333000111333111113333013330113330001113331333011113330111
11111111333011111111333011111103301133301111111113330111111033011333010300000113333111110330113330113001111133331333011113330111
11111111333011111111333011111110011133011111111113330111111100111330111000000133330111111001113301110111111333301333011113330111
11111113333011111113330111111111111333011111111133301111111111113330111000000333330111111111133301111111113333301333011113330111
11111113333011111113330111311111111333011111111133301113111111113330111100003333301111111111133301111111133333011333011113330111
11111113330111111133301113331111111333011111111333011133311111113330111100003333011111111111133301111111133330110333011113330111
11111113330111111133301133331111111330111111111333011333311111113300111100033330111111111111133000000111333301110333011113330111
11111113330111111333013333301111113330111111113330133333011111133301111111333301111111111111333000000013333011110333011113330111
11111113330111111333033333011111113330111111113330333330111111133301111113333011111111111111333000000033330111110333011133330111
11111133330111113333333300111111113330111133133333333001111111133301110113330111111133111111333000000033301111110333301133301101
11011133330111113333333011110111133301111133033333330111111111333001100033330111111133011113330000000333301111110033333333301000
10000133300111103333330111000001133301111133033333300011111101333000111333300111111133011113330000003333000001000033333333010000
10000003300011003333000000000000013301111003033330000001000000133010000333000111111003000000330000003330000000000003333330000000
00000000000000000000000000000000000000000030000000000000000000000000000000000000010030000000000000000000000000000000000000000000
00000000000000000000000000000000000000000000000000000000000000000000000000000000000000000000000000000000000000000000000000000000
33303000333030303330330000003000000000000000000000000330033303000300000003000000000000000000003330330033303300333033303330000333
30303000303030303000303000033000000000000000000000000303030303000300000033000000000000000000003000303030003030030003003000000303
33303000333003003300330000003000000000000000000000000330033303000300000003000000000000000000003000330033003030030003003330000333
30003000303003003000303000003000000000000000000000000303030303000300000003000000000000000000003000303030003030030003000030000003
30003330303003003330303000033300000000000000000000000330030303330333000033300000000000000000003330303033303300333003003330000333

0x000b11ad
00000000000000000000000000000000000000000000000000000000000000000000000000000000000000000000000000000000000000000000000000000000
00000000000330000003333330000000000030000000000010033300000000000300000000000333330000000000003000000000003333300000003330000000
00000000003330000333333333000000000333000000000013333330000000033330000000333333333000000000333300000003333333330000033333000000
00001010333330003333000333001000003330000000000033300333001013333300000033333333300010000033333010100333333333000000003333300000
01000003333330010330000333000000003330000000000033000333000033333001300033333000010000010333330003000333330000000000000033300000
10101033333300101000103330101010133301000000000330001333001333300013330033300010101010103333001033300333000010000013301033331010
01010333033301010101033301111111133301000000000330010333011333010133330133000101010101013330010333310330010000010103300003330101
10101330133300111010333011111111333010000000003301113333013330111333301333001010101010133300103333013330101010101033301013330011
01011001133301111113330333311111333011000000001011113330113301113333300333010333331101033011133333013330113333310133300103330111
10111111333301111133333333331113330111000000001111133301113301133333301330133333333111133011333333013301333333331033301013330111
11111111333301111333333333331113330111100000001111133301113301333033011333333333333111133013330330113333333333331333011113330111
11111111333011113333300003331133301113331000011111333011113333330333011333333000333111133333303330113333330003331333011113330111
11111111333011113300011113331133301133333000011111333011111333301333011333000111333111113333013330113330001113331333011113330111
11111111333011110011111133331133301333333000011113330111111033011333011300111113333111110330113330113001111133331333011113330111
11111111333011111111111333301333013333333000011113330111111100111330111011111133330111111001113301110111111333301333011113330111
11111113333011111111113333301333013330333000011133301111111111113330111111111333330111111111133301111111113333301333011113330111
11111113333011111111133333011333033301333000011033301113111111113330111111113333301111111111133301111111133333011333011113330111
11111113330111111111133330111333013011333000011333011133311111113330111111113333011111111111133301111111133330110333011113330111
11111113330111111111333301111333011010333000011333011333311111113301111111133330111111111111133000000111333301110333011113330111
11111113330111111113333011111333011113330000013330133333011111133301111111333301111111111111333000000013333011110333011113330111
11111113330111111133330111111333011113330000113330333330111111133301111113333011111111111111333000000033330111110333011133330111
11111133330111111133301111111333301133300033133333333001111111133301111113330111111133111111333000000033301111110333301133301101
11011133330111111333301111110133333333300033033333330111111111333011111133330111111133011113330000000333301111110033333333301000
10000133300111103333000111000033333333010033033333300011111101333000111333300111111133011113330000003333000001000033333333010000
10000003300011003330000000000003333300010003033330000001000000133000000333000011111003000000330000003330000000000003333330000000
00000000000000000000000000000100000000000030000001000000000000000000000000000000000030000000000000000000000000000000000000000000
00000000000000000000000000000000000000000000000000000000000000000000000000000000000000000000000000000000000000000000000000000000
33303000333030303330330000003000000000000000000000000330033303000300000003000000000000000000003330330033303300333033303330000333
30303000303030303000303000033000000000000000000000000303030303000300000033000000000000000000003000303030003030030003003000000303
33303000333003003300330000003000000000000000000000000330033303000300000003000000000000000000003000330033003030030003003330000333
30003000303003003000303000003000000000000000000000000303030303000300000003000000000000000000003000303030003030030003000030000003
30003330303003003330303000033300000000000000000000000330030303330333000033300000000000000000003330303033303300333003003330000333

0x000b1259
00000000000000000000000000000000000000000000000000000000000000000000000000000000000000000000000000000000000000000000000000000000
00000000000330000003333330000000000030100000000000033300000000000300000000000333330000000000003000000000003333300000003330000000
00000000003330000333333333000000000333000000000003333330000000033330000000333333333000000000333300000003333333330000033333000000
00001010333330003333000333001000003330011000000033300333001013333300000033333333300010000033333010100333333333000000003333300000
01000003333330010330000333000000003330011000000033000333000033333001300033333000010000010333330003000333330000000000000033300000
10101033333300101000103330101010133300111000000330001333001333300013330033300010101010103333001033300333000010000013301033331010
01010333033301010101033301111111133301011000000330010333011333010133330133000101010101013330010333310330010000010103300003330101
10101330133300111010333011111111333010111010003301113333013330111333301333001010101010133300103333013330101010101033301013330011
01011001133301111113330333311111333011111000000001113330113301113333300333010333331101033011133333013330113333310133300103330111
10111111333301111133333333331113330111111000000011133301113301133333301330133333333111133011333333013301333333331033301013330111
11111111333301111333333333331113330111111000000011133301113301333033011333333333333111133013330330113333333333331333011113330111
11111111333011113333300003331133301113331000000011333011113333330333011333333000333111133333303330113333330003331333011113330111
11111111333011113300011113331133301133333000000011333011111333301333011333000111333111113333013330113330001113331333011113330111
11111111333011110011111133331133301333333000000013330111111033011333011300111113333111110330113330113001111133331333011113330111
11111111333011111111111333301333013333333100000113330111111100111330111011111133330111111001113301110111111333301333011113330111
11111113333011111111113333301333013330333100000133301111111111113330111111111333330111111111133301111111113333301333011113330111
11111113333011111111133333011333033301333100000133301113111111113330111111113333301111111111133301111111133333011333011113330111
11111113330111111111133330111333013011333100000333011133311111113330111111113333011111111111133301111111133330110333011113330111
11111113330111111111333301111333011101333100000333011333311111113301111111133330111111111111133000000111333301110333011113330111
11111113330111111113333011111333011103330100003330133333011111133301111111333301111111111111333000000013333011110333011113330111
11111113330111111133330111111333011113330100003330333330111111133301111113333011111111111111333000000033330111110333011133330111
11111133330111111133301111111333300133301133133333333001111111133301111113330111111133111111333000000033301111110333301133301101
11011133330111111333301111110133333333300133033333330111111111333011111133330111111133011113330000000333301111110033333333301000
10000133300111103333000111000033333333011133033333300011111101333000111333300111111133011113330000003333000001000033333333010000
10000003300011003330000000000003333300110003033330000001000000133000000333000011111003000000330000003330000000000003333330000000
00000000000000000000000000000000000000000030000000000000000000000000000000000000000030000000000000000000000000000000000000000000
00000000000000000000000000000000000000000000000000000000000000000000000000000000000000000000000000000000000000000000000000000000
33303000333030303330330000003000000000000000000000000330033303000300000003000000000000000000003330330033303300333033303330000333
30303000303030303000303000033000000000000000000000000303030303000300000033000000000000000000003000303030003030030003003000000303
33303000333003003300330000003000000000000000000000000330033303000300000003000000000000000000003000330033003030030003003330000333
30003000303003003000303000003000000000000000000000000303030303000300000003000000000000000000003000303030003030030003000030000003
30003330303003003330303000033300000000000000000000000330030303330333000033300000000000000000003330303033303300333003003330000333

0x000b1305
00000000000000000000000000000000000000000000000000000000000000000000000000000000000000000000000000000000000000000000000000000000
00000000000330000003333330000000000030000000000000033300000000000300000000000333330000000000003000000000003333300000003330000000
00000000003330000333333333000000000333001000000003333330000000033330000000333333333000000000333300000003333333330000033333000000
00001010333330003333000333001000003330001000100033300333001013333300000033333333300010000033333010100333333333000000003333300000
01000003333330010330000333000000003330000100000033000333000033333001300033333000010000010333330003000333330000000000000033300000
10101033333300101000103330101010133300101010000330001333001333300013330033300010101010103333001033300333000010000013301033331010
01010333033301010101033301111111133301010110000330001333011333010133330133000101010101013330010333310330010000010103300003330101
10101330133300111010333011111111333010101110003300003333013330111333301333001010101010133300103333013330101010101033301013330011
01011001133301111113330333311111333011111110000000003330113301113333300333010333331101033011133333013330113333310133300103330111
10111111333301111133333333331113330111111110000000033301113301133333301330133333333111133011333333013301333333331033301013330111
11111111333301111333333333331113330111111110000000033301113301333033011333333333333111133013330330113333333333331333011113330111
11111111333011113333300003331133301113331111000000333011113333330333011333333000333111133333303330113333330003331333011113330111
11111111333011113300011113331133301133333111000000333011111333301333011333000111333111113333013330113330001113331333011113330111
11111111333011110011111133331133301333333111000003330111111033011333011300111113333111110330113330113001111133331333011113330111
11111111333011111111111333301333013333333111000003330111111100111330111011111133330111111001113301110111111333301333011113330111
11111113333011111111113333301333013330333111000033301111111111113330111111111333330111111111133301111111113333301333011113330111
11111113333011111111133333011333033301333011000033301013111111113330111111113333301111111111133301111111133333011333011113330111
11111113330111111111133330111333013011333111001333011133311111113330111111113333011111111111133301111111133330110333011113330111
11111113330111111111333301111333011111333111000333011333311111113301111111133330111111111111133000000111333301110333011113330111
11111113330111111113333011111333011113330111003330133333011111133301111111333301111111111111333000000013333011110333011113330111
11111113330111111133330111111333011113330111003330333330111111133301111113333011111111111111333000000033330111110333011133330111
11111133330111111133301111111333301133301033033333333000111111133301111113330111111133111111333000000033301111110333301133301101
11011133330111111333301111110133333333301133033333330110011111333011111133330111111133011113330000000333301111110033333333301000
10000133300111103333000111000033333333021133033333300010011101333000111333300111111133011113330000003333000001000033333333010000
10000003300011003330000000000003333300011013033330000001000000133000000333000011111003000000330000003330000000000003333330000000
00000000000000000000000000000000000000000030000000000000000000000000000000000000000030000000000000000000000000000000000000000000
00000000000000000000000000000000000000000000000000000000000000000000000000000000000000000000000000000000000000000000000000000000
33303000333030303330330000003000000000000000000000000330033303000300000003000000000000000000003330330033303300333033303330000333
30303000303030303000303000033000000000000000000000000303030303000300000033000000000000000000003000303030003030030003003000000303
33303000333003003300330000003000000000000000000000000330033303000300000003000000000000000000003000330033003030030003003330000333
30003000303003003000303000003000000000000000000000000303030303000300000003000000000000000000003000303030003030030003000030000003
30003330303003003330303000033300000000000000000000000330030303330333000033300000000000000000003330303033303300333003003330000333

0x000b13b1
00000000000000000000000000000000000000000000000000000000000000000000000000000000000000000000000000000000000000000000000000000000
00000000000330000003333330000000000030000000000000033300000000000300000000000333330000000000003000000000003333300000003330000000
00000000003330000333333333000000000333001000000003333330000000033330000000333333333000000000333300000003333333330000033333000000
00001010333330003333000333001000003330001100000033300333001013333300000033333333300010000033333010100333333333000000003333300000
01000003333330010330000333000000003330000000000033000333000033333001300033333000010000010333330003000333330000000000000033300000
10101033333300101000103330101010133300101010000330000333001333300013330033300010101010103333001033300333000010000013301033331010
01010333033301010101033301111111133301010101000330000333011333010133330133000101010101013330010333310330010000010103300003330101
10101330133300111010333011111111333010101010103300003333013330111333301333001010101010133300103333013330101010101033301013330011
01011001133301111113330333311111333011111111010000003330113301113333300333010333331101033011133333013330113333310133300103330111
10111111333301111133333333331113330111111111110000033301113301133333301330133333333111133011333333013301333333331033301013330111
11111111333301111333333333331113330111111111110000033301113301333033011333333333333111133013330330113333333333331333011113330111
11111111333011113333300003331133301113331111111000333011113333330333011333333000333111133333303330113333330003331333011113330111
11111111333011113300011113331133301133333111011000333011111333301333011333000111333111113333013330113330001113331333011113330111
11111111333011110011111133331133301333333111111003330111111033011333011300111113333111110330113330113001111133331333011113330111
11111111333011111111111333301333013333333111111003330111111100111330111011111133330111111001113301110111111333301333011113330111
11111113333011111111113333301333013330333111111033300111111111113330111111111333330111111111133301111111113333301333011113330111
11111113333011111111133333011333033301333111111033301113111111113330111111113333301111111111133301111111133333011333011113330111
11111113330111111111133330111333013011333111111333001133311111113330111111113333011111111111133301111111133330110333011113330111
11111113330111111111333301111333011111333011111333001333311111113301111111133330111111111111133000000111333301110333011113330111
11111113330111111113333011111333011013330111113330033333011111133301111111333301111111111111333000000013333011110333011113330111
11111113330111111133330111111333011113330111213330333330011111133301111113333011111111111111333000000033330111110333011133330111
11111133330111111133301111111333301133300133133333333001111111133301111113330111111133111111333000000033301111110333301133301101
11011133330111111333301111110133333333301133033333330111111111333011111133330111111133011113330000000333301111110033333333301000
10000133300111103333000111000033333333011133033333300001111101333000111333300111111133011113330000003333000001000033333333010000
10000003300011003330000000000003333300111023033330000021000000133000000333000011111003000000330000003330000000000003333330000000
00000000000000000000000000000000000000002030000000000000000000000000000000000000000030000000000000000000000000000000000000000000
00000000000000000000000000000000000000000000000000000000000000000000000000000000000000000000000000000000000000000000000000000000
33303000333030303330330000003000000000000000000000000330033303000300000003000000000000000000003330330033303300333033303330000333
30303000303030303000303000033000000000000000000000000303030303000300000033000000000000000000003000303030003030030003003000000303
33303000333003003300330000003000000000000000000000000330033303000300000003000000000000000000003000330033003030030003003330000333
30003000303003003000303000003000000000000000000000000303030303000300000003000000000000000000003000303030003030030003000030000003
30003330303003003330303000033300000000000000000000000330030303330333000033300000000000000000003330303033303300333003003330000333

0x000b144d
00000000000000000000000000000000000000000000000000000000000000000000000000000000000000000000000000000000000000000000000000000000
00000000000330000003333330000000000030000000000000033300000000000300000000000333330000000000003000000000003333300000003330000000
00000000003330000333333333000000000333000000000003333330100000033330000000333333333000000000333300000003333333330000033333000000
00001010333330003333000333001000003330001001010033300333011013333300000033333333300010000033333010100333333333000000003333300000
01000003333330010330000333000000003330000000010033000333000033333001300033333000010000010333330003000333330000000000000033300000
10101033333300101000103330101010133300101010111330000333001333300013330033300010101010103333001033300333000010000013301033331010
01010333033301010101033301111111133301010101011330000333011333010133330133000101010101013330010333310330010000010103300003330101
10101330133300111010333011111111333010101010103300003333013330111333301333001010101010133300103333013330101010101033301013330011
01011001133301111113330333311111333011111111011010003330013301113333300333010333331101033011133333013330113333310133300103330111
10111111333301111133333333331113330111111111111110033300013301133333301330133333333111133011333333013301333333331033301013330111
11111111333301111333333333331113330111111111111110033300013301333033011333333333333111133013330330113333333333331333011113330111
11111111333011113333300003331133301113331111111111333000013333330333011333333000333111133333303330113333330003331333011113330111
11111111333011113300011113331133301133333111111111333000011333301333011333000111333111113333013330113330001113331333011113330111
11111111333011110011111133331133301333333111111113330000011033011333011300111113333111110330113330113001111133331333011113330111
11111111333011111111111333301333013333333111111113330000011100111330111011111133330111111001113301110111111333301333011113330111
11111113333011111111113333301333013330333111111133300000111111113330111111111333330111111111133301111111113333301333011113330111
11111113333011111111133333011333033301333111111133300003111111113330111111113333301111111111133301111111133333011333011113330111
11111113330111111111133330111333013011333111111333000033311111113330111111113333011111111111133301111111133330110333011113330111
11111113330111111111333301111333011111333111111333000333311111113301111111133330111111111111133000000111333301110333011113330111
11111113330111111113333011111333011113330111013330033333011111133301111111333301111111111111333000000013333011110333011113330111
11111113330111111133330111111333011113330111113330333330111111133301111113333011111111111111333000000033330111110333011133330111
11111133330111111133301111111333301133301133133333333001101111133301111113330111111133111111333000000033301111110333301133301101
11011133330111111333301111110133333333300133033333330111111111333011111133330111111133011113330000000333301111110033333333301000
10000133300111103333000111000033333333011133033333300011111101333000111333300111111133011113330000003333000001000033333333010000
10000003300011003330000000000003333300111003033330000201200000133000000333000011111003000000330000003330000000000003333330000000
00000000000000000000000000000000000000000230200000020000000000000000000000000000000030000000000000000000000000000000000000000000
00000000000000000000000000000000000000000000000000000000000000000000000000000000000000000000000000000000000000000000000000000000
33303000333030303330330000003000000000000000000000000330033303000300000003000000000000000000003330330033303300333033303330000333
30303000303030303000303000033000000000000000000000000303030303000300000033000000000000000000003000303030003030030003003000000303
33303000333003003300330000003000000000000000000000000330033303000300000003000000000000000000003000330033003030030003003330000333
30003000303003003000303000003000000000000000000000000303030303000300000003000000000000000000003000303030003030030003000030000003
30003330303003003330303000033300000000000000000000000330030303330333000033300000000000000000003330303033303300333003003330000333

0x000b14f9
00000000000000000000000000000000000000000000000000000000000000000000000000000000000000000000000000000000000000000000000000000000
00000000000330000003333330000000000030000000000000033300000000000300000000000333330000000000003000000000003333300000003330000000
00000000003330000333333333000000000333000000100003333330010000033330000000333333333000000000333300000003333333330000033333000000
00001010333330003333000333001000003330001000000033300333001013333300000033333333300010000033333010100333333333000000003333300000
01000003333330010330000333000000003330000000010133000333001033333001300033333000010000010333330003000333330000000000000033300000
10101033333300101000103330101010133300101010101330000333001333300013330033300010101010103333001033300333000010000013301033331010
01010333033301010101033301111111133301010101010330000333011333010133330133000101010101013330010333310330010000010103300003330101
10101330133300111010333011111111333010101010103301103333003330111333301333001010101010133300103333013330101010101033301013330011
01011001133301111113330333311111333011111111011011103330003301113333300333010333331101033011133333013330113333310133300103330111
10111111333301111133333333331113330111111111111111133300003301133333301330133333333111133011333333013301333333331033301013330111
11111111333301111333333333331113330111111111111111133300003301333033011333333333333111133013330330113333333333331333011113330111
11111111333011113333300003331133301113331111111111333000003333330333011333333000333111133333303330113333330003331333011113330111
11111111333011113300011113331133301133333111111111333000001333301333011333000111333111113333013330113330001113331333011113330111
11111111333011110011111133331133301333333111111113330000001033011333011300111113333111110330113330113001111133331333011113330111
11111111333011111111111333301333013333333111111113330000011100111330111011111133330111111001113301110111111333301333011113330111
11111113333011111111113333301333013330333111111133300000011111113330111111111333330111111111133301111111113333301333011113330111
11111113333011111111133333011333033301333111111133300003111111113330111111113333301111111111133301111111133333011333011113330111
11111113330111111111133330111333013011333111111333010033311111113330111111113333011111111111133301111111133330110333011113330111
11111113330111111111333301111333011111333111111333000333311111113301111111133330111111111111133000000111333301110333011113330111
11111113330111111113333011111333011113330111113330133333011111133301111111333301111111111111333000000013333011110333011113330111
11111113330111111133330111111333011113330111113330333330111111133301111113333011111111111111333000000033330111110333011133330111
11111133330111111133301111111333301133301133133333333001111111133301111113330111111133111111333000000033301111110333301133301101
11011133330111111333301111110133333333301133033333330111111111333011111133330111111133011113330000000333301111110033333333301000
10000133300111103333000111000033333333011133033333300011111101333000111333300111111133011113330000003333000001000033333333010000
10000003300011003330000000000003333300111003033330000021020000133000000333000011111003000000330000003330000000000003333330000000
00000000000000000000000000000000000000000030000000000000200000000000000000000000000030000000000000000000000000000000000000000000
00000000000000000000000000000000000000000000000000000000000000000000000000000000000000000000000000000000000000000000000000000000
33303000333030303330330000003000000000000000000000000330033303000300000003000000000000000000003330330033303300333033303330000333
30303000303030303000303000033000000000000000000000000303030303000300000033000000000000000000003000303030003030030003003000000303
33303000333003003300330000003000000000000000000000000330033303000300000003000000000000000000003000330033003030030003003330000333
30003000303003003000303000003000000000000000000000000303030303000300000003000000000000000000003000303030003030030003000030000003
30003330303003003330303000033300000000000000000000000330030303330333000033300000000000000000003330303033303300333003003330000333

0x000b15a5
00000000000000000000000000000000000000000000000000000000000000000000000000000000000000000000000000000000000000000000000000000000
00000000000330000003333330000000000030000000000000033300000100000300000000000333330000000000003000000000003333300000003330000000
00000000003330000333333333000000000333000000001003333330000100033330000000333333333000000000333300000003333333330000033333000000
00001010333330003333000333001000003330001000000133300333001013333300000033333333300010000033333010100333333333000000003333300000
01000003333330010330000333000000003330000000000033000333000033333001300033333000010000010333330003000333330000000000000033300000
10101033333300101000103330101010133300101010101330000333000333300013330033300010101010103333001033300333000010000013301033331010
01010333033301010101033301111111133301010101010330000333000333010133330133000101010101013330010333310330010000010103300003330101
10101330133300111010333011111111333010101010103301113333003330111333301333001010101010133300103333013330101010101033301013330011
01011001133301111113330333311111333011111111011011113330003301113333300333010333331101033011133333013330113333310133300103330111
10111111333301111133333333331113330111111111111111133300003301133333301330133333333111133011333333013301333333331033301013330111
11111111333301111333333333331113330111111111111111033300003301333033011333333333333111133013330330113333333333331333011113330111
11111111333011113333300003331133301113331111111111333000003333330333011333333000333111133333303330113333330003331333011113330111
11111111333011113300011113331133301133333111111111333000000333301333011333000111333111113333013330113330001113331333011113330111
11111111333011110011111133331133301333333111111113330000000033011333011300111113333111110330113330113001111133331333011113330111
11111111333011111111111333301333013333333111111113330000001100111330111011111133330111111001113301110111111333301333011113330111
11111113333011111111113333301333013330333111111133301000001111113330111111111333330111111111133301111111113333301333011113330111
11111113333011111111133333011333033301333111111133301003001111113330111111113333301111111111133301111111133333011333011113330111
11111113330111111111133330111333013011333111111333011033311111113330111111113333011111111111133301111111133330110333011113330111
11111113330111111111333301111333011111333111111333010333311111113301111111133330111111111111133000000111333301110333011113330111
11111113330111111113333011111333011113330111113330133333011011133301111111333301111111111111333000000013333011110333011113330111
11111113330111111133330111111333011113330111113330333330111111133301111113333011111111111111333000000033330111110333011133330111
11111133330111111133301111111333301133301133133333333001111111133301111113330111111133111111333000000033301111110333301133301101
11011133330111111333301111110133333333301133033333330001111111333011111133330111111133011113330000000333301111110033333333301000
10000133300111103333000111000033333333011133033333300011210101333000111333300111111133011113330000003333000001000033333333010000
10000003300011003330000000000003333300111003033330000001000000133000000333000011111003000000330000003330000000000003333330000000
00000000000000000000000000000000000000000030000000000000000020000000000000000000000030000000000000000000000000000000000000000000
00000000000000000000000000000000000000000000000000000000000000000000000000000000000000000000000000000000000000000000000000000000
33303000333030303330330000003000000000000000000000000330033303000300000003000000000000000000003330330033303300333033303330000333
30303000303030303000303000033000000000000000000000000303030303000300000033000000000000000000003000303030003030030003003000000303
33303000333003003300330000003000000000000000000000000330033303000300000003000000000000000000003000330033003030030003003330000333
30003000303003003000303000003000000000000000000000000303030303000300000003000000000000000000003000303030003030030003000030000003
30003330303003003330303000033300000000000000000000000330030303330333000033300000000000000000003330303033303300333003003330000333

0x000b1651
00000000000000000000000000000000000000000000000000000000000000000000000000000000000000000000000000000000000000000000000000000000
00000000000330000003333330000000000030000000000000033300000110000300000000000333330000000000003000000000003333300000003330000000
00000000003330000333333333000000000333000000001003333330000000033330000000333333333000000000333300000003333333330000033333000000
00001010333330003333000333001000003330001000000133300333000013333300000033333333300010000033333010100333333333000000003333300000
01000003333330010330000333000000003330000000000133000333000033333001300033333000010000010333330003000333330000000000000033300000
10101033333300101000103330101010133300101010101330100333000333300013330033300010101010103333001033300333000010000013301033331010
01010333033301010101033301111111133301010101010330000333000333010133330133000101010101013330010333310330010000010103300003330101
10101330133300111010333011111111333010101010103301013333003330111333301333001010101010133300103333013330101010101033301013330011
01011001133301111113330333311111333011111111011011113330003301113333300333010333331101033011133333013330113333310133300103330111
10111111333301111133333333331113330111111111111111133300003301133333301330133333333111133011333333013301333333331033301013330111
11111111333301111333333333331113330111111111111111133300003301333033011333333333333111133013330330113333333333331333011113330111
11111111333011113333300003331133301113331111111111333000003333330333011333333000333111133333303330113333330003331333011113330111
11111111333011113300011113331133301133333111111111333000000333301333011333000111333111113333013330113330001113331333011113330111
11111111333011110011111133331133301333333111111113330100000033011333011300111113333111110330113330113001111133331333011113330111
11111111333011111111111333301333013333333111111113330100001000111330111011111133330111111001113301110111111333301333011113330111
11111113333011111111113333301333013330333111111133301100001010113330111111111333330111111111133301111111113333301333011113330111
11111113333011111111133333011333033301333111111133301103000010113330111111113333301111111111133301111111133333011333011113330111
11111113330111111111133330111333013011333111111333011133300111113330111111113333011111111111133301111111133330110333011113330111
11111113330111111111333301111333011111333111111333011333300111113301111111133330111111111111133000000111333301110333011113330111
11111113330111111113333011111333011113330111113330133333001110133301111111333301111111111111333000000013333011110333011113330111
11111113330111111133330111111333011113330111113330333330001111133301111113333011111111111111333000000033330111110333011133330111
11111133330111111133301111111333301133301133133333333000001111133301111113330111111133111111333000000033301111110333301133301101
11011133330111111333301111110133333333301133033333330100011111333011111133330111111133011113330000000333301111110033333333301000
10000133300111103333000111000033333333011133033333300000011100333000111333300111111133011113330000003333000001000033333333010000
10000003300011003330000000000003333300111003033330000000000000133000000333000011111003000000330000003330000000000003333330000000
00000000000000000000000000000000000000000030000000000000000000000000000000000000000030000000000000000000000000000000000000000000
00000000000000000000000000000000000000000000000000000000000000000000000000000000000000000000000000000000000000000000000000000000
33303000333030303330330000003000000000000000000000000330033303000300000003000000000000000000003330330033303300333033303330000333
30303000303030303000303000033000000000000000000000000303030303000300000033000000000000000000003000303030003030030003003000000303
33303000333003003300330000003000000000000000000000000330033303000300000003000000000000000000003000330033003030030003003330000333
30003000303003003000303000003000000000000000000000000303030303000300000003000000000000000000003000303030003030030003000030000003
30003330303003003330303000033300000000000000000000000330030303330333000033300000000000000000003330303033303300333003003330000333

0x000b49f4
00000000000000000000000000000000000000000000000000000000000000000000000000000000000000000000000000000000000000000000000000000000
00000000000330000000000300000000300000000000000030000000000000003333300000000003300000000000033300000000033300000000003330000000
00000000003330000000003330000003300000000000000330000000000003333333330000000033300000000003333330000000333330000000033333000000
00001010333330000000133300101003330000001000000333000000001333333333000010103333300010000033300333000000033333000000003333300000
01000003333330010000033300000003330101000000000333000101000333330000000000033333300000010033000333000000000333000000000033300000
10101033333300101010333010101013330010101010101333001010101333001010100010333333001010101330101333000033100333300013301033330000
01010333033301010101333011111133300101010101013330010111111330110101010103330333010101010330010333010133010033310103300003330000
10101330133300111013330111111133301030101010103330113111113330111110101013301333001010103300103333011333001033301033301013330000
01011001133301111113330111111133301133111111013330113311113330113333310100010333011101011011113330111333010133300133300103330100
10111111333301111133301111111133301133011111113330113301113301333333331111113333011111111111133301111333011133301033301013330100
11111111333301111133301111111133301133011111113330113301113333333333331111113333011111111111133301113330111133301333011113330100
11111111333011111333011133311133301133011111113330113301113333330003331111113330111111111111333011113330111133301333011113330110
11111111333011111333011333331133301333011111113330133301113330001113331111113330111111111111333011113330111133301333011113330110
11111111333011111333013333331333011333333111133301133333313001111133331111113330111111111113330111113330111133301333011113330110
11111111333011113330133333331333033333330111133303333333010111111333301111113330111111111113330111113330111133301333011113330110
11111113333011113330133303331333333333001111133333333300111111113333301111133330111111111133301111113330111133301333011113330110
11111113333011113330333013331333333330111111133333333011111111133333011111133330111111111133301113113330111133301333011113330110
11111113330111113330130113331133300330111111113330033011111111133330111111133301111111111333011133313330111133300333010113330110
11111113330111113330111113331100011330111111110001133011111111333301111111133301111111111333010333303330111133300333011113330110
11111113330111113330111133301111113330111111111111333011111113333011111111133301111111113330133333003330111133300333012113330110
11111113330111113330111133301111113330111111111111333011111133330111111111133301111111113330333330003330111333300333011133330100
11111133330111113333011333011111113301111133111111330111111133301111111111333301111133133333333000003333011333010333301133301100
11011133330111111333333333010111113301111133011111330111111333301111111110333301111133033333330000000333333333010033333333301000
10000133300111100333333330000001113301111133011111330011113333011100111000333011111133033333300000000333333330000033333333010000
10000003300011000033333000000000013301111003000110330001003330100000000000033011111003033330000000000033333300000003333330200000
00000000000000000000000000000000000000000030000000000000000000000000000000000000000030000000000000000000000000000000000000020000
00000000000000000000000000000000000000000000000000000000000000000000000000000000000000000000000000000000000000000000000000000000
33303000333030303330330000003000000000000000000000000330033303000300000003000000000000000000003330330033303300333033303330000333
30303000303030303000303000033000000000000000000000000303030303000300000033000000000000000000003000303030003030030003003000000303
33303000333003003300330000003000000000000000000000000330033303000300000003000000000000000000003000330033003030030003003330000333
30003000303003003000303000003000000000000000000000000303030303000300000003000000000000000000003000303030003030030003000030000003
30003330303003003330303000033300000000000000000000000330030303330333000033300000000000000000003330303033303300333003003330000333

0x000b4a90
00000000000000000000000000000000000000000000000000000000000000000000000000000000000000000000000000000000000000000000000000000000
00000000000330000000000300000000300000000000000030000000000000003333300000000003300000000000033300000000033300000000003330000000
00000000003330000000003330000003300000000000000330000000000003333333330000000033300000000003333330000000333330000000033333000000
00001010333330000000133300101003330000001000000333000000001333333333000010103333300010000033300333000000033333000000003333300000
01000003333330010000033300000003330101000000000333000101000333330000000000033333300000010033000333000000000333000000000033300000
10101033333300101010333010101013330010101010101333001010101333001010100010333333001010101330101333000033100333300013301033330000
01010333033301010101333011111133300101010101013330010111111330110101010103330333010101010330010333010133010033310103300003330000
10101330133300111013330111111133301030101010103330113111113330111110101013301333001010103300103333011333001033301033301013330000
01011001133301111113330111111133301133111111013330113311113330113333310100010333011101011011113330111333010133300133300103330000
10111111333301111133301111111133301133011111113330113301113301333333331111113333011111111111133301111333011133301033301013330000
11111111333301111133301111111133301133011111113330113301113333333333331111113333011111111111133301113330111133301333011113330000
11111111333011111333011133311133301133011111113330113301113333330003331111113330111111111111333011113330111133301333011113330100
11111111333011111333011333331133301333011111113330133301113330001113331111113330111111111111333011113330111133301333011113330100
11111111333011111333013333331333011333333111133301133333313001111133331111113330111111111113330111113330111133301333011113330100
11111111333011113330133333331333033333330111133303333333010111111333301111113330111111111113330111113330111133301333011113330100
11111113333011113330133303331333333333001111133333333300111111113333301111133330111111111133301111113330111133301333011113330100
11111113333011113330333013331333333330111111133333333011111111133333011111133330111111111133301113113330111133301333011113330100
11111113330111113330130113331133300330111111113330033011111111133330111111133301111111111333011133313330111133300333011113330000
11111113330111113330111113331100011330111111110001133011111111333301111111133301111111111333010333303330111133300333011113330000
11111113330111113330111133301111113330111111111111333011111113333011111111133301111111113330133333003330111133300333011103330000
11111113330111113330111133301111113330111111111111333011111133330111111111133301111111113330333330003330111333300333011133330000
11111133330111113333011333011111113301111133111111330111111133301111111111333301111133133333333000003333011333010333301133300000
11011133330111111333333333010111113301111133011111330111111333301111111110333301111133033333330000000333333333010033333333300000
10000133300111100333333330000001113301111133011111330011113333011100111000333011111133033333300000000333333330000033333333000000
10000003300011000033333000000000013301111003000110330001003330100000000000033011111003033330000000000033333300000003333330000000
00000000000000000000000000000000000000000030000000000000000000000000000000000000000030000000000000000000000000000000000000200002
00000000000000000000000000000000000000000000000000000000000000000000000000000000000000000000000000000000000000000000000000000000
33303000333030303330330000003000000000000000000000000330033303000300000003000000000000000000003330330033303300333033303330000333
30303000303030303000303000033000000000000000000000000303030303000300000033000000000000000000003000303030003030030003003000000303
33303000333003003300330000003000000000000000000000000330033303000300000003000000000000000000003000330033003030030003003330000333
30003000303003003000303000003000000000000000000000000303030303000300000003000000000000000000003000303030003030030003000030000003
30003330303003003330303000033300000000000000000000000330030303330333000033300000000000000000003330303033303300333003003330000333

0x000b4b3c
00000000000000000000000000000000000000000000000000000000000000000000000000000000000000000000000000000000000000000000000000000000
00000000000330000000000300000000300000000000000030000000000000003333300000000003300000000000033300000000033300000000003330000000
00000000003330000000003330000003300000000000000330000000000003333333330000000033300000000003333330000000333330000000133333001000
00001010333330000000133300101003330000001000000333000000001333333333000010103333300010000033300333000000033333000000003333300000
01000003333330010000033300000003330101000000000333000101000333330000000000033333300000010033000333000000000333000000010133300000
10101033333300101010333010101013330010101010101333001010101333001010100010333333001010101330101333000033100333300013301033330000
01010333033301010101333011111133300101010101013330010111111330110101010103330333010101010330010333010133010033310103300013330000
10101330133300111013330111111133301030101010103330113111113330111110101013301333001010103300103333011333001033301033301013330000
01011001133301111113330111111133301133111111013330113311113330113333310100010333011101011011113330111333010133300133300103330000
10111111333301111133301111111133301133011111113330113301113301333333331111113333011111111111133301111333011133301033301013330000
11111111333301111133301111111133301133011111113330113301113333333333331111113333011111111111133301113330111133301333011113330000
11111111333011111333011133311133301133011111113330113301113333330003331111113330111111111111333011113330111133301333011113330000
11111111333011111333011333331133301333011111113330133301113330001113331111113330111111111111333011113330111133301333011113330000
11111111333011111333013333331333011333333111133301133333313001111133331111113330111111111113330111113330111133301333011113330000
11111111333011113330133333331333033333330111133303333333010111111333301111113330111111111113330111113330111133301333011113330000
11111113333011113330133303331333333333001111133333333300111111113333301111133330111111111133301111113330111133301333011113330000
11111113333011113330333013331333333330111111133333333011111111133333011111133330111111111133301113113330111133301333011113330000
11111113330111113330130113331133300330111111113330033011111111133330111111133301111111111333011133313330111133300333011113330000
11111113330111113330111113331100011330111111110001133011111111333301111111133301111111111333010333303330111133300333011113330001
11111113330111113330111133301111113330111111111111333011111113333011111111133301111111113330133333003330111133300333011113330001
11111113330111113330111133301111113330111111111111333011111133330111111111133301111111113330333330003330111333300333011133330011
11111133330111113333011333011111113301111133111111330111111133301111111111333301111133133333333000003333011333010333301133300001
11011133330111111333333333010111113301111133011111330111111333301111111110333301111133033333330000000333333333010033333333300000
10000133300111100333333330000001113301111133011111330011113333011100111000333011111133033333300000000333333330000033333333000000
10000003300011000033333000000000013301111003000110330001003330100000000000033011111003033330000000000033333300000003333330000020
00000000000000000000000000000000000000000030000000000000000000000000000000000000000030000000000000000000000000000020000000000000
00000000000000000000000000000000000000000000000000000000000000000000000000000000000000000000000000000000000000000000000000000000
33303000333030303330330000003000000000000000000000000330033303000300000003000000000000000000003330330033303300333033303330000333
30303000303030303000303000033000000000000000000000000303030303000300000033000000000000000000003000303030003030030003003000000303
33303000333003003300330000003000000000000000000000000330033303000300000003000000000000000000003000330033003030030003003330000333
30003000303003003000303000003000000000000000000000000303030303000300000003000000000000000000003000303030003030030003000030000003
30003330303003003330303000033300000000000000000000000330030303330333000033300000000000000000003330303033303300333003003330000333

0x000b4bd8
00000000000000000000000000000000000000000000000000000000000000000000000000000000000000000000000000000000000000000000000000000000
00000000000330000000000300000000300000000000000030000000000000003333300000000003300000000000033300000000033300000000003330000001
00000000003330000000003330000003300000000000000330000000000003333333330000000033300000000003333330000000333330000010033333000001
00001010333330000000133300101003330000001000000333000000001333333333000010103333300010000033300333000000033333000001103333300000
01000003333330010000033300000003330101000000000333000101000333330000000000033333300000010033000333000000000333000000000033300000
10101033333300101010333010101013330010101010101333001010101333001010100010333333001010101330101333000033100333300013301033330000
01010333033301010101333011111133300101010101013330010111111330110101010103330333010101010330010333010133010033310103300003330001
10101330133300111013330111111133301030101010103330113111113330111110101013301333001010103300103333011333001033301033301103330001
01011001133301111113330111111133301133111111013330113311113330113333310100010333011101011011113330111333010133300133300103330001
10111111333301111133301111111133301133011111113330113301113301333333331111113333011111111111133301111333011133301033301113330001
11111111333301111133301111111133301133011111113330113301113333333333331111113333011111111111133301113330111133301333010113330001
11111111333011111333011133311133301133011111113330113301113333330003331111113330111111111111333011113330111133301333011113330001
11111111333011111333011333331133301333011111113330133301113330001113331111113330111111111111333011113330111133301333011013330001
11111111333011111333013333331333011333333111133301133333313001111133331111113330111111111113330111113330111133301333011113330001
11111111333011113330133333331333033333330111133303333333010111111333301111113330111111111113330111113330111133301333011113330011
11111113333011113330133303331333333333001111133333333300111111113333301111133330111111111133301111113330111133301333011113330011
11111113333011113330333013331333333330111111133333333011111111133333011111133330111111111133301113113330111133301333011113330011
11111113330111113330130113331133300330111111113330033011111111133330111111133301111111111333011133313330111133300333011113330111
11111113330111113330111113331100011330111111110001133011111111333301111111133301111111111333010333303330111133300333011103330111
11111113330111113330111133301111113330111111111111333011111113333011111111133301111111113330133333003330111133300333011103330110
11111113330111113330111133301111113330111111111111333011111133330111111111133301111111113330333330003330111333300333011133330111
11111133330111113333011333011111113301111133111111330111111133301111111111333301111133133333333000003333011333010333301133301101
11011133330111111333333333010111113301111133011111330111111333301111111110333301111133033333330000000333333333010033333333301000
10000133300111100333333330000001113301111133011111330011113333011100111000333011111133033333300000000333333330000033333333012000
10000003300011000033333000000000013301111003000110330001003330100000000000033011111003033330000000000033333300000003333330000000
00000000000000000000000000000000000000000030000000000000000000000000000000000000000030000000000000000000000000000000200000000000
00000000000000000000000000000000000000000000000000000000000000000000000000000000000000000000000000000000000000000000000000000000
33303000333030303330330000003000000000000000000000000330033303000300000003000000000000000000003330330033303300333033303330000333
30303000303030303000303000033000000000000000000000000303030303000300000033000000000000000000003000303030003030030003003000000303
33303000333003003300330000003000000000000000000000000330033303000300000003000000000000000000003000330033003030030003003330000333
30003000303003003000303000003000000000000000000000000303030303000300000003000000000000000000003000303030003030030003000030000003
30003330303003003330303000033300000000000000000000000330030303330333000033300000000000000000003330303033303300333003003330000333

0x000b4c84
00000000000000000000000000000000000000000000000000000000000000000000000000000000000000000000000000000000000000000000000000000000
00000000000330000000000300000000300000000000000030000000000000003333300000000003300000000000033300000000033300000000003330011000
00000000003330000000003330000003300000000000000330000000000003333333330000000033300000000003333330000000333330100000033333000000
00001010333330000000133300101003330000001000000333000000001333333333000010103333300010000033300333000000033333010000003333301000
01000003333330010000033300000003330101000000000333000101000333330000000000033333300000010033000333000000000333011000000033301000
10101033333300101010333010101013330010101010101333001010101333001010100010333333001010101330101333000033100333300013300033331110
01010333033301010101333011111133300101010101013330010111111330110101010103330333010101010330010333010133010033310003300003330101
10101330133300111013330111111133301030101010103330113111113330111110101013301333001010103300103333011333001033301033300003330011
01011001133301111113330111111133301133111111013330113311113330113333310100010333011101011011113330111333010133300133300003330111
10111111333301111133301111111133301133011111113330113301113301333333331111113333011111111111133301111333011133301033300003330111
11111111333301111133301111111133301133011111113330113301113333333333331111113333011111111111133301113330111133301333000003330111
11111111333011111333011133311133301133011111113330113301113333330003331111113330111111111111333011113330111133301333010003330111
11111111333011111333011333331133301333011111113330133301113330001113331111113330111111111111333011113330111133301333010003330111
11111111333011111333013333331333011333333111133301133333313001111133331111113330111111111113330111113330111133301333010003330111
11111111333011113330133333331333033333330111133303333333010111111333301111113330111111111113330111113330111133301333010003330111
11111113333011113330133303331333333333001111133333333300111111113333301111133330111111111133301111113330111133301333010003330011
11111113333011113330333013331333333330111111133333333011111111133333011111133330111111111133301113113330111133301333010003330011
11111113330111113330130113331133300330111111113330033011111111133330111111133301111111111333011133313330111133300333010003330111
11111113330111113330111113331100011330111111110001133011111111333301111111133301111111111333010333303330111133300333010003330111
11111113330111113330111133301111113330111111111111333011111113333011111111133301111111113330133333003330111133300333010003330011
11111113330111113330111133301111113330111111111111333011111133330111111111133301111111113330333330003330111333300333010033330111
11111133330111113333011333011111113301111133111111330111111133301111111111333301111133133333333000003333011333010333300033301101
11011133330111111333333333010111113301111133011111330111111333301111111110333301111133033333330000000333333333010033333333301000
10000133300111100333333330000001113301111133011111330011113333011100111000333011111133033333300000000333333330000033333333010000
10000003300011000033333000000000013301111003000110330001003330100000000000033011111003033330000000000033333300000003333330000000
00000000000000000000000000000000000000000030000000000000000000000000000000000000000030000000000000000000000000000000000000000000
00000000000000000000000000000000000000000000000000000000000000000000000000000000000000000000000000000000000000000000000000000000
33303000333030303330330000003000000000000000000000000330033303000300000003000000000000000000003330330033303300333033303330000333
30303000303030303000303000033000000000000000000000000303030303000300000033000000000000000000003000303030003030030003003000000303
33303000333003003300330000003000000000000000000000000330033303000300000003000000000000000000003000330033003030030003003330000333
30003000303003003000303000003000000000000000000000000303030303000300000003000000000000000000003000303030003030030003000030000003
30003330303003003330303000033300000000000000000000000330030303330333000033300000000000000000003330303033303300333003003330000333

0x000b4d30
00000000000000000000000000000000000000000000000000000000000000000000000000000000000000000000000000000000000000000000000000000000
00000000000330000000000300000000300000000000000030000000000000003333300000000003300000000000033300000000033300000000003331000000
00000000003330000000003330000003300000000000000330000000000003333333330000000033300000000003333330000000333330000000033333100000
00001010333330000000133300101003330000001000000333000000001333333333000010103333300010000033300333000000033333000000003333300000
01000003333330010000033300000003330101000000000333000101000333330000000000033333300000010033000333000000000333000000000033300000
10101033333300101010333010101013330010101010101333001010101333001010100010333333001010101330101333000033100333300003300033331010
01010333033301010101333011111133300101010101013330010111111330110101010103330333010101010330010333010133010033310003300003330101
10101330133300111013330111111133301030101010103330113111113330111110101013301333001010103300103333011333001033300033300003330011
01011001133301111113330111111133301133111111013330113311113330113333310100010333011101011011113330111333010133300033301003330111
10111111333301111133301111111133301133011111113330113301113301333333331111113333011111111111133301111333011133301033300103330111
11111111333301111133301111111133301133011111113330113301113333333333331111113333011111111111133301113330111133301333000003330111
11111111333011111333011133311133301133011111113330113301113333330003331111113330111111111111333011113330111133301333000003330111
11111111333011111333011333331133301333011111113330133301113330001113331111113330111111111111333011113330111133301333000003330111
11111111333011111333013333331333011333333111133301133333313001111133331111113330111111111113330111113330111133301333000003330111
11111111333011113330133333331333033333330111133303333333010111111333301111113330111111111113330111113330111133301333000003330111
11111113333011113330133303331333333333001111133333333300111111113333301111133330111111111133301111113330111133301333000003330111
11111113333011113330333013331333333330111111133333333011111111133333011111133330111111111133301113113330111133301333000003330111
11111113330111113330130113331133300330111111113330033011111111133330111111133301111111111333011133313330111133300333000003330111
11111113330111113330111113331100011330111111110001133011111111333301111111133301111111111333010333303330111133300333000003330111
11111113330111113330111133301111113330111111111111333011111113333011111111133301111111113330133333003330111133300333000003330111
11111113330111113330111133301111113330111111111111333011111133330111111111133301111111113330333330003330111333300333000033330111
11111133330111113333011333011111113301111133111111330111111133301111111111333301111133133333333000003333011333010333300033300101
11011133330111111333333333010111113301111133011111330111111333301111111110333301111133033333330000000333333333010233333333301100
10000133300111100333333330000001113301111133011111330011113333011100111000333011111133033333300000000333333330010033333333010000
10000003300011000033333000000000013301111003000110330001003330100000000000033011111003033330000000000033333300000003333330000200
00000000000000000000000000000000000000000030000000000000000000000000000000000000000030000000000000000000000020020010000000000000
00000000000000000000000000000000000000000000000000000000000000000000000000000000000000000000000000000000000000000000000000000000
33303000333030303330330000003000000000000000000000000330033303000300000003000000000000000000003330330033303300333033303330000333
30303000303030303000303000033000000000000000000000000303030303000300000033000000000000000000003000303030003030030003003000000303
33303000333003003300330000003000000000000000000000000330033303000300000003000000000000000000003000330033003030030003003330000333
30003000303003003000303000003000000000000000000000000303030303000300000003000000000000000000003000303030003030030003000030000003
30003330303003003330303000033300000000000000000000000330030303330333000033300000000000000000003330303033303300333003003330000333

0x000b4dcc
00000000000000000000000000000000000000000000000000000000000000000000000000000000000000000000000000000000000000000000000000000000
00000000000330000000000300000000300000000000000030000000000000003333300000000003300000000000033300000000033300000000003330000000
00000000003330000000003330000003300000000000000330000000000003333333330000000033300000000003333330000000333330000000033333000000
00001010333330000000133300101003330000001000000333000000001333333333000010103333300010000033300333000000033333000000003333300000
01000003333330010000033300000003330101000000000333000101000333330000000000033333300000010033000333000000000333000011000033300000
10101033333300101010333010101013330010101010101333001010101333001010100010333333001010101330101333000033100333300003300033331010
01010333033301010101333011111133300101010101013330010111111330110101010103330333010101010330010333010133010033300003300103330101
10101330133300111013330111111133301030101010103330113111113330111110101013301333001010103300103333011333001033300033300013330011
01011001133301111113330111111133301133111111013330113311113330113333310100010333011101011011113330111333010133300033300103330111
10111111333301111133301111111133301133011111113330113301113301333333331111113333011111111111133301111333011133300033300013330111
11111111333301111133301111111133301133011111113330113301113333333333331111113333011111111111133301113330111133300333000113330111
11111111333011111333011133311133301133011111113330113301113333330003331111113330111111111111333011113330111133300333000113330111
11111111333011111333011333331133301333011111113330133301113330001113331111113330111111111111333011113330111133300333000013330111
11111111333011111333013333331333011333333111133301133333313001111133331111113330111111111113330111113330111133300333000013330111
11111111333011113330133333331333033333330111133303333333010111111333301111113330111111111113330111113330111133301333000013330111
11111113333011113330133303331333333333001111133333333300111111113333301111133330111111111133301111113330111133301333000013330111
11111113333011113330333013331333333330111111133333333011111111133333011111133330111111111133301113113330111133301333000013330111
11111113330111113330130113331133300330111111113330033011111111133330111111133301111111111333011133313330111133300333000013330111
11111113330111113330111113331100011330111111110001133011111111333301111111133301111111111333010333303330111133300333000013330111
11111113330111113330111133301111113330111111111111333011111113333011111111133301111111113330133333003330111133300333000113330111
11111113330111113330111133301111113330111111111111333011111133330111111111133301111111113330333330003330111333300333000133330111
11111133330111113333011333011111113301111133111111330111111133301111111111333301111133133333333000003333011333010333301133301101
11011133330111111333333333010111113301111133011111330111111333301111111110333301111133033333330000000333333333000033333333301000
10000133300111100333333330000001113301111133011111330011113333011100111000333011111133033333300000000333333330000033333333010000
10000003300011000033333000000000013301111003000110330001003330100000000000033011111003033330000000000033333300100003333330000010
00000000000000000000000000000000000000000030000000000000000000000000000000000000000030000000000000000000000000000000000001001000
00000000000000000000000000000000000000000000000000000000000000000000000000000000000000000000000000000000000000000000000000000000
33303000333030303330330000003000000000000000000000000330033303000300000003000000000000000000003330330033303300333033303330000333
30303000303030303000303000033000000000000000000000000303030303000300000033000000000000000000003000303030003030030003003000000303
33303000333003003300330000003000000000000000000000000330033303000300000003000000000000000000003000330033003030030003003330000333
30003000303003003000303000003000000000000000000000000303030303000300000003000000000000000000003000303030003030030003000030000003
30003330303003003330303000033300000000000000000000000330030303330333000033300000000000000000003330303033303300333003003330000333

0x000b4e78
00000000000000000000000000000000000000000000000000000000000000000000000000000000000000000000000000000000000000000000000000000000
00000000000330000000000300000000300000000000000030000000000000003333300000000003300000000000033300000000033300000001003330000000
00000000003330000000003330000003300000000000000330000000000003333333330000000033300000000003333330000000333330000010033333000000
00001010333330000000133300101003330000001000000333000000001333333333000010103333300010000033300333000000033333000000003333300000
01000003333330010000033300000003330101000000000333000101000333330000000000033333300000010033000333000000000333000000000033300000
10101033333300101010333010101013330010101010101333001010101333001010100010333333001010101330101333000033101333300003301133331010
01010333033301010101333011111133300101010101013330010111111330110101010103330333010101010330010333010133011033300003300003330101
10101330133300111013330111111133301030101010103330113111113330111110101013301333001010103300103333011333001033300033300013330011
01011001133301111113330111111133301133111111013330113311113330113333310100010333011101011011113330111333010133300033300103330111
10111111333301111133301111111133301133011111113330113301113301333333331111113333011111111111133301111333011133300033301113330111
11111111333301111133301111111133301133011111113330113301113333333333331111113333011111111111133301113330111133300333011013330111
11111111333011111333011133311133301133011111113330113301113333330003331111113330111111111111333011113330111133300333011103330111
11111111333011111333011333331133301333011111113330133301113330001113331111113330111111111111333011113330111133300333011113330111
11111111333011111333013333331333011333333111133301133333313001111133331111113330111111111113330111113330111133300333011113330111
11111111333011113330133333331333033333330111133303333333010111111333301111113330111111111113330111113330111133300333011113330111
11111113333011113330133303331333333333001111133333333300111111113333301111133330111111111133301111113330111133300333001013330111
11111113333011113330333013331333333330111111133333333011111111133333011111133330111111111133301113113330111133300333001113330111
11111113330111113330130113331133300330111111113330033011111111133330111111133301111111111333011133313330111133300333001113330111
11111113330111113330111113331100011330111111110001133011111111333301111111133301111111111333010333303330111033300333001113330111
11111113330111113330111133301111113330111111111111333011111113333011111111133301111111113330133333003330011133300333001113330111
11111113330111113330111133301111113330111111111111333011111133330111111111133301111111113330333330003330111333300333011133330111
11111133330111113333011333011111113301111133111111330111111133301111111111333301111133133333333000003333011333010333301133301101
11011133330111111333333333010111113301111133011111330111111333301111111110333301111133033333330000000333333333000033333333301000
10000133300111100333333330000001113301111133011111330011113333011100111000333011111133033333300000000333333330000033333333010000
10000003300011000033333000000000013301111003000110330001003330100000000000033011111003033330000000000033333300000003333330000000
00000000000000000000000000000000000000000030000000000000000000000000000000000000000030000000000000000000000000000000000001000000
00000000000000000000000000000000000000000000000000000000000000000000000000000000000000000000000000000000000000000000000000000000
33303000333030303330330000003000000000000000000000000330033303000300000003000000000000000000003330330033303300333033303330000333
30303000303030303000303000033000000000000000000000000303030303000300000033000000000000000000003000303030003030030003003000000303
33303000333003003300330000003000000000000000000000000330033303000300000003000000000000000000003000330033003030030003003330000333
30003000303003003000303000003000000000000000000000000303030303000300000003000000000000000000003000303030003030030003000030000003
30003330303003003330303000033300000000000000000000000330030303330333000033300000000000000000003330303033303300333003003330000333

0x000b4f24
00000000000000000000000000000000000000000000000000000000000000000000000000000000000000000000000000000000000000000000000000000000
00000000000330000000000300000000300000000000000030000000000000003333300000000003300000000000033300000000033300000000003330000000
00000000003330000000003330000003300000000000000330000000000003333333330000000033300000000003333330000000333330000000033333000000
00001010333330000000133300101003330000001000000333000000001333333333000010103333300010000033300333000000033333000000003333300000
01000003333330010000033300000003330101000000000333000101000333330000000000033333300000010033000333000000010333000000010033300000
10101033333300101010333010101013330010101010101333001010101333001010100010333333001010101330101333000033101333300003301033331010
01010333033301010101333011111133300101010101013330010111111330110101010103330333010101010330010333010133011033300003300003330101
10101330133300111013330111111133301030101010103330113111113330111110101013301333001010103300103333011333001033300033301013330011
01011001133301111113330111111133301133111111013330113311113330113333310100010333011101011011113330111333010033300033300103330111
10111111333301111133301111111133301133011111113330113301113301333333331111113333011111111111133301111333011033300033301013330111
11111111333301111133301111111133301133011111113330113301113333333333331111113333011111111111133301113330111133300333011113330111
11111111333011111333011133311133301133011111113330113301113333330003331111113330111111111111333011113330111133300333011113330111
11111111333011111333011333331133301333011111113330133301113330001113331111113330111111111111333011113330111133300333011113330111
11111111333011111333013333331333011333333111133301133333313001111133331111113330111111111113330111113330111133300333011113330111
11111111333011113330133333331333033333330111133303333333010111111333301111113330111111111113330111113330111133300333011113330111
11111113333011113330133303331333333333001111133333333300111111113333301111133330111111111133301111113330111133300333011113330111
11111113333011113330333013331333333330111111133333333011111111133333011111133330111111111133301113113330111133300333011113330111
11111113330111113330130113331133300330111111113330033011111111133330111111133301111111111333011133313330111133300333011113330111
11111113330111113330111113331100011330111111110001133011111111333301111111133301111111111333010333303330111133300333011113330111
11111113330111113330111133301111113330111111111111333011111113333011111111133301111111113330133333003330000133300333011113330111
11111113330111113330111133301111113330111111111111333011111133330111111111133301111111113330333330003330100333300333011133330111
11111133330111113333011333011111113301111133111111330111111133301111111111333301111133133333333000003333011333000333301033301101
11011133330111111333333333010111113301111133011111330111111333301111111110333301111133033333330000000333333333000033333333301000
10000133300111100333333330000001113301111133011111330011113333011100111000333011111133033333300000000333333330000033333333010000
10000003300011000033333000000000013301111003000110330001003330100000000000033011111003033330000000000033333300000003333330000000
00000000000000000000000000000000000000000030000000000000000000000000000000000000000030000000000000000000000010000010000000000000
00000000000000000000000000000000000000000000000000000000000000000000000000000000000000000000000000000000000000000000000000000000
33303000333030303330330000003000000000000000000000000330033303000300000003000000000000000000003330330033303300333033303330000333
30303000303030303000303000033000000000000000000000000303030303000300000033000000000000000000003000303030003030030003003000000303
33303000333003003300330000003000000000000000000000000330033303000300000003000000000000000000003000330033003030030003003330000333
30003000303003003000303000003000000000000000000000000303030303000300000003000000000000000000003000303030003030030003000030000003
30003330303003003330303000033300000000000000000000000330030303330333000033300000000000000000003330303033303300333003003330000333

0x000b4fd0
00000000000000000000000000000000000000000000000000000000000000000000000000000000000000000000000000000000000000000000000000000000
00000000000330000000000300000000300000000000000030000000000000003333300000000003300000000000033300000000033300000000103330000000
00000000003330000000003330000003300000000000000330000000000003333333330000000033300000000003333330000000333330000000133333000000
00001010333330000000133300101003330000001000000333000000001333333333000010103333300010000033300333000001033333000000003333300000
01000003333330010000033300000003330101000000000333000101000333330000000000033333300000010033000333000000010333000000100033300000
10101033333300101010333010101013330010101010101333001010101333001010100010333333001010101330101333000033110333300003301033331010
01010333033301010101333011111133300101010101013330010111111330110101010103330333010101010330010333010133010033300003300003330101
10101330133300111013330111111133301030101010103330113111113330111110101013301333001010103300103333011333000033300033301013330011
01011001133301111113330111111133301133111111013330113311113330113333310100010333011101011011113330111333010033300033300103330111
10111111333301111133301111111133301133011111113330113301113301333333331111113333011111111111133301111333010033300033301013330111
11111111333301111133301111111133301133011111113330113301113333333333331111113333011111111111133301113330111033300333011113330111
11111111333011111333011133311133301133011111113330113301113333330003331111113330111111111111333011113330111033300333011113330111
11111111333011111333011333331133301333011111113330133301113330001113331111113330111111111111333011113330111033300333011113330111
11111111333011111333013333331333011333333111133301133333313001111133331111113330111111111113330111113330111133300333011113330111
11111111333011113330133333331333033333330111133303333333010111111333301111113330111111111113330111113330111133300333011113330111
11111113333011113330133303331333333333001111133333333300111111113333301111133330111111111133301111113330111133300333011113330111
11111113333011113330333013331333333330111111133333333011111111133333011111133330111111111133301113113330111133300333011113330111
11111113330111113330130113331133300330111111113330033011111111133330111111133301111111111333011133313330111133300333011113330111
11111113330111113330111113331100011330111111110001133011111111333301111111133301111111111333010333303330100133300333011113330111
11111113330111113330111133301111113330111111111111333011111113333011111111133301111111113330133333003330111133300333011113330111
11111113330111113330111133301111113330111111111111333011111133330111111111133301111111113330333330003330111333300333010133330111
11111133330111113333011333011111113301111133111111330111111133301111111111333301111133133333333000003333011333000333301133301101
11011133330111111333333333010111113301111133011111330111111333301111111110333301111133033333330000000333333333000033333333301000
10000133300111100333333330000001113301111133011111330011113333011100111000333011111133033333300000000333333330000033333333010000
10000003300011000033333000000000013301111003000110330001003330100000000000033011111003033330000000000033333300000003333330000000
00000000000000000000000000000000000000000030000000000000000000000000000000000000000030000000000001000000000000000000000000000000
00000000000000000000000000000000000000000000000000000000000000000000000000000000000000000000000000000000000000000000000000000000
33303000333030303330330000003000000000000000000000000330033303000300000003000000000000000000003330330033303300333033303330000333
30303000303030303000303000033000000000000000000000000303030303000300000033000000000000000000003000303030003030030003003000000303
33303000333003003300330000003000000000000000000000000330033303000300000003000000000000000000003000330033003030030003003330000333
30003000303003003000303000003000000000000000000000000303030303000300000003000000000000000000003000303030003030030003000030000003
30003330303003003330303000033300000000000000000000000330030303330333000033300000000000000000003330303033303300333003003330000333

0x000b506c
00000000000000000000000000000000000000000000000000000000000000000000000000000000000000000000000000000000000000000000000000000000
00000000000330000000000300000000300000000000000030000000000000003333300000000003300000000000033300000010033300000000003330000000
00000000003330000000003330000003300000000000000330000000000003333333330000000033300000000003333330000000333330000010033333000000
00001010333330000000133300101003330000001000000333000000001333333333000010103333300010000033300333000001133333000000003333300000
01000003333330010000033300000003330101000000000333000101000333330000000000033333300000010033000333000001100333000010000033300000
10101033333300101010333010101013330010101010101333001010101333001010100010333333001010101330101333000033100333300113301033331010
01010333033301010101333011111133300101010101013330010111111330110101010103330333010101010330010333010133000033300103300003330101
10101330133300111013330111111133301030101010103330113111113330111110101013301333001010103300103333011333001033300033301013330011
01011001133301111113330111111133301133111111013330113311113330113333310100010333011101011011113330111333000033300133300103330111
10111111333301111133301111111133301133011111113330113301113301333333331111113333011111111111133301111333000033301133301013330111
11111111333301111133301111111133301133011111113330113301113333333333331111113333011111111111133301113330100033301333011113330111
11111111333011111333011133311133301133011111113330113301113333330003331111113330111111111111333011113330100033301333011113330111
11111111333011111333011333331133301333011111113330133301113330001113331111113330111111111111333011113330100033301333011113330111
11111111333011111333013333331333011333333111133301133333313001111133331111113330111111111113330111113330100033301333011113330111
11111111333011113330133333331333033333330111133303333333010111111333301111113330111111111113330111113330110033301333011113330111
11111113333011113330133303331333333333001111133333333300111111113333301111133330111111111133301111113330110033301333011113330111
11111113333011113330333013331333333330111111133333333011111111133333011111133330111111111133301113113330010033301333011113330111
11111113330111113330130113331133300330111111113330033011111111133330111111133301111111111333011133313330110033300333011113330111
11111113330111113330111113331100011330111111110001133011111111333301111111133301111111111333010333303330110033300333011113330111
11111113330111113330111133301111113330111111111111333011111113333011111111133301111111113330133333003330110033300333011113330111
11111113330111113330111133301111113330111111111111333011111133330111111111133301111111113330333330003330110333300333011133330111
11111133330111113333011333011111113301111133111111330111111133301111111111333301111133133333333000003333010333010333301133301101
11011133330111111333333333010111113301111133011111330111111333301111111110333301111133033333330000000333333333010033333333301000
10000133300111100333333330000001113301111133011111330011113333011100111000333011111133033333300000000333333330000033333333010000
10000003300011000033333000000000013301111003000110330001003330100000000000033011111003033330000000000033333300000003333330000000
00000000000000000000000000000000000000000030000000000000000000000000000000000000000030000000000000000000000000000000000000000000
00000000000000000000000000000000000000000000000000000000000000000000000000000000000000000000000000000000000000000000000000000000
33303000333030303330330000003000000000000000000000000330033303000300000003000000000000000000003330330033303300333033303330000333
30303000303030303000303000033000000000000000000000000303030303000300000033000000000000000000003000303030003030030003003000000303
33303000333003003300330000003000000000000000000000000330033303000300000003000000000000000000003000330033003030030003003330000333
30003000303003003000303000003000000000000000000000000303030303000300000003000000000000000000003000303030003030030003000030000003
30003330303003003330303000033300000000000000000000000330030303330333000033300000000000000000003330303033303300333003003330000333

0x000b5118
00000000000000000000000000000000000000000000000000000000000000000000000000000000000000000000000000000000000000000000000000000000
00000000000330000000000300000000300000000000000030000000000000003333300000000003300000000000033300000000033300001000003330000000
00000000003330000000003330000003300000000000000330000000000003333333330000000033300000000003333330001000333330001000033333000000
00001010333330000000133300101003330000001000000333000000001333333333000010103333300010000033300333000000133333000100003333300000
01000003333330010000033300000003330101000000000333000101000333330000000000033333300000010033000333000100000333000000000033300000
10101033333300101010333010101013330010101010101333001010101333001010100010333333001010101330101333000033000333301013301033331010
01010333033301010101333011111133300101010101013330010111111330110101010103330333010101010330010333010133000033301103300003330101
10101330133300111013330111111133301030101010103330113111113330111110101013301333001010103300103333011333000033301033301013330011
01011001133301111113330111111133301133111111013330113311113330113333310100010333011101011011113330111333000033300133300103330111
10111111333301111133301111111133301133011111113330113301113301333333331111113333011111111111133301111333000033301033301013330111
11111111333301111133301111111133301133011111113330113301113333333333331111113333011111111111133301113330000033301333011113330111
11111111333011111333011133311133301133011111113330113301113333330003331111113330111111111111333011103330000033301333011113330111
11111111333011111333011333331133301333011111113330133301113330001113331111113330111111111111333011113330000033301333011113330111
11111111333011111333013333331333011333333111133301133333313001111133331111113330111111111113330111113330000033301333011113330111
11111111333011113330133333331333033333330111133303333333010111111333301111113330111111111113330111113330000033301333011113330111
11111113333011113330133303331333333333001111133333333300111111113333301111133330111111111133301111113330000033301333011113330111
11111113333011113330333013331333333330111111133333333011111111133333011111133330111111111133301113113330000033301333011113330111
11111113330111113330130113331133300330111111113330033011111111133330111111133301111111111333011133313330001033300333011113330111
11111113330111113330111113331100011330111111110001133011111111333301111111133301111111111333010333303330000033300333011113330111
11111113330111113330111133301111113330111111111111333011111113333011111111133301111111113330133333013330000033300333011113330111
11111113330111113330111133301111113330111111111111333011111133330111111111133301111111113330333330003330000333300333011133330111
11111133330111113333011333011111113301111133111111330111111133301111111111333301111133133333333000003333000333010333301133301101
11011133330111111333333333010111113301111133011111330111111333301111111110333301111133033333330000000333333333010033333333301000
10000133300111100333333330000001113301111133011111330011113333011100111000333011111133033333300100020333333330000033333333010000
10000003300011000033333000000000013301111003000110330001003330100000000000033011111003033330000000000033333300000003333330000000
00000000000000000000000000000000000000000030000000000000000000000000000000000000000030000000000000000000000000000000000000000000
00000000000000000000000000000000000000000000000000000000000000000000000000000000000000000000000000000000000000000000000000000000
33303000333030303330330000003000000000000000000000000330033303000300000003000000000000000000003330330033303300333033303330000333
30303000303030303000303000033000000000000000000000000303030303000300000033000000000000000000003000303030003030030003003000000303
33303000333003003300330000003000000000000000000000000330033303000300000003000000000000000000003000330033003030030003003330000333
30003000303003003000303000003000000000000000000000000303030303000300000003000000000000000000003000303030003030030003000030000003
30003330303003003330303000033300000000000000000000000330030303330333000033300000000000000000003330303033303300333003003330000333

0x000b51c4
00000000000000000000000000000000000000000000000000000000000000000000000000000000000000000000000000000000000000000000000000000000
00000000000330000000000300000000300000000000000000000330000000033300000000000333000000000000033333000000000033000000003330000000
00000000003330000000003330000003300000000000000000333333000000333330000000033333300000000033333333300000000333000000033333000000
00001010333330000000133300101003330000001000000033333333301010133333000010333003330010003333333330000000033333000000003333300000
01000003333330010000033300000003330101000000003333330033300000000333000000330003330000013333300000000000333333000000000033300000
10101033333300101010333010101013330010101010133333001333001033101333300013301013330010103330001010100003333330000013301033331010
01010333033301010101333011111133300101010101003300010333011133010133310103300103330101013301010101010033303330010103300003330101
10101330133300111013330111111133301030101010100011111333011333011133301033001033330010133300101010111033003330101033301013330011
01011001133301111113330111111133301133111111011111113330111333011133300100110133301101033301133333111100003330110133300103330111
10111111333301111133301111111133301133011111111111113330111333011133301111111333011111133013333333311100033330111033301013330111
11111111333301111133301111111133301133011111111111113333013330111133301111111333011111133333333333311100033330111333011113330111
11111111333011111333011133311133301133011111111111333333013330111133301111113330111111133333300033311110033300111333011113330111
11111111333011111333011333331133301333011111111133333330113330111133301111113330111111133300011133310110033301111333011113330111
11111111333011111333013333331333011333333111111333333301113330111133301111133301111111130011111333311110033301111333011113330111
11111111333011113330133333331333033333330111111330033301113330111133301111133301111111101111113333011110033301111333011113330111
11111113333011113330133303331333333333001111111101333301113330111133301111333011111111111111133333011110333301111333011113330111
11111113333011113330333013331333333330111111111111333301113330111133301111333011131111111111333330111110333301111333011113330111
11111113330111113330130113331133300330111111111113333011113330111133301113330111333111111111333301111110333011110333011113330111
11111113330111113330111113331100011330111111111113333011113330111133301113330113333111111113333000000110333011110333011113330111
11111113330111113330111133301111113330111111111113333011113330111133301133301333330111111133330000000010333011110333011113330111
11111113330111113330111133301111113330111111111133330111113330111333301133303333301111111333300000002000333011110333011133330111
11111133330111113333011333011111113301111133111133330111113333011333011333333330011133111333000000000003333010110333301133301101
11011133330111111333333333010111113301111133011133330111111333333333011333333301111133013333000000200003333021110033333333301000
10000133300111100333333330000001113301111133011333300011111333333330111333333011111133033330000000000003330001000033333333010000
10000003300011000033333000000000013301111003000333300001000033333300000333300011111003033300200000200000330000200003333330000000
00000000000000000000000000000000000000000030000030000000000000000000000000000000000030000000000020020000000000000000000000000000
00000000000000000000000000000000000000000000000000000000000000000000000000000000000000000000000000000000000000000000000000000000
33303000333030303330330000003000000000000000000000000330033303000300000003000000000000000000003330330033303300333033303330000333
30303000303030303000303000033000000000000000000000000303030303000300000033000000000000000000003000303030003030030003003000000303
33303000333003003300330000003000000000000000000000000330033303000300000003000000000000000000003000330033003030030003003330000333
30003000303003003000303000003000000000000000000000000303030303000300000003000000000000000000003000303030003030030003000030000003
30003330303003003330303000033300000000000000000000000330030303330333000033300000000000000000003330303033303300333003003330000333

0x000b5260
00000000000000000000000000000000000000000000000000000000000000000000000000000000000000000000000000000000000000000000000000000000
00000000000330000000000300000000300000000000000000000330000000033300000000000333000000000000033333000000000033000000003330000000
00000000003330000000003330000003300000000000000000333333000000333330000000033333300000000033333333300000000333000000033333000000
00001010333330000000133300101003330000001000000033333333301010133333000010333003330010003333333330000000033333000000003333300000
01000003333330010000033300000003330101000000003333330033300000000333000000330003330000013333300001000000333333000000000033300000
10101033333300101010333010101013330010101010133333001333001033101333300013301013330010103330001011100003333330000013301033331010
01010333033301010101333011111133300101010101003300010333011133010133310103300103330101013301010101110033303330010103300003330101
10101330133300111013330111111133301030101010100011111333011333011133301033001033330010133300101010010033003330101033301013330011
01011001133301111113330111111133301133111111011111113330111333011133300100110133301101033301133333111000003330010133300103330111
10111111333301111133301111111133301133011111111111113330111333011133301111111333011111133013333333311000033330111033301013330111
11111111333301111133301111111133301133011111111111113333013330111133301111111333011111133333333333311000033330111333011113330111
11111111333011111333011133311133301133011111111111333333013330111133301111113330111111133333300033311100033301111333011113330111
11111111333011111333011333331133301333011111111133333330113330111133301111113330111111133300011133311100033301111333011113330111
11111111333011111333013333331333011333333111111333333301113330111133301111133301111111130011111333311100033301111333011113330111
11111111333011113330133333331333033333330111111330033301113330111133301111133301111111101111113333011100033301111333011113330111
11111113333011113330133303331333333333001111111101333301113330111133301111333011111111111111133333011100333301111333011113330111
11111113333011113330333013331333333330111111111111333301113330111133301111333011131111111111333330111100333301111333011113330111
11111113330111113330130113331133300330111111111113333011113330111133301113330111333111111110333301111000333011110333011113330111
11111113330111113330111113331100011330111111111113333011113330111133301113330113333111111113333000001000333011110333011113330111
11111113330111113330111133301111113330111111111113333011113330111133301133301333330111111133330000000000333011110333011113330111
11111113330111113330111133301111113330111111111133330111113330111333301133303333301111111333300000001000333011110333011133330111
11111133330111113333011333011111113301111133111133330111113333011333011333333330011133111333000000000003333010110333301133301101
11011133330111111333333333010111113301111133011133330111111333333333011333333301111133013333000000000003333011110033333333301000
10000133300111100333333330000001113301111133011333300011111333333330111333333011111133033330000020000003330001000033333333010000
10000003300011000033333000000000013301111003000333300001000033333300000333300011111003033300000000000000330020000003333330000000
00000000000000000000000000000000000000000030000030000000000000000000000000000000000030000000020020200002000000000000000000000000
00000000000000000000000000000000000000000000000000000000000000000000000000000000000000000000000000000000000000000000000000000000
33303000333030303330330000003000000000000000000000000330033303000300000003000000000000000000003330330033303300333033303330000333
30303000303030303000303000033000000000000000000000000303030303000300000033000000000000000000003000303030003030030003003000000303
33303000333003003300330000003000000000000000000000000330033303000300000003000000000000000000003000330033003030030003003330000333
30003000303003003000303000003000000000000000000000000303030303000300000003000000000000000000003000303030003030030003000030000003
30003330303003003330303000033300000000000000000000000330030303330333000033300000000000000000003330303033303300333003003330000333

0x000b530c
00000000000000000000000000000000000000000000000000000000000000000000000000000000000000000000000000000000000000000000000000000000
00000000000330000000000300000000300000000000000000000330000000033300000000000333000000000000033333000000000033000000003330000000
00000000003330000000003330000003300000000000000000333333000000333330000000033333300000000033333333301000010333000000033333000000
00001010333330000000133300101003330000001000000033333333301010133333000010333003330010003333333330000000033333000000003333300000
01000003333330010000033300000003330101000000003333330033300000000333000000330003330000013333300000000000333333000000000033300000
10101033333300101010333010101013330010101010133333001333001033101333300013301013330010103330001010000003333330000013301033331010
01010333033301010101333011111133300101010101003300010333011133010133310103300103330101013301010111000033303330010103300003330101
10101330133300111013330111111133301030101010100011111333011333011133301033001033330010133300101010100033003330101033301013330011
01011001133301111113330111111133301133111111011111113330111333011133300100110133301101033301133333100000003330010133300103330111
10111111333301111133301111111133301133011111111111113330111333011133301111111333011111133013333333300000033330111033301013330111
11111111333301111133301111111133301133011111111111113333013330111133301111111333011111133333333333310000033330111333011113330111
11111111333011111333011133311133301133011111111111333333013330111133301111113330111111133333300033310000033301111333011113330111
11111111333011111333011333331133301333011111111133333330113330111133301111113330111111133300011133310000033301111333011113330111
11111111333011111333013333331333011333333111111333333301113330111133301111133301111111130011111333310000033301111333011113330111
11111111333011113330133333331333033333330111111330033301113330111133301111133301111111101111113333010000033301111333011113330111
11111113333011113330133303331333333333001111111101333301113330111133301111333011111111111111133333010000333301111333011113330111
11111113333011113330333013331333333330111111111111333301113330111133301111333011131111111111333330110000333301111333011113330111
11111113330111113330130113331133300330111111111113333011113330111133301113330111333111111111333300110000333011110333011113330111
11111113330111113330111113331100011330111111111113333011113330111133301113330113333111111113333000000001333011110333011113330111
11111113330111113330111133301111113330111111111113333011113330111133301133301333330111111133330000000001333011110333011113330111
11111113330111113330111133301111113330111111111133330111113330111333301133303333301111111333300000000001333011110333011133330111
11111133330111113333011333011111113301111133111133330111113333011333011333333330011133111333000000010003333011110333301133301101
11011133330111111333333333010111113301111133011133330111111333333333011333333301111133013333000000000003333011110033333333301000
10000133300111100333333330000001113301111133011333300011111333333330111333333011111133033330020000000003330001000033333333010000
10000003300011000033333000000000013301111003000333300001000033333300000333300011111003033300000000000020330000000003333330000000
00000000000000000000000000000000000000000030000030000000000000000000000000000000000030000020002000000000000000000000000000000000
00000000000000000000000000000000000000000000000000000000000000000000000000000000000000000000000000000000000000000000000000000000
33303000333030303330330000003000000000000000000000000330033303000300000003000000000000000000003330330033303300333033303330000333
30303000303030303000303000033000000000000000000000000303030303000300000033000000000000000000003000303030003030030003003000000303
33303000333003003300330000003000000000000000000000000330033303000300000003000000000000000000003000330033003030030003003330000333
30003000303003003000303000003000000000000000000000000303030303000300000003000000000000000000003000303030003030030003000030000003
30003330303003003330303000033300000000000000000000000330030303330333000033300000000000000000003330303033303300333003003330000333

0x000b53b8
00000000000000000000000000000000000000000000000000000000000000000000000000000000000000000000000000000000000000000000000000000000
00000000000330000000000300000000300000000000000000000330000000033300000000000333000000000000033333000001000033000000003330000000
00000000003330000000003330000003300000000000000000333333000000333330000000033333300000000033333333300001000333000000033333000000
00001010333330000000133300101003330000001000000033333333301010133333000010333003330010003333333330000000033333000000003333300000
01000003333330010000033300000003330101000000003333330033300000000333000000330003330000013333300000000000333333000000000033300000
10101033333300101010333010101013330010101010133333001333001033101333300013301013330010103330001000000003333330000013301033331010
01010333033301010101333011111133300101010101003300010333011133010133310103300103330101013301010000000033303330010103300003330101
10101330133300111013330111111133301030101010100011111333011333011133301033001033330010133301101100000033003330101033301013330011
01011001133301111113330111111133301133111111011111113330111333011133300100110133301101033301133333000000113330010133300103330111
10111111333301111133301111111133301133011111111111113330111333011133301111111333011111133013333333300001133330111033301013330111
11111111333301111133301111111133301133011111111111113333013330111133301111111333011111133333333333300001133330111333011113330111
11111111333011111333011133311133301133011111111111333333013330111133301111113330111111133333300033300001133301111333011113330111
11111111333011111333011333331133301333011111111133333330113330111133301111113330111111133300011033300001133301111333011113330111
11111111333011111333013333331333011333333111111333333301113330111133301111133301111111130011111333300001133301111333011113330111
11111111333011113330133333331333033333330111111330033301113330111133301111133301111111101111113333000011133301111333011113330111
11111113333011113330133303331333333333001111111101333301113330111133301111333011111111111111133333000011333301111333011113330111
11111113333011113330333013331333333330111111111111333301113330111133301111333011131111111111333330000011333301111333011113330111
11111113330111113330130113331133300330111111111113333011113330111133301113330111333111111111333300000111333011110333011113330111
11111113330111113330111113331100011330111111111113333011113330111133301113330113333111111113333000000111333011110333011113330111
11111113330111113330111133301111113330111111111113333011113330111133301133301333330111111133330000010010333011110333011113330111
11111113330111113330111133301111113330111111111133330111113330111333301133303333301111111333300000000001333011110333011133330111
11111133330111113333011333011111113301111133111133330111113333011333011333333330011133111333000000000003333011110333301133301101
11011133330111111333333333010111113301111133011133330111111333333333011333333301111133013333000000000003333011110033333333301000
10000133300111100333333330000001113301111133011333300011111333333330111333333011111133033330020000002003330001000033333333010000
10000003300011000033333000000000013301111003000333300001000033333300000333300011111003033300000000000000330000000003333330000000
00000000000000000000000000000000000000000030000030000000000000000000000000000000000030000000200000000000000000000000000000000000
00000000000000000000000000000000000000000000000000000000000000000000000000000000000000000000000000000000000000000000000000000000
33303000333030303330330000003000000000000000000000000330033303000300000003000000000000000000003330330033303300333033303330000333
30303000303030303000303000033000000000000000000000000303030303000300000033000000000000000000003000303030003030030003003000000303
33303000333003003300330000003000000000000000000000000330033303000300000003000000000000000000003000330033003030030003003330000333
30003000303003003000303000003000000000000000000000000303030303000300000003000000000000000000003000303030003030030003000030000003
30003330303003003330303000033300000000000000000000000330030303330333000033300000000000000000003330303033303300333003003330000333

0x000b5464
00000000000000000000000000000000000000000000000000000000000000000000000000000000000000000000000000000000000000000000000000000000
00000000000330000000000300000000300000000000000000000330000000033300000000000333000000000000033333011000000033000000003330000000
00000000003330000000003330000003300000000000000000333333000000333330000000033333300000100033333333300000000333000000033333000000
00001010333330000000133300101003330000001000000033333333301010133333000010333003330010013333333330001000033333000000003333300000
01000003333330010000033300000003330101000000003333330033300000000333000000330003330000013333300000001000333333000000000033300000
10101033333300101010333010101013330010101010133333001333001033101333300013301013330010103330000000001103333330000013301033331010
01010333033301010101333011111133300101010101003300010333011133010133310103300103330101013300000000000133303330010103300003330101
10101330133300111013330111111133301030101010100011111333011333011133301033001033330010133301000000001033003330101033301013330011
01011001133301111113330111111133301133111111011111113330111333011133300100110133301101033301133333001100113330010133300103330111
10111111333301111133301111111133301133011111111111113330111333011133301111111333011111133013333333301111133330111033301013330111
11111111333301111133301111111133301133011111111111113333013330111133301111111333011111133333333333301111133330111333011113330111
11111111333011111333011133311133301133011111111111333333013330111133301111113330111111133333300033301111133301111333011113330111
11111111333011111333011333331133301333011111111133333330113330111133301111113330111111133300010033301111133301111333011113330111
11111111333011111333013333331333011333333111111333333301113330111133301111133301111111130011110333301111133301111333011113330111
11111111333011113330133333331333033333330111111330033301113330111133301111133301111111101111113333001111133301111333011113330111
11111113333011113330133303331333333333001111111101333301113330111133301111333011111111111111133333001011333301111333011113330111
11111113333011113330333013331333333330111111111111333301113330111133301111333011131111111111333330001011333301111333011113330111
11111113330111113330130113331133300330111111111113333011113330111133301113330111333111111111333300011111333011110333011113330111
11111113330111113330111113331100011330111111111113333011113330111133301113330113333111111113333000000111333011110333011113330111
11111113330111113330111133301111113330111111111113333011113330111133301133301333330111111133330000000011333011110333011113330111
11111113330111113330111133301111113330111111111133330111113330111333301133303333301111111333300000000001333011110333011133330111
11111133330111113333011333011111113301111133111133330111113333011333011333333330011133111333010000000003333011110333301133301101
11011133330111111333333333010111113301111133011133330111111333333333011333333301111133013333000000000003333011110033333333301000
10000133300111100333333330000001113301111133011333300011111333333330111333333011111133033330000000000003330001000033333333010000
10000003300011000033333000000000013301111003000333300001000033333300000333300011111003033300000000000000330000000003333330000000
00000000000000000000000000000000000000000030000030000000000000000000000000000000000030000000000000000000000000000000000000000000
00000000000000000000000000000000000000000000000000000000000000000000000000000000000000000000000000000000000000000000000000000000
33303000333030303330330000003000000000000000000000000330033303000300000003000000000000000000003330330033303300333033303330000333
30303000303030303000303000033000000000000000000000000303030303000300000033000000000000000000003000303030003030030003003000000303
33303000333003003300330000003000000000000000000000000330033303000300000003000000000000000000003000330033003030030003003330000333
30003000303003003000303000003000000000000000000000000303030303000300000003000000000000000000003000303030003030030003000030000003
30003330303003003330303000033300000000000000000000000330030303330333000033300000000000000000003330303033303300333003003330000333

0x000b875a
00000000000000000000000000000000000000000000000000000000000000000000000000000000000000000000000000000000000000000000000000000000
00000000033300000000033300000000000030000000000000003000000000000033000000000333330000000000003000000000000033000000003330000000
00000003333330000000333330000000000333000000000000033300000000000333000000333333333000000000033300000000000333000000033333000000
00001033300333000000033333111000003330001000000000333000001010133333000033333333300010000000333010100000033333000000003333300000
01000033000333000000000333100000003330000000000000333001000000333333000033333000010000010001333000000000333333000000000033300000
10101330100333000033000333301010133300101010101003330010101013333330100033300010101010101013330010100003333330000013301033331010
01010330010333000033000133311111133301010101010103330111111133303330010133000101010101010103330101010133303330010103300003330101
10103300103333000333000133301111333010101010101133301111111133013330101333001010101010101033301010111033003330101033301013330011
01011011113330100333000033301111333011111111011133301111111100113330110333010333331101011133301111111100113330010133300103330111
10111111133301100333000133301113330111111111111333011111111111133330111330133333333111111333011111111111133330111033301013330111
11111111133301103330000133301113330111111111111333011111111111133330111333333333333111111333011111111111133330111333011113330111
11111111333011113330000133301133301113331111113330111333111111133301111333333000333111113330111333111111133301111333011113330111
11111111333011113330000133301133301133333111113330113333311111133301111333000111333111113330113333311111133301111333011113330111
11111113330111113330000133301133301333333111113330133333311111133301111300111113333111113330133333311111133301111333011113330111
11111113330111113330000133301333013333333111133301333333311111133301111011111133330111133301333333311111133301111333011113330111
11111133301111113330000033301333013330333111133301333033311111333301111111111333330111133301333033311111333301111333011113330111
11111133301113113330000033301333033301333111133303330133311111333301111111113333301111133303330133311111333301111333011113330111
11111333011133313330000033301333013011333111133301301133311111333011111111113333011111133301301133311111333011110333011113330111
11111333011333313330000033301333011111333111133301111133311111333011111111133330111111133301110133300111333011110333011113330111
11113330133333013330000033301333011113330111133301111333011111333011111111333301111111133301110333000011333011110333011113330111
11113330333330113330000333301333011113330111133301111333011111333011111113333011111111133301110333000001333011110333011133330111
11133333333001113333000333011333301133301133133330113330111113333011111113330111111133133330103330000003333011110333301133301101
11033333330101100333333333010133333333301133013333333330111113333011111133330111111133013333333330000003333011110033333333301000
10033333300111100333333330001033333333011133013333333301111103330100111333300111111133013333333300000003330001000033333333010000
10033330000011000033333301000003333300111003000333330001000000330000000333000011111003000333330000000000330000000003333330000000
00000000000000000000000000010000000000000030000000000000000000000000000000000000000030000000000000000000000000000000000000000000
00000000000000000000000000000000000000000000000000000000000000000000000000000000000000000000000000000000000000000000000000000000
33303000333030303330330000003000000000000000000000000330033303000300000003000000000000000000003330330033303300333033303330000333
30303000303030303000303000033000000000000000000000000303030303000300000033000000000000000000003000303030003030030003003000000303
33303000333003003300330000003000000000000000000000000330033303000300000003000000000000000000003000330033003030030003003330000333
30003000303003003000303000003000000000000000000000000303030303000300000003000000000000000000003000303030003030030003000030000003
30003330303003003330303000033300000000000000000000000330030303330333000033300000000000000000003330303033303300333003003330000333

0x000b87f7
00000000000000000000000000000000000000000000000000000000000000000000000000000000000000000000000000000000000000000000000000000000
00000000033300000000033300001010000030000000000000003000000000000033000000000333330000000000003000000000000033000000003330000000
00000003333330000000333330010000000333000000000000033300000000000333000000333333333000000000033300000000000333000000033333000000
00001033300333000000033333001100003330001000000000333000001010133333000033333333300010000000333010100000033333000000003333300000
01000033000333010000000333010000003330000000000000333001000000333333000033333000010000010001333000000000333333000000000033300000
10101330100333001033000333301010133300101010101003330010101013333330100033300010101010101013330010100003333330000013301033331010
01010330010333011033000033310011133301010101010103330111111133303330010133000101010101010103330101010133303330010103300003330101
10103300103333011333000033301111333010101010101133301111111133013330101333001010101010101033301010111033003330101033301013330011
01011011113330111333000033301111333011111111011133301111111100113330110333010333331101011133301111111100113330010133300103330111
10111111133301111333000033301113330111111111111333011111111111133330111330133333333111111333011111111111133330111033301013330111
11111111133301113330000033301113330111111111111333011111111111133330111333333333333111111333011111111111133330111333011113330111
11111111333011113330000033301133301113331111113330111333111111133301111333333000333111113330111333111111133301111333011113330111
11111111333011113330000033301133301133333111113330113333311111133301111333000111333111113330113333311111133301111333011113330111
11111113330111113330000033301133301333333111113330133333311111133301111300111113333111113330133333311111133301111333011113330111
11111113330111113330000033301333013333333111133301333333311111133301111011111133330111133301333333311111133301111333011113330111
11111133301111113330100033301333013330333111133301333033311111333301111111111333330111133301333033311111333301111333011113330111
11111133301113113330000033301333033301333111133303330133311111333301111111113333301111133303330133311111333301111333011113330111
11111333011133313330000033301333013011333111133301301133311111333011111111113333011111133301301133311111333011110333011113330111
11111333011333313330100033301333011111333111133301111133311111333011111111133330111111133301110133300111333011110333011113330111
11113330133333003330100033301333011113330111133301111333011111333011111111333301111111133301110333000011333011110333011113330111
11113330333330103330100333301333011113330111133301111333011111333011111113333011111111133301110333000001333011110333011133330111
11133333333001113333000333011333301133301133133330113330111113333011111113330111111133133330103330000003333011110333301133301101
11033333330111111333333333010133333333301133013333333330111113333011111133330111111133013333333330000003333011110033333333301000
10033333300111000333333330000033333333011133013333333301111103330100111333300111111133013333333300000003330001000033333333010000
10033330000011000033333300000003333300111003000333330001000000330000000333000011111003000333330000000000330000000003333330000000
00000000000000010010000010000100000000000030000000000000000000000000000000000000000030000000000000000000000000000000000000000000
00000000000000000000000000000000000000000000000000000000000000000000000000000000000000000000000000000000000000000000000000000000
33303000333030303330330000003000000000000000000000000330033303000300000003000000000000000000003330330033303300333033303330000333
30303000303030303000303000033000000000000000000000000303030303000300000033000000000000000000003000303030003030030003003000000303
33303000333003003300330000003000000000000000000000000330033303000300000003000000000000000000003000330033003030030003003330000333
30003000303003003000303000003000000000000000000000000303030303000300000003000000000000000000003000303030003030030003000030000003
30003330303003003330303000033300000000000000000000000330030303330333000033300000000000000000003330303033303300333003003330000333

0x000b88a3
00000000000000000000000000000000000000000000000000000000000000000000000000000000000000000000000000000000000000000000000000000000
00000000033300000000033300000010000030000000000000003000000000000033000000000333330000000000003000000000000033000000003330000000
00000003333330000000333330000010000333000000000000033300000000000333000000333333333000000000033300000000000333000000033333000000
00001033300333000100033333000000003330001000000000333000001010133333000033333333300010000000333010100000033333000000003333300000
01000033000333010001000333000010003330000000000000333001000000333333000033333000010000010001333000000000333333000000000033300000
10101330100333001133000333300110133300101010101003330010101013333330100033300010101010101013330010100003333330000013301033331010
01010330010333010133000033301111133301010101010103330111111133303330010133000101010101010103330101010133303330010103300003330101
10103300103333011333000033301111333010101010101133301111111133013330101333001010101010101033301010111033003330101033301013330011
01011011113330111333000033301111333011111111011133301111111100113330110333010333331101011133301111111100113330010133300103330111
10111111133301111333000033301113330111111111111333011111111111133330111330133333333111111333011111111111133330111033301013330111
11111111133301113330100033301113330111111111111333011111111111133330111333333333333111111333011111111111133330111333011113330111
11111111333011113330101033301133301113331111113330111333111111133301111333333000333111113330111333111111133301111333011113330111
11111111333011113330100033301133301133333111113330113333311111133301111333000111333111113330113333311111133301111333011113330111
11111113330111113330110033301133301333333111113330133333311111133301111300111113333111113330133333311111133301111333011113330111
11111113330111113330110033301333013333333111133301333333311111133301111011111133330111133301333333311111133301111333011113330111
11111133301111113330110033301333013330333111133301333033311111333301111111111333330111133301333033311111333301111333011113330111
11111133301113113330110033301333033301333111133303330133311111333301111111113333301111133303330133311111333301111333011113330111
11111333011133313330111033301333013011333111133301301133311111333011111111113333011111133301301133311111333011110333011113330111
11111333011333313330011033301333011111333111133301111133311111333011111111133330111111133301110133300111333011110333011113330111
11113330133333013330111033301333011113330111133301111333011111333011111111333301111111133301110333000011333011110333011113330111
11113330333330013330111333301333011113330111133301111333011111333011111113333011111111133301110333000001333011110333011133330111
11133333333000013333010333011333301133301133133330113330111113333011111113330111111133133330103330000003333011110333301133301101
11033333330111111333333333010133333333301133013333333330111113333011111133330111111133013333333330000003333011110033333333301000
10033333300111101333333330000133333333011133013333333301111103330100111333300111111133013333333300000003330001000033333333010000
10033330000010000033333300000003333300111003000333330001000000330000000333000011111003000333330000000000330000000003333330000000
00000000000100000000000000000001000000000030000000000000000000000000000000000000000030000000000000000000000000000000000000000000
00000000000000000000000000000000000000000000000000000000000000000000000000000000000000000000000000000000000000000000000000000000
33303000333030303330330000003000000000000000000000000330033303000300000003000000000000000000003330330033303300333033303330000333
30303000303030303000303000033000000000000000000000000303030303000300000033000000000000000000003000303030003030030003003000000303
33303000333003003300330000003000000000000000000000000330033303000300000003000000000000000000003000330033003030030003003330000333
30003000303003003000303000003000000000000000000000000303030303000300000003000000000000000000003000303030003030030003000030000003
30003330303003003330303000033300000000000000000000000330030303330333000033300000000000000000003330303033303300333003003330000333

0x000b894e
00000000000000000000000000000000000000000000000000000000000000000000000000000000000000000000000000000000000000000000000000000000
00000000033300000000133300000000000030000000000000003000000000000033000000000333330000000000003000000000000033000000003330000000
00000003333330000000333330000000100333000000000000033300000000000333000000333333333000000000033300000000000333000000033333000000
00001033300333000000133333000000003330001000000000333000001010133333000033333333300010000000333010100000033333000000003333300000
01000033000333010000011333000000103330000000000000333001000000333333000033333000010000010001333000000000333333000000000033300000
10101330100333001033111333300001133300101010101003330010101013333330100033300010101010101013330010100003333330000013301033331010
01010330010333010133011033300001133301010101010103330111111133303330010133000101010101010103330101010133303330010103300003330101
10103300103333011333011033300001333010101010101133301111111133013330101333001010101010101033301010111033003330101033301013330011
01011011113330111333011033300001333011111111011133301111111100113330110333010333331101011133301111111100113330010133300103330111
10111111133301111333011033300013330111111111111333011111111111133330111330133333333111111333011111111111133330111033301013330111
11111111133301113330111033300013330111111111111333011111111111133330111333333333333111111333011111111111133330111333011113330111
11111111333011113330111033300033301113331111113330111333111111133301111333333000333111113330111333111111133301111333011113330111
11111111333011113330111033300033301133333111113330113333311111133301111333000111333111113330113333311111133301111333011113330111
11111113330111113330111033300033301333333111113330133333311111133301111300111113333111113330133333311111133301111333011113330111
11111113330111113330111133300333013333333111133301333333311111133301111011111133330111133301333333311111133301111333011113330111
11111133301111113330101133300333013330333111133301333033311111333301111111111333330111133301333033311111333301111333011113330111
11111133301113113330110133300333033301333111133303330133311111333301111111113333301111133303330133311111333301111333011113330111
11111333011133313330111133300333013011333111133301301133311111333011111111113333011111133301301133311111333011110333011113330111
11111333011333313330111133300333011111333111133301111133311111333011111111133330111111133301110133300111333011110333011113330111
11113330133333013330101133301333011113330111133301111333011111333011111111333301111111133301110333000011333011110333011113330111
11113330333330113330111333301333000113330111133301111333011111333011111113333011111111133301110333000001333011110333011133330111
11133333333001113333011333001333300033301133133330113330111113333011111113330111111133133330103330000003333011110333301133301101
11033333330111111333333333000133333333301133013333333330111113333011111133330111111133013333333330000003333011110033333333301000
10033333300100000333333330000033333333011133013333333301111103330100111333300111111133013333333300000003330001000033333333010000
10033330000010000033333300000003333300111003000333330001000000330000000333000011111003000333330000000000330000000003333330000000
00000000000000000000000000000000000000000030000000000000000000000000000000000000000030000000000000000000000000000000000000000000
00000000000000000000000000000000000000000000000000000000000000000000000000000000000000000000000000000000000000000000000000000000
33303000333030303330330000003000000000000000000000000330033303000300000003000000000000000000003330330033303300333033303330000333
30303000303030303000303000033000000000000000000000000303030303000300000033000000000000000000003000303030003030030003003000000303
33303000333003003300330000003000000000000000000000000330033303000300000003000000000000000000003000330033003030030003003330000333
30003000303003003000303000003000000000000000000000000303030303000300000003000000000000000000003000303030003030030003000030000003
30003330303003003330303000033300000000000000000000000330030303330333000033300000000000000000003330303033303300333003003330000333

0x000b89eb
00000000000000000000000000000000000000000000000000000000000000000000000000000000000000000000000000000000000000000000000000000000
00000000033300000000033300000000001030000000000000003000000000000033000000000333330000000000003000000000000033000000003330000000
00000003333330000000333330000000001333000000000000033300000000000333000000333333333000000000033300000000000333000000033333000000
00001033300333000000133333100000003330001000000000333000001010133333000033333333300010000000333010100000033333000000003333300000
01000033000333010000000333000000003330000000000000333001000000333333000033333000010000010001333000000000333333000000000033300000
10101330100333001033101333300000033300101010101003330010101013333330100033300010101010101013330010100003333330000013301033331010
01010330010333010133010133300000033301010101010103330111111133303330010133000101010101010103330101010133303330010103300003330101
10103300103333011333011133300000333010101010101133301111111133013330101333001010101010101033301010111033003330101033301013330011
01011011113330111333011133300000333011111111011133301111111100113330110333010333331101011133301111111100113330010133300103330111
10111111133301111333011133300003330111111111111333011111111111133330111330133333333111111333011111111111133330111033301013330111
11111111133301113330111133300003330111111111111333011111111111133330111333333333333111111333011111111111133330111333011113330111
11111111333011113330101133300033301113331111113330111333111111133301111333333000333111113330111333111111133301111333011113330111
11111111333011113330111133300033301133333111113330113333311111133301111333000111333111113330113333311111133301111333011113330111
11111113330111113330111133300033301333333111113330133333311111133301111300111113333111113330133333311111133301111333011113330111
11111113330111113330111133300333013333333111133301333333311111133301111011111133330111133301333333311111133301111333011113330111
11111133301111113330111133300333013330333111133301333033311111333301111111111333330111133301333033311111333301111333011113330111
11111133301113113330111033300333033301333111133303330133311111333301111111113333301111133303330133311111333301111333011113330111
11111333011133313330111133301333013011333111133301301133311111333011111111113333011111133301301133311111333011110333011113330111
11111333011333313330111133300333011111333111133301111133311111333011111111133330111111133301110133300111333011110333011113330111
11113330133333013330111133300333011113330111133301111333011111333011111111333301111111133301110333000011333011110333011113330111
11113330333330113330111333300333011013330111133301111333011111333011111113333011111111133301110333000001333011110333011133330111
11133333333001113333011333000333301133301133133330113330111113333011111113330111111133133330103330000003333011110333301133301101
11033333330111110333333333000033333333301133013333333330111113333011111133330111111133013333333330000003333011110033333333301000
10033333300111100333333330000033333333011133013333333301111103330100111333300111111133013333333300000003330001000033333333010000
10033330000011000033333300000003333300111003000333330001000000330000000333000011111003000333330000000000330000000003333330000000
00000000000000000000000000000000000000000030000000000000000000000000000000000000000030000000000000000000000000000000000000000000
00000000000000000000000000000000000000000000000000000000000000000000000000000000000000000000000000000000000000000000000000000000
33303000333030303330330000003000000000000000000000000330033303000300000003000000000000000000003330330033303300333033303330000333
30303000303030303000303000033000000000000000000000000303030303000300000033000000000000000000003000303030003030030003003000000303
33303000333003003300330000003000000000000000000000000330033303000300000003000000000000000000003000330033003030030003003330000333
30003000303003003000303000003000000000000000000000000303030303000300000003000000000000000000003000303030003030030003000030000003
30003330303003003330303000033300000000000000000000000330030303330333000033300000000000000000003330303033303300333003003330000333

0x000b8a97
00000000000000000000000000000000000000000000000000000000000000000000000000000000000000000000000000000000000000000000000000000000
00000000033300000000033300000000000030000000000000003000000000000033000000000333330000000000003000000000000033000000003330000000
00000003333330000000333330000000000333000000000000033300000000000333000000333333333000000000033300000000000333000000033333000000
00001033300333000000133333000000003330001000000000333000001010133333000033333333300010000000333010100000033333000000003333300000
01000033000333010000000333000000003330000000000000333001000000333333000033333000010000010001333000000000333333000000000033300000
10101330100333001033101333300000033300101010101003330010101013333330100033300010101010101013330010100003333330000013301033331010
01010330010333010133010133300000033301010101010103330111111133303330010133000101010101010103330101010133303330010103300003330101
10103300103333011333011033300000333010101010101133301111111133013330101333001010101010101033301010111033003330101033301013330011
01011011113330111333011133300000333011111111011133301111111100113330110333010333331101011133301111111100113330010133300103330111
10111111133301111333011133300003330011111111111333011111111111133330111330133333333111111333011111111111133330111033301013330111
11111111133301113330111133300003330011111111111333011111111111133330111333333333333111111333011111111111133330111333011113330111
11111111333011113330111133301033300013331111113330111333111111133301111333333000333111113330111333111111133301111333011113330111
11111111333011113330111133301033300133333111113330113333311111133301111333000111333111113330113333311111133301111333011113330111
11111113330111113330111133301033300333333111113330133333311111133301111300111113333111113330133333311111133301111333011113330111
11111113330111113330111133301333003333333111133301333333311111133301111011111133330111133301333333311111133301111333011113330111
11111133301111113330111133301333003330333111133301333033311111333301111111111333330111133301333033311111333301111333011113330111
11111133301113113330111133301333033301333111133303330133311111333301111111113333301111133303330133311111333301111333011113330111
11111333011133313330011133301333003011333111133301301133311111333011111111113333011111133301301133311111333011110333011113330111
11111333011333313330111033301333001111333111133301111133311111333011111111133330111111133301110133300111333011110333011113330111
11113330133333013330211133301333001113330111133301111333011111333011111111333301111111133301110333000011333011110333011113330111
11113330333330113330111333300333011113330111133301111333011111333011111113333011111111133301110333000001333011110333011133330111
11133333333001113333010333010333301033301133133330113330111113333011111113330111111133133330103330000003333011110333301133301101
11033333330111111333333333010033333333301133013333333330111113333011111133330111111133013333333330000003333011110033333333301000
10033333300111100333333330000033333333011133013333333301111103330100111333300111111133013333333300000003330001000033333333010000
10033330000011000033333300000003333300111003000333330001000000330000000333000011111003000333330000000000330000000003333330000000
00000000000000000000000002000000000000000030000000000000000000000000000000000000000030000000000000000000000000000000000000000000
00000000000000000000000000000000000000000000000000000000000000000000000000000000000000000000000000000000000000000000000000000000
33303000333030303330330000003000000000000000000000000330033303000300000003000000000000000000003330330033303300333033303330000333
30303000303030303000303000033000000000000000000000000303030303000300000033000000000000000000003000303030003030030003003000000303
33303000333003003300330000003000000000000000000000000330033303000300000003000000000000000000003000330033003030030003003330000333
30003000303003003000303000003000000000000000000000000303030303000300000003000000000000000000003000303030003030030003000030000003
30003330303003003330303000033300000000000000000000000330030303330333000033300000000000000000003330303033303300333003003330000333

0x000b8b42
00000000000000000000000000000000000000000000000000000000000000000000000000000000000000000000000000000000000000000000000000000000
00000000033300000000033300000000000030000000000000003000000000000033000000000333330000000000003000000000000033000000003330000000
00000003333330000000333330000000000333100000000000033300000000000333000000333333333000000000033300000000000333000000033333000000
00001033300333000000133333110000003330011000000000333000001010133333000033333333300010000000333010100000033333000000003333300000
01000033000333010000000333010000003330000000000000333001000000333333000033333000010000010001333000000000333333000000000033300000
10101330100333001033101333311000033300101010101003330010101013333330100033300010101010101013330010100003333330000013301033331010
01010330010333010133010133311100033300110101010103330111111133303330010133000101010101010103330101010133303330010103300003330101
10103300103333011333011133300100333000101010101133301111111133013330101333001010101010101033301010111033003330101033301013330011
01011011113330111333011133301110333000011111011133301111111100113330110333010333331101011133301111111100113330010133300103330111
10111111133301111333011133301113330000011111111333011111111111133330111330133333333111111333011111111111133330111033301013330111
11111111133301113330111133301113330000011111111333011111111111133330111333333333333111111333011111111111133330111333011113330111
11111111333011113330111133301133300003331111113330111333111111133301111333333000333111113330111333111111133301111333011113330111
11111111333011113330111133301133300033333111113330113333311111133301111333000111333111113330113333311111133301111333011113330111
11111113330111113330111133301133300333333111113330133333311111133301111300111113333111113330133333311111133301111333011113330111
11111113330111113330111133301333003333333111133301333333311111133301111011111133330111133301333333311111133301111333011113330111
11111133301111113330111133301333003330333111133301333033311111333301111111111333330111133301333033311111333301111333011113330111
11111133301113113330111133301333033300333111133303330133311111333301111111113333301111133303330133311111333301111333011113330111
11111333011133313330101133301333003001333111133301301133311111333011111111113333011111133301301133311111333011110333011113330111
11111333011333313330111133301333000001333111133301111133311111333011111111133330111111133301110133300111333011110333011113330111
11113330133333013330111133301333000013330111133301111333011111333011111111333301111111133301110333000011333011110333011113330111
11113330333330113330101333301333000013330111133301111333011111333011111113333011111111133301110333000001333011110333011133330111
11133333333001113333011333011333300133301133133330113330111113333011111113330111111133133330103330000003333011110333301133301101
11033333330111111333333333000133333333301133013333333330111113333011111133330111111133013333333330000003333011110033333333301000
10033333300111100333333330200033333333011133013333333301111103330100111333300111111133013333333300000003330001000033333333010000
10033330000011000033333300000003333300211003000333330001000000330000000333000011111003000333330000000000330000000003333330000000
00000000000000000000000000202000000000000030000000000000000000000000000000000000000030000000000000000000000000000000000000000000
00000000000000000000000000000000000000000000000000000000000000000000000000000000000000000000000000000000000000000000000000000000
33303000333030303330330000003000000000000000000000000330033303000300000003000000000000000000003330330033303300333033303330000333
30303000303030303000303000033000000000000000000000000303030303000300000033000000000000000000003000303030003030030003003000000303
33303000333003003300330000003000000000000000000000000330033303000300000003000000000000000000003000330033003030030003003330000333
30003000303003003000303000003000000000000000000000000303030303000300000003000000000000000000003000303030003030030003000030000003
30003330303003003330303000033300000000000000000000000330030303330333000033300000000000000000003330303033303300333003003330000333

0x000b8bdf
00000000000000000000000000000000000000000000000000000000000000000000000000000000000000000000000000000000000000000000000000000000
00000000033300000000033300000000000030000000000000003000000000000033000000000333330000000000003000000000000033000000003330000000
00000003333330000000333330100000001333010000000000033300000000000333000000333333333000000000033300000000000333000000033333000000
00001033300333000000133333100000003330001000000000333000001010133333000033333333300010000000333010100000033333000000003333300000
01000033000333010000000333010100003330001000000000333001000000333333000033333000010000010001333000000000333333000000000033300000
10101330100333001033101333301010033300001010101003330010101013333330100033300010101010101013330010100003333330000013301033331010
01010330010333010133010133311111033300010101010103330111111133303330010133000101010101010103330101010133303330010103300003330101
10103300103333011333011133301111333000001010101133301111111133013330101333001010101010101033301010111033003330101033301013330011
01011011113330111333011133301111333000001111011133301111111100113330110333010333331101011133301111111100113330010133300103330111
10111111133301111333011133301113330000001111111333011111111111133330111330133333333111111333011111111111133330111033301013330111
11111111133301113330111133301113330000001111111333011111111111133330111333333333333111111333011111111111133330111333011113330111
11111111333011113330111133301133300003331111113330111333111111133301111333333000333111113330111333111111133301111333011113330111
11111111333011113330111133301133300033333111113330113333311111133301111333000111333111113330113333311111133301111333011113330111
11111113330111113330111133301133300333333111113330133333311111133301111300111113333111113330133333311111133301111333011113330111
11111113330111113330111133301333013333333111133301333333311111133301111011111133330111133301333333311111133301111333011113330111
11111133301111113330111133301333013330333111133301333033311111333301111111111333330111133301333033311111333301111333011113330111
11111133301113113330111133301333033300333111133303330133311111333301111111113333301111133303330133311111333301111333011113330111
11111333011133313330111133301333013000333111133301301133311111333011111111113333011111133301301133311111333011110333011113330111
11111333011333313330111133301333000001333111133301111133311111333011111111133330111111133301110133300111333011110333011113330111
11113330133333013330111133301333000003330111133301111333011111333011111111333301111111133301110333000011333011110333011113330111
11113330333330113330111333301333000013330111133301111333011111333011111113333011111111133301110333000001333011110333011133330111
11133333333001113333011333011333300033301133133330113330111113333011111113330111111133133330103330000003333011110333301133301101
11033333330111111333333333010133333333301133013333333330111113333011111133330111111133013333333330000003333011110033333333301000
10033333300111100333333330020033333333011133013333333301111103330100111333300111111133013333333300000003330001000033333333010000
10033330000011000033333300000003333300121003000333330001000000330000000333000011111003000333330000000000330000000003333330000000
00000000000000000000000020002000000000200030000000000000000000000000000000000000000030000000000000000000000000000000000000000000
00000000000000000000000000000000000000000000000000000000000000000000000000000000000000000000000000000000000000000000000000000000
33303000333030303330330000003000000000000000000000000330033303000300000003000000000000000000003330330033303300333033303330000333
30303000303030303000303000033000000000000000000000000303030303000300000033000000000000000000003000303030003030030003003000000303
33303000333003003300330000003000000000000000000000000330033303000300000003000000000000000000003000330033003030030003003330000333
30003000303003003000303000003000000000000000000000000303030303000300000003000000000000000000003000303030003030030003000030000003
30003330303003003330303000033300000000000000000000000330030303330333000033300000000000000000003330303033303300333003003330000333

0x000b8c8b
00000000000000000000000000000000000000000000000000000000000000000000000000000000000000000000000000000000000000000000000000000000
00000000033300000000033300000000000030000100000000003000000000000033000000000333330000000000003000000000000033000000003330000000
00000003333330000000333330001000000333000100000000033300000000000333000000333333333000000000033300000000000333000000033333000000
00001033300333000000133333101110003330001000000000333000001010133333000033333333300010000000333010100000033333000000003333300000
01000033000333010000000333000000003330000000000000333001000000333333000033333000010000010001333000000000333333000000000033300000
10101330100333001033101333301010133300000010101003330010101013333330100033300010101010101013330010100003333330000013301033331010
01010330010333010133010133311111133300000111010103330111111133303330010133000101010101010103330101010133303330010103300003330101
10103300103333011333011133301111333000000010101133301111111133013330101333001010101010101033301010111033003330101033301013330011
01011011113330111333011133301111333000000111011133301111111100113330110333010333331101011133301111111100113330010133300103330111
10111111133301111333011133301113330000000111111333011111111111133330111330133333333111111333011111111111133330111033301013330111
11111111133301113330111133301113330000000111111333011111111111133330111333333333333111111333011111111111133330111333011113330111
11111111333011113330111133301133301003330111113330111333111111133301111333333000333111113330111333111111133301111333011113330111
11111111333011113330111133301133301033333111113330113333311111133301111333000111333111113330113333311111133301111333011113330111
11111113330111113330111133301133301333333111113330133333311111133301111300111113333111113330133333311111133301111333011113330111
11111113330111113330111133301333013333333111133301333333311111133301111011111133330111133301333333311111133301111333011113330111
11111133301111113330111133301333013330333111133301333033311111333301111111111333330111133301333033311111333301111333011113330111
11111133301113113330111133301333033300333111133303330133311111333301111111113333301111133303330133311111333301111333011113330111
11111333011133313330111133301333013000333111133301301133311111333011111111113333011111133301301133311111333011110333011113330111
11111333011333313330111133301333010000333111133301111133311111333011111111133330111111133301110133300111333011110333011113330111
11113330133333013330111133301333010003330011133301111333011111333011111111333301111111133301110333000011333011110333011113330111
11113330333330113330111333301333010003330111133301111333011111333011111113333011111111133301110333000001333011110333011133330111
11133333333001113333011333011333300033301133133330113330111113333011111113330111111133133330103330000003333011110333301133301101
11033333330111111333333333010133333333301133013333333330111113333011111133330111111133013333333330000003333011110033333333301000
10033333300111100333333330000033333333010133013333333301111103330100111333300111111133013333333300000003330001000033333333010000
10033330000011000033333300000003333300011003000333330001000000330000000333000011111003000333330000000000330000000003333330000000
00000000000000000000000000000020000000000030000000000000000000000000000000000000000030000000000000000000000000000000000000000000
00000000000000000000000000000000000000000000000000000000000000000000000000000000000000000000000000000000000000000000000000000000
33303000333030303330330000003000000000000000000000000330033303000300000003000000000000000000003330330033303300333033303330000333
30303000303030303000303000033000000000000000000000000303030303000300000033000000000000000000003000303030003030030003003000000303
33303000333003003300330000003000000000000000000000000330033303000300000003000000000000000000003000330033003030030003003330000333
30003000303003003000303000003000000000000000000000000303030303000300000003000000000000000000003000303030003030030003000030000003
30003330303003003330303000033300000000000000000000000330030303330333000033300000000000000000003330303033303300333003003330000333

0x000b8d36
00000000000000000000000000000000000000000000000000000000000000000000000000000000000000000000000000000000000000000000000000000000
00000000033300000000033300000000000030000110000000003000000000000033000000000333330000000000003000000000000033000000003330000000
00000003333330000000333330001000000333000000000000033300000000000333000000333333333000000000033300000000000333000000033333000000
00001033300333000000133333101100003330000010000000333000001010133333000033333333300010000000333010100000033333000000003333300000
01000033000333010000000333000110003330000010000000333001000000333333000033333000010000010001333000000000333333000000000033300000
10101330100333001033101333301010133300000011101003330010101013333330100033300010101010101013330010100003333330000013301033331010
01010330010333010133010133311110133300000001010103330111111133303330010133000101010101010103330101010133303330010103300003330101
10103300103333011333011133301111333000000010101133301111111133013330101333001010101010101033301010111033003330101033301013330011
01011011113330111333011133301111333000000011011133301111111100113330110333010333331101011133301111111100113330010133300103330111
10111111133301111333011133301113330000000011111333011111111111133330111330133333333111111333011111111111133330111033301013330111
11111111133301113330111133301113330000000011111333011111111111133330111333333333333111111333011111111111133330111333011113330111
11111111333011113330111133301133301103330011113330111333111111133301111333333000333111113330111333111111133301111333011113330111
11111111333011113330111133301133301133333011113330113333311111133301111333000111333111113330113333311111133301111333011113330111
11111113330111113330111133301133301333333011113330133333311111133301111300111113333111113330133333311111133301111333011113330111
11111113330111113330111133301333013333333011133301333333311111133301111011111133330111133301333333311111133301111333011113330111
11111133301111113330111133301333013330333010133301333033311111333301111111111333330111133301333033311111333301111333011113330111
11111133301113113330111133301333033300333010133303330133311111333301111111113333301111133303330133311111333301111333011113330111
11111333011133313330111133301333013000333111133301301133311111333011111111113333011111133301301133311111333011110333011113330111
11111333011333313330111133301333011100333111133301111133311111333011111111133330111111133301110133300111333011110333011113330111
11113330133333013330111133301333011103330110133301111333011111333011111111333301111111133301110333000011333011110333011113330111
11113330333330113330111333301333001103330111133301111333011111333011111113333011111111133301110333000001333011110333011133330111
11133333333001113333011333011333301133301133133330113330111113333011111113330111111133133330103330000003333011110333301133301101
11033333330111111333333333010133333333301133013333333330111113333011111133330111111133013333333330000003333011110033333333301000
10033333300111100333333330000033333333011133013333333301111103330100111333300111111133013333333300000003330001000033333333010000
10033330000011000033333300000003333300101003000333330001000000330000000333000011111003000333330000000000330000000003333330000000
00000000000000000000000000000000000000000030000000000000000000000000000000000000000030000000000000000000000000000000000000000000
00000000000000000000000000000000000000000000000000000000000000000000000000000000000000000000000000000000000000000000000000000000
33303000333030303330330000003000000000000000000000000330033303000300000003000000000000000000003330330033303300333033303330000333
30303000303030303000303000033000000000000000000000000303030303000300000033000000000000000000003000303030003030030003003000000303
33303000333003003300330000003000000000000000000000000330033303000300000003000000000000000000003000330033003030030003003330000333
30003000303003003000303000003000000000000000000000000303030303000300000003000000000000000000003000303030003030030003000030000003
30003330303003003330303000033300000000000000000000000330030303330333000033300000000000000000003330303033303300333003003330000333

0x000b8de2
00000000000000000000000000000000000000000000000000000000000000000000000000000000000000000000000000000000000000000000000000000000
00000000033300000000033300000000000030000001000000003000000000000033000000000333330000000000003000000000000033000000003330000000
00000003333330000000333330000010000333000000100000033300000000000333000000333333333000000000033300000000000333000000033333000000
00001033300333000000133333101000003330000000100000333000001010133333000033333333300010000000333010100000033333000000003333300000
01000033000333010000000333000000003330000000100000333001000000333333000033333000010000010001333000000000333333000000000033300000
10101330100333001033101333301010133300000000101003330010101013333330100033300010101010101013330010100003333330000013301033331010
01010330010333010133010133311111133300000001010103330111111133303330010133000101010101010103330101010133303330010103300003330101
10103300103333011333011133301111333000000000101133301111111133013330101333001010101010101033301010111033003330101033301013330011
01011011113330111333011133301111333000001000111133301111111100113330110333010333331101011133301111111100113330010133300103330111
10111111133301111333011133301113330000000100111333011111111111133330111330133333333111111333011111111111133330111033301013330111
11111111133301113330111133301113330000000000111333011111111111133330111333333333333111111333011111111111133330111333011113330111
11111111333011113330111133301133301103330000113330111333111111133301111333333000333111113330111333111111133301111333011113330111
11111111333011113330111133301133301133333000103330113333311111133301111333000111333111113330113333311111133301111333011113330111
11111113330111113330111133301133301333333000113330133333311111133301111300111113333111113330133333311111133301111333011113330111
11111113330111113330111133301333013333333000133301333333311111133301111011111133330111133301333333311111133301111333011113330111
11111133301111113330111133301333013330333000133301333033311111333301111111111333330111133301333033311111333301111333011113330111
11111133301113113330111133301333033301333000133303330133311111333301111111113333301111133303330133311111333301111333011113330111
11111333011133313330111133301333013011333000133301301133311111333011111111113333011111133301301133311111333011110333011113330111
11111333011333313330111133301333011111333001133301111133311111333011111111133330111111133301110133300111333011110333011113330111
11113330133333013330111133301333011113330001133301111333011111333011111111333301111111133301110333000011333011110333011113330111
11113330333330113330111333301333011113330011133301111333011111333011111113333011111111133301110333000001333011110333011133330111
11133333333001113333011333011333301133300033133330113330111113333011111113330111111133133330103330000003333011110333301133301101
11033333330111111333333333010133333333300033013333333330111113333011111133330111111133013333333330000003333011110033333333301000
10033333300111100333333330000033333333000033013333333301111103330100111333300111111133013333333300000003330001000033333333010000
10033330000011000033333300000003333300000003000333330001000000330000000333000011111003000333330000000000330000000003333330000000
00000000000000000000000000000020000010000030000000000000000000000000000000000000000030000000000000000000000000000000000000000000
00000000000000000000000000000000000000000000000000000000000000000000000000000000000000000000000000000000000000000000000000000000
33303000333030303330330000003000000000000000000000000330033303000300000003000000000000000000003330330033303300333033303330000333
30303000303030303000303000033000000000000000000000000303030303000300000033000000000000000000003000303030003030030003003000000303
33303000333003003300330000003000000000000000000000000330033303000300000003000000000000000000003000330033003030030003003330000333
30003000303003003000303000003000000000000000000000000303030303000300000003000000000000000000003000303030003030030003000030000003
30003330303003003330303000033300000000000000000000000330030303330333000033300000000000000000003330303033303300333003003330000333

0x000b8e7f
00000000000000000000000000000000000000000000000000000000000000000000000000000000000000000000000000000000000000000000000000000000
00000000033300000000033300000000100030000000000000003000000000000033000000000333330000000000003000000000000033000000003330000000
00000003333330000000333330000000000333000000001000033300000000000333000000333333333000000000033300000000000333000000033333000000
00001033300333000000133333101000013330000000000000333000001010133333000033333333300010000000333010100000033333000000003333300000
01000033000333010000000333000000013330001100000000333001000000333333000033333000010000010001333000000000333333000000000033300000
10101330100333001033101333301010133300000000001003330010101013333330100033300010101010101013330010100003333330000013301033331010
01010330010333010133010133311111133300000000010103330111111133303330010133000101010101010103330101010133303330010103300003330101
10103300103333011333011133301111333000000000001133301111111133013330101333001010101010101033301010111033003330101033301013330011
01011011113330111333011133301111333000000000011133301111111100113330110333010333331101011133301111111100113330010133300103330111
10111111133301111333011133301113330100000000011333011111111111133330111330133333333111111333011111111111133330111033301013330111
11111111133301113330111133301113330110000000011333011111111111133330111333333333333111111333011111111111133330111333011113330111
11111111333011113330111133301133301113330000013330111333111111133301111333333000333111113330111333111111133301111333011113330111
11111111333011113330111133301133301133333000003330113333311111133301111333000111333111113330113333311111133301111333011113330111
11111113330111113330111133301133301333333000003330133333311111133301111300111113333111113330133333311111133301111333011113330111
11111113330111113330111133301333013333333000033300333333311111133301111011111133330111133301333333311111133301111333011113330111
11111133301111113330111133301333013330333000033301333033311111333301111111111333330111133301333033311111333301111333011113330111
11111133301113113330111133301333033301333000033303330133311111333301111111113333301111133303330133311111333301111333011113330111
11111333011133313330111133301333013011333000033301301133311111333011111111113333011111133301301133311111333011110333011113330111
11111333011333313330111133301333011111333000033301111133311111333011111111133330111111133301110133300111333011110333011113330111
11113330133333013330111133301333011113330000033301111333011111333011111111333301111111133301110333000011333011110333011113330111
11113330333330113330111333301333011113330000033301111333011111333011111113333011111111133301110333000001333011110333011133330111
11133333333001113333011333011333301133301033133330113330111113333011111113330111111133133330103330000003333011110333301133301101
11033333330111111333333333010133333333301133013333333330111113333011111133330111111133013333333330000003333011110033333333301000
10033333300111100333333330000033333333011033013333333301111103330100111333300111111133013333333300000003330001000033333333010000
10033330000011000033333300000003333300010003000333330001000000330000000333000011111003000333330000000000330000000003333330000000
00000000000000000000000000000000000000000030100100000000000000000000000000000000000030000000000000000000000000000000000000000000
00000000000000000000000000000000000000000000000000000000000000000000000000000000000000000000000000000000000000000000000000000000
33303000333030303330330000003000000000000000000000000330033303000300000003000000000000000000003330330033303300333033303330000333
30303000303030303000303000033000000000000000000000000303030303000300000033000000000000000000003000303030003030030003003000000303
33303000333003003300330000003000000000000000000000000330033303000300000003000000000000000000003000330033003030030003003330000333
30003000303003003000303000003000000000000000000000000303030303000300000003000000000000000000003000303030003030030003000030000003
30003330303003003330303000033300000000000000000000000330030303330333000033300000000000000000003330303033303300333003003330000333

0x000b8f2a
00000000000000000000000000000000000000000000000000000000000000000000000000000000000000000000000000000000000000000000000000000000
00000000033300000000033300000000000030000000010000003000000000000033000000000333330000000000003000000000000033000000003330000000
00000003333330000000333330000000000333000000100000033300000000000333000000333333333000000000033300000000000333000000033333000000
00001033300333000000133333101000003330000000000000333000001010133333000033333333300010000000333010100000033333000000003333300000
01000033000333010000000333000000003330000000000000333001000000333333000033333000010000010001333000000000333333000000000033300000
10101330100333001033101333301010133300000000000003330010101013333330100033300010101010101013330010100003333330000013301033331010
01010330010333010133010133311111133301000000000103330111111133303330010133000101010101010103330101010133303330010103300003330101
10103300103333011333011133301111333010000000000133301111111133013330101333001010101010101033301010111033003330101033301013330011
01011011113330111333011133301111333011100000000033301111111100113330110333010333331101011133301111111100113330010133300103330111
10111111133301111333011133301113330111100000000333011111111111133330111330133333333111111333011111111111133330111033301013330111
11111111133301113330111133301113330111100000000333011111111111133330111333333333333111111333011111111111133330111333011113330111
11111111333011113330111133301133301113330000003330011333111111133301111333333000333111113330111333111111133301111333011113330111
11111111333011113330111133301133301133333000003330113333311111133301111333000111333111113330113333311111133301111333011113330111
11111113330111113330111133301133301333333000003330133333311111133301111300111113333111113330133333311111133301111333011113330111
11111113330111113330111133301333013333333000033301333333311111133301111011111133330111133301333333311111133301111333011113330111
11111133301111113330111133301333013330333000033300333033311111333301111111111333330111133301333033311111333301111333011113330111
11111133301113113330111133301333033301333100033303330133311111333301111111113333301111133303330133311111333301111333011113330111
11111333011133313330111133301333013011333100033301301133311111333011111111113333011111133301301133311111333011110333011113330111
11111333011333313330111133301333011110333100033301111133311111333011111111133330111111133301110133300111333011110333011113330111
11113330133333013330111133301333010113330111033301111333011111333011111111333301111111133301110333000011333011110333011113330111
11113330333330113330111333301333011113330110033301111333011111333011111113333011111111133301110333000001333011110333011133330111
11133333333001113333011333011333301133300133033330113330111113333011111113330111111133133330103330000003333011110333301133301101
11033333330111111333333333010133333333300033003333333330111113333011111133330111111133013333333330000003333011110033333333301000
10033333300111100333333330000033333333011133003333333301111103330100111333300111111133013333333300000003330001000033333333010000
10033330000011000033333300000003333300101003000333330001000000330000000333000011111003000333330000000000330000000003333330000000
00000000000000000000000000000000000000000030000000000000000000000000000000000000000030000000000000000000000000000000000000000000
00000000000000000000000000000000000000000000000000000000000000000000000000000000000000000000000000000000000000000000000000000000
33303000333030303330330000003000000000000000000000000330033303000300000003000000000000000000003330330033303300333033303330000333
30303000303030303000303000033000000000000000000000000303030303000300000033000000000000000000003000303030003030030003003000000303
33303000333003003300330000003000000000000000000000000330033303000300000003000000000000000000003000330033003030030003003330000333
30003000303003003000303000003000000000000000000000000303030303000300000003000000000000000000003000303030003030030003000030000003
30003330303003003330303000033300000000000000000000000330030303330333000033300000000000000000003330303033303300333003003330000333

0x000b8fd6
00000000000000000000000000000000000000000000000000000000000000000000000000000000000000000000000000000000000000000000000000000000
00000000033300000000033300000000000030000000000000003010000000000033000000000333330000000000003000000000000033000000003330000000
00000003333330000000333330000000000333000000000000033300000000000333000000333333333000000000033300000000000333000000033333000000
00001033300333000000133333101000003330001000000000333000001010133333000033333333300010000000333010100000033333000000003333300000
01000033000333010000000333000000003330010000000000333001000000333333000033333000010000010001333000000000333333000000000033300000
10101330100333001033101333301010133300101000000003330010101013333330100033300010101010101013330010100003333330000013301033331010
01010330010333010133010133311111133301011000000003330011111133303330010133000101010101010103330101010133303330010103300003330101
10103300103333011333011133301111333010101000000033301111111133013330101333001010101010101033301010111033003330101033301013330011
01011011113330111333011133301111333011111000000033301111111100113330110333010333331101011133301111111100113330010133300103330111
10111111133301111333011133301113330111111000000333011111111111133330111330133333333111111333011111111111133330111033301013330111
11111111133301113330111133301113330111111100000333011111111111133330111333333333333111111333011111111111133330111333011113330111
11111111333011113330111133301133301113331100003330111333111111133301111333333000333111113330111333111111133301111333011113330111
11111111333011113330111133301133301133333100003330113333311111133301111333000111333111113330113333311111133301111333011113330111
11111113330111113330111133301133301333333110003330133333311111133301111300111113333111113330133333311111133301111333011113330111
11111113330111113330111133301333013333333110033301333333311111133301111011111133330111133301333333311111133301111333011113330111
11111133301111113330111133301333013330333111133301333033311111333301111111111333330111133301333033311111333301111333011113330111
11111133301113113330111133301333033301333111033303330133311111333301111111113333301111133303330133311111333301111333011113330111
11111333011133313330111133301333013011333111033300301133311111333011111111113333011111133301301133311111333011110333011113330111
11111333011333313330111133301333011111333111133300111133311111333011111111133330111111133301110133300111333011110333011113330111
11113330133333013330111133301333011013330111133300111333011111333011111111333301111111133301110333000011333011110333011113330111
11113330333330113330111333301333011113330110133301111333011111333011111113333011111111133301110333000001333011110333011133330111
11133333333001113333011333011333301133301133133330113330111113333011111113330111111133133330103330000003333011110333301133301101
11033333330111111333333333010133333333301133003333333330111113333011111133330111111133013333333330000003333011110033333333301000
10033333300111100333333330000033333333011133003333333301111103330100111333300111111133013333333300000003330001000033333333010000
10033330000011000033333300000003333300110003000333330001000000330000000333000011111003000333330000000000330000000003333330000000
00000000000000000000000000000000000000010030000000000100000000000000000000000000000030000000000000000000000000000000000000000000
00000000000000000000000000000000000000000000000000000000000000000000000000000000000000000000000000000000000000000000000000000000
33303000333030303330330000003000000000000000000000000330033303000300000003000000000000000000003330330033303300333033303330000333
30303000303030303000303000033000000000000000000000000303030303000300000033000000000000000000003000303030003030030003003000000303
33303000333003003300330000003000000000000000000000000330033303000300000003000000000000000000003000330033003030030003003330000333
30003000303003003000303000003000000000000000000000000303030303000300000003000000000000000000003000303030003030030003000030000003
30003330303003003330303000033300000000000000000000000330030303330333000033300000000000000000003330303033303300333003003330000333

0x000b9082
00000000000000000000000000000000000000000000000000000000000000000000000000000000000000000000000000000000000000000000000000000000
00000000033300000000033300000000000030000000000000003010000000000033000000000333330000000000003000000000000033000000003330000000
00000003333330000000333330000000000333000000000000033310000000000333000000333333333000000000033300000000000333000000033333000000
00001033300333000000133333101000003330001100000000333000001010133333000033333333300010000000333010100000033333000000003333300000
01000033000333010000000333000000003330000001000000333010000000333333000033333000010000010001333000000000333333000000000033300000
10101330100333001033101333301010133300101111000003330110101013333330100033300010101010101013330010100003333330000013301033331010
01010330010333010133010133311111133301010101000003330111111133303330010133000101010101010103330101010133303330010103300003330101
10103300103333011333011133301111333010101010000033301111111133013330101333001010101010101033301010111033003330101033301013330011
01011011113330111333011133301111333011111111000033301111111100113330110333010333331101011133301111111100113330010133300103330111
10111111133301111333011133301113330111111111000333001111111111133330111330133333333111111333011111111111133330111033301013330111
11111111133301113330111133301113330111111111100333001111111111133330111333333333333111111333011111111111133330111333011113330111
11111111333011113330111133301133301113331111103330011333111111133301111333333000333111113330111333111111133301111333011113330111
11111111333011113330111133301133301133333111103330013333311111133301111333000111333111113330113333311111133301111333011113330111
11111113330111113330111133301133301333333111113330033333311111133301111300111113333111113330133333311111133301111333011113330111
11111113330111113330111133301333013333333111133300333333311111133301111011111133330111133301333333311111133301111333011113330111
11111133301111113330111133301333013330333111133300333033311111333301111111111333330111133301333033311111333301111333011113330111
11111133301113113330111133301333033301333111133303330033311111333301111111113333301111133303330133311111333301111333011113330111
11111333011133313330111133301333013011333111133300301133311111333011111111113333011111133301301133311111333011110333011113330111
11111333011333313330111133301333011111333010033300011133311111333011111111133330111111133301110133300111333011110333011113330111
11113330133333013330111133301333011113330111133300011333011111333011111111333301111111133301110333000011333011110333011113330111
11113330333330113330111333301333011113330111133300111333011111333011111113333011111111133301110333000001333011110333011133330111
11133333333001113333011333011333301133301133133330113330111113333011111113330111111133133330103330000003333011110333301133301101
11033333330111111333333333010133333333301133013333333330111113333011111133330111111133013333333330000003333011110033333333301000
10033333300111100333333330000033333333011133013333333301101103330100111333300111111133013333333300000003330001000033333333010000
10033330000011000033333300000003333300111003000333330001000000330000000333000011111003000333330000000000330000000003333330000000
00000000000000000000000000000000000000000030000000000001000000000000000000000000000030000000000000000000000000000000000000000000
00000000000000000000000000000000000000000000000000000000000000000000000000000000000000000000000000000000000000000000000000000000
33303000333030303330330000003000000000000000000000000330033303000300000003000000000000000000003330330033303300333033303330000333
30303000303030303000303000033000000000000000000000000303030303000300000033000000000000000000003000303030003030030003003000000303
33303000333003003300330000003000000000000000000000000330033303000300000003000000000000000000003000330033003030030003003330000333
30003000303003003000303000003000000000000000000000000303030303000300000003000000000000000000003000303030003030030003000030000003
30003330303003003330303000033300000000000000000000000330030303330333000033300000000000000000003330303033303300333003003330000333

0x000b911e
00000000000000000000000000000000000000000000000000000000000000000000000000000000000000000000000000000000000000000000000000000000
00000000033300000000033300000000000030000000100003330000000000000300000000000030000000000000003000000000003330000000003330000000
00000003333330000000333330000000000333000000000033300000100000003330000000000333000000000000333300000000333333000000033333000000
00001033300333000000133333101000003330001000011333000003301010133300000010103330000010000033333010100003330033300000003333300000
01000033000333010000000333000000003330000000013330000033300000033301000000003330010000010333330003000003300033300000000033300000
10101330100333001033101333301010133300101010133300000033301010333010100010133300101010103333001033300033000033300013301033331010
01010330010333010133010133311111133301010101033000000333011111333001010101033301010101013330010333310133010033300103300003330101
10103300103333011333011133301111333010101010133010000333011113330110101010333010101010133300103333011330101333301033301013330011
01011011113330111333011133301111333011111111033300003330111113330111110101333001011101033011133333011101110333010133300103330111
10111111133301111333011133301113330111111111113333033301111133301111111113330111111111133011333333011111113330111033301013330111
11111111133301113330111133301113330111111111111333333301111133301111111113330111111111133013330330111111113330111333011113330111
11111111333011113330111133301133301113331111111033333011111333011133311133301113331111133333303330111111133301111333011113330111
11111111333011113330111133301133301133333111111000333311111333011333331133301133333111113333013330111111133301111333011113330111
11111113330111113330111133301133301333333111111003333331111333013333331133301333333111110330113330111111333011111333011113330111
11111113330111113330111133301333013333333111111103333333113330133333331333013333333111111001113301111111333011111333011113330111
11111133301111113330111133301333013330333111101133300333313330133303331333013330333111111111133301111113330111111333011113330111
11111133301113113330111133301333033301333111110333000133313330333013331333033301333111111111133301111113330111311333011113330111
11111333011133313330111133301333013011333111111333000133313330130113331333013011333111111111133301111133301113330333011113330111
11111333011333313330111133301333011111333101113330000133313330111113331333011111333111111111133000000133301133330333011113330111
11113330133333013330111133301333011113330101103330001333013330111133301333011113330111111111333000000333013333300333011113330111
11113330333330113330111333301333011113330111133300001333003330111133301333011113330111111111333000000333033333010333011133330111
11133333333001113333011333011333301133300133133300103330113333011333011333301133301133111111333000003333333300110333301133301101
11033333330111111333333333010133333333301133033330033330111333333333011133333333301133011113330000003333333011110033333333301000
10033333300111100333333330000033333333011133033333333301111333333330111033333333011133011113330000003333330001000033333333010000
10033330000011000033333300000003333300011003003333333001000033333000000003333300111003000000330000003333000000000003333330000000
00000000000000000000000000000000000000000030000000000000000000000000000000000000000030000000000000000000000000000000000000000000
00000000000000000000000000000000000000000000000000000000000000000000000000000000000000000000000000000000000000000000000000000000
33303000333030303330330000003000000000000000000000000330033303000300000003000000000000000000003330330033303300333033303330000333
30303000303030303000303000033000000000000000000000000303030303000300000033000000000000000000003000303030003030030003003000000303
33303000333003003300330000003000000000000000000000000330033303000300000003000000000000000000003000330033003030030003003330000333
30003000303003003000303000003000000000000000000000000303030303000300000003000000000000000000003000303030003030030003000030000003
30003330303003003330303000033300000000000000000000000330030303330333000033300000000000000000003330303033303300333003003330000333

0x000b91ca
00000000000000000000000000000000000000000000000000000000000000000000000000000000000000000000000000000000000000000000000000000000
00000000033300000000033300000000000030000000000003330000001000000300000000000030000000000000003000000000003330000000003330000000
00000003333330000000333330000000000333000000001033300000001000003330000000000333000000000000333300000000333333000000033333000000
00001033300333000000133333101000003330001000000333000003301110133300000010103330000010000033333010100003330033300000003333300000
01000033000333010000000333000000003330000000003330000033300000033301000000003330010000010333330003000003300033300000000033300000
10101330100333001033101333301010133300101010133300000033301010333010100010133300101010103333001033300033000033300013301033331010
01010330010333010133010133311111133301010101033010000333001111333001010101033301010101013330010333310133010033300103300003330101
10103300103333011333011133301111333010101010133010000333001113330110101010333010101010133300103333011330101333301033301013330011
01011011113330111333011133301111333011111111033300003330001113330111110101333001011101033011133333011101110333010133300103330111
10111111133301111333011133301113330111111111113333033300011133301111111113330111111111133011333333011111113330111033301013330111
11111111133301113330111133301113330111111111111333333300011133301111111113330111111111133013330330111111113330111333011113330111
11111111333011113330111133301133301113331111101133333000011333011133311133301113331111133333303330111111133301111333011113330111
11111111333011113330111133301133301133333111111111333300011333011333331133301133333111113333013330111111133301111333011113330111
11111113330111113330111133301133301333333111111113333330011333013333331133301333333111110330113330111111333011111333011113330111
11111113330111113330111133301333013333333111111113333333113330133333331333013333333111111001113301111111333011111333011113330111
11111133301111113330111133301333013330333111111133300333313330133303331333013330333111111111133301111113330111111333011113330111
11111133301113113330111133301333033301333111111333000033313330333013331333033301333111111111133301111113330111311333011113330111
11111333011133313330111133301333013011333111111333001033313330130113331333013011333111111111133301111133301113330333011113330111
11111333011333313330111133301333011111333111113330000033313330111113331333011111333111111111133000000133301133330333011113330111
11113330133333013330111133301333011113330111113330000333013330111133301333011113330111111111333000000333013333300333011113330111
11113330333330113330111333301333011113330111133301000333013330111133301333011113330111111111333000000333033333010333011133330111
11133333333001113333011333011333301133301133133301003330113333011333011333301133301133111111333000003333333300110333301133301101
11033333330111111333333333010133333333300133033330033330111333333333011133333333301133011113330000003333333011110033333333301000
10033333300111100333333330000033333333001133033333333301110333333330111033333333011133011113330000003333330001000033333333010000
10033330000011000033333300000003333300111003003333333001000033333000000003333300111003000000330000003333000000000003333330000000
00000000000000000000000000000000000000000030000000000000000000000000000000000000000030000000000000000000000000000000000000000000
00000000000000000000000000000000000000000000000000000000000000000000000000000000000000000000000000000000000000000000000000000000
33303000333030303330330000003000000000000000000000000330033303000300000003000000000000000000003330330033303300333033303330000333
30303000303030303000303000033000000000000000000000000303030303000300000033000000000000000000003000303030003030030003003000000303
33303000333003003300330000003000000000000000000000000330033303000300000003000000000000000000003000330033003030030003003330000333
30003000303003003000303000003000000000000000000000000303030303000300000003000000000000000000003000303030003030030003000030000003
30003330303003003330303000033300000000000000000000000330030303330333000033300000000000000000003330303033303300333003003330000333

0x000ba15b
00000000000000000000000000000000000000000000000000000000000000000000000000000000000000000000000000000000000000000000000000000000
00000000033300000000000033000000000030000000000030000000000000000033000000000333000000000000000330000000000300000000003330000000
00000003333330000000000333000000000333000000000330000000000000033333300000033333300000000000003330000000003330000000033333000000
00001033300333000000133333001000003330001000000333000000001013333333330010333003330010000000333330100000033300000000003333300000
01000033000333010000333333000000003330000000000333000101000333333003330000330003330000010003333330000000033300000000000033300000
10101330100333001013333330101010133300101010101333001010103333300033300013301013330010101033333300100000333010000013301033331010
01010330010333010133303330111111133301010101013330010111110330010133300103300103330101010333033301010101333000010103300003330101
10103300103333011033013330111111333010101010103330113111111001111133301033001033330010101330133300111013330010101033301013330011
01011011113330111100113330111111333011111111013330113311111111111333010100110133301101011001133301111113330101010133300103330111
10111111133301111111133330111113330111111111113330113301111111111333011111111333011111111111333301111133301111111033301013330111
11111111133301111111133330111113330111111111113330113301111111111333301111111333011111111111333301111133301111111333011113330111
11111111333011111111133301111133301113331111113330113301111111133333301111113330111111111111333011111333011133311333011113330111
11111111333011111111133301111133301133333111113330133301111113333333011111113330111111111111333011111333011333331333011113330111
11111113330111111111133301111133301333333111133301133333311133333330111111133301111111111111333011111333013333331333011113330111
11111113330111111111133301111333013333333111133303333333011133003330111111133301111111111111333011113330133333331333011113330111
11111133301111111111333301111333013330333111133333333300111110133330111111333011111111111113333011113330133303331333011113330111
11111133301113111111333301111333033301333111133333333011111111133330111111333011131111111113333011113330333013331333011113330111
11111333011133311111333011111333013011333111113330033011111111333301111113330111333111111113330111113330130113330333011113330111
11111333011333311111333011111333011111333111110001133011111111333301111113330113333111111113330100003330111113330333011113330111
11113330133333011111333011111333011113330111111111333011111111333301111133301333330111111113330000003330111133300333011113330111
11113330333330111111333011111333011113330111111111333011111113333011111133303333301111111113330000003330111133300333011133330111
11133333333001111113333011111333301133301133111111330111111113333011111333333330011133111133330000003333011333010333301133301101
11033333330111111113333011110133333333301133011111330111111113333011111333333301111133011133330000000333333333010033333333301000
10033333300111100003330111000033333333011133011111330011111133330100111333333011111133011133300000000333333330000033333333010000
10033330000011000000330000000003333300111003000110330001000033330000000333300011111003000003300000000033333000000003333330000000
00000000000000000000000000000000000000000030000000000000000003000000000000000000000030000000000000000000000000000000000000000000
00000000000000000000000000000000000000000000000000000000000000000000000000000000000000000000000000000000000000000000000000000000
33303000333030303330330000003000000000000000000000000330033303000300000003000000000000000000003330330033303300333033303330000333
30303000303030303000303000033000000000000000000000000303030303000300000033000000000000000000003000303030003030030003003000000303
33303000333003003300330000003000000000000000000000000330033303000300000003000000000000000000003000330033003030030003003330000333
30003000303003003000303000003000000000000000000000000303030303000300000003000000000000000000003000303030003030030003000030000003
30003330303003003330303000033300000000000000000000000330030303330333000033300000000000000000003330303033303300333003003330000333

0x000ba284
00000000000000000000000000000000000000000000000000000000000000000000000000000000000000000000000000000000000000000000000000000000
00000000033300000000000033000000000030000000000000033333000000000033000000000333000000000000000330000000000033000000003330000000
00000003333330000000000333000000000333000000000033333333300000033333300000033333300000000000003330000000033333300000033333000000
00001033300333000000133333001000003330001000003333333330001013333333330010333003330010000000333330100003333333330000003333300000
01000033000333010000333333000000003330000000003333300001000333333003330000330003330000010003333330000333333003330000000033300000
10101330100333001013333330101010133300101010103330001010103333300033300013301013330010101033333300103333300033300013301033331010
01010330010333010133303330111111133301010101013301010111110330010133300103300103330101010333033301010330010033300103300003330101
10103300103333011033013330111111333010101010133301111111111001111133301033001033330010101330133300111000101033301033301013330011
01011011113330111100113330111111333011111111033301133333111111111333010100110133301101011001133301111111110333010133300103330111
10111111133301111111133330111113330111111111133013333333311111111333011111111333011111111111333301111111111333011033301013330111
11111111133301111111133330111113330111111111133333333333311111111333301111111333011111111111333301111111111333301333011113330111
11111111333011111111133301111133301113331111133333300033311111133333301111113330111111111111333011111111133333301333011113330111
11111111333011111111133301111133301133333111133300011133311113333333011111113330111111111111333011111113333333011333011113330111
11111113330111111111133301111133301333333111130011111333311133333330111111133301111111111111333011111133333330111333011113330111
11111113330111111111133301111333013333333111101111113333011133003330111111133301111111111111333011111133003330111333011113330111
11111133301111111111333301111333013330333111111111133333011110133330111111333011111111111113333011111110133330111333011113330111
11111133301113111111333301111333033301333111111111333330111111133330111111333011131111111113333011111111133330111333011113330111
11111333011133311111333011111333013011333111111111333301111111333301111113330111333111111113330111111111333301110333011113330111
11111333011333311111333011111333011111333111111113333011111111333301111113330113333111111113330100000111333301110333011113330111
11113330133333011111333011111333011113330111111133330111111111333301111133301333330111111113330000000011333301110333011113330111
11113330333330111111333011111333011113330111111333301111111113333011111133303333301111111113330000000003333011110333011133330111
11133333333001111113333011111333301133301133111333011111111113333011111333333330011133111133330000000003333011110333301133301101
11033333330111111113333011110133333333301133013333011111111113333011111333333301111133011133330000000003333011110033333333301000
10033333300111100003330111000033333333011133033330100011111133330100111333333011111133011133300000000033330001000033333333010000
10033330000011000000330000000003333300111003033300000001000033330000000333300011111003000003300000000033330000000003333330000000
00000000000000000000000000000000000000000030000000000000000003000000000000000000000030000000000000000003000000000000000000000000
00000000000000000000000000000000000000000000000000000000000000000000000000000000000000000000000000000000000000000000000000000000
33303000333030303330330000003000000000000000000000000330033303000300000003000000000000000000003330330033303300333033303330000333
30303000303030303000303000033000000000000000000000000303030303000300000033000000000000000000003000303030003030030003003000000303
33303000333003003300330000003000000000000000000000000330033303000300000003000000000000000000003000330033003030030003003330000333
30003000303003003000303000003000000000000000000000000303030303000300000003000000000000000000003000303030003030030003000030000003
30003330303003003330303000033300000000000000000000000330030303330333000033300000000000000000003330303033303300333003003330000333

0x000ba32f
00000000000000000000000000000000000000000000000000000000000000000000000000000000000000000000000000000000000000000000000000000000
00000000033300000000000033000000000030000000000000003000000000000033000000000333000000000000000330000000333000000000003330000000
00000003333330000000000333000000000333000000000000033300000000033333300000033333300000000000003330000003330000000000033333000000
00001033300333000000133333001000003330001000000000333000001013333333330010333003330010000000333330100033300000330000003333300000
01000033000333010000333333000000003330000000000000333001000333333003330000330003330000010003333330000333000003330000000033300000
10101330100333001013333330101010133300101010101003330010103333300033300013301013330010101033333300103330100013330013301033331010
01010330010333010133303330111111133301010101010103330111110330010133300103300103330101010333033301013301010033300103300003330101
10103300103333011033013330111111333010101010101133301111111001111133301033001033330010101330133300113300101033301033301013330011
01011011113330111100113330111111333011111111011133301111111111111333010100110133301101011001133301113330110333010133300103330111
10111111133301111111133330111113330111111111111333011111111111111333011111111333011111111111333301111333313330111033301013330111
11111111133301111111133330111113330111111111111333011111111111111333301111111333011111111111333301111133333330111333011113330111
11111111333011111111133301111133301113331111113330111333111111133333301111113330111111111111333011111113333301111333011113330111
11111111333011111111133301111133301133333111113330113333311113333333011111113330111111111111333011111111133331111333011113330111
11111113330111111111133301111133301333333111113330133333311133333330111111133301111111111111333011111111333333111333011113330111
11111113330111111111133301111333013333333111133301333333311133003330111111133301111111111111333011111111333333311333011113330111
11111133301111111111333301111333013330333111133301333033311110133330111111333011111111111113333011111113330133331333011113330111
11111133301113111111333301111333033301333111133303330133311111133330111111333011131111111113333011111133301113331333011113330111
11111333011133311111333011111333013011333111133301301133311111333301111113330111333111111113330111111133301113330333011113330111
11111333011333311111333011111333011111333111133301111133311111333301111113330113333111111113330100000333011113330333011113330111
11113330133333011111333011111333011113330111133301111333011111333301111133301333330111111113330000000333011133300333011113330111
11113330333330111111333011111333011113330111133301111333011113333011111133303333301111111113330000003330111133300333011133330111
11133333333001111113333011111333301133301133133330113330111113333011111333333330011133111133330000003330111333010333301133301101
11033333330111111113333011110133333333301133013333333330111113333011111333333301111133011133330000003333013333010033333333301000
10033333300111100003330111000033333333011133013333333301111133330100111333333011111133011133300000003333333330000033333333010000
10033330000011000000330000000003333300111003000333330001000033330000000333300011111003000003300000000333333300000003333330000000
00000000000000000000000000000000000000000030000000000000000003000000000000000000000030000000000000000000000000000000000000000000
00000000000000000000000000000000000000000000000000000000000000000000000000000000000000000000000000000000000000000000000000000000
33303000333030303330330000003000000000000000000000000330033303000300000003000000000000000000003330330033303300333033303330000333
30303000303030303000303000033000000000000000000000000303030303000300000033000000000000000000003000303030003030030003003000000303
33303000333003003300330000003000000000000000000000000330033303000300000003000000000000000000003000330033003030030003003330000333
30003000303003003000303000003000000000000000000000000303030303000300000003000000000000000000003000303030003030030003000030000003
30003330303003003330303000033300000000000000000000000330030303330333000033300000000000000000003330303033303300333003003330000333

0x000ba802
00000000000000000000000000000000000000000000000000000000000000000000000000000000000000000000000000000000000000000000000000000000
00000000033300000000000033000000000030000000000000003000000000000033000000000333000000000000000330000000333000000000003330000000
00000003333330000000000333000000000333000000000000033300000000033333300000033333300000000000003330000003330000000000033333000000
00001033300333000000133333001000003330001000000000333000001013333333330010333003330010000000333330100033300000330000003333300000
01000033000333010000333333000000003330000000000000333001000333333003330000330003330000010003333330000333000003330000000033300000
10101330100333001013333330101010133300101010101003330010103333300033300013301013330010101033333300103330100013330013301033331010
01010330010333010133303330111111133301010101010103330111110330010133300103300103330101010333033301013301010033300103300003330101
10103300103333011033013330111111333010101010101133301111111001111133301033001033330010101330133300113300101033301033301013330011
01011011113330111100113330111111333011111111011133301111111111111333010100110133301101011001133301113330110333010133300103330111
10111111133301111111133330111113330111111111111333011111111111111333011111111333011111111111333301111333313330111033301013330111
11111111133301111111133330111113330111111111111333011111111111111333301111111333011111111111333301111133333330111333011113330111
11111111333011111111133301111133301113331111113330111333111111133333301111113330111111111111333011111113333301111333011113330111
11111111333011111111133301111133301133333111113330113333311113333333011111113330111111111111333011111111133331111333011113330111
11111113330111111111133301111133301333333111113330133333311133333330111111133301111111111111333011111111333333111333011113330111
11111113330111111111133301111333013333333111133301333333311133003330111111133301111111111111333011111111333333311333011113330111
11111133301111111111333301111333013330333111133301333033311110133330111111333011111111111113333011111113330133331333011113330111
11111133301113111111333301111333033301333111133303330133311111133330111111333011131111111113333011111133301113331333011113330111
11111333011133311111333011111333013011333111133301301133311111333301111113330111333111111113330111111133301113330333011113330111
11111333011333311111333011111333011111333111133301111133311111333301111113330113333111111113330100000333011113330333011113330111
11113330133333011111333011111333011113330111133301111333011111333301111133301333330111111113330000000333011133300333011113330111
11113330333330111111333011111333011113330111133301111333011113333011111133303333301111111113330000003330111133300333011133330111
11133333333001111113333011111333301133301133133330113330111113333011111333333330011133111133330000003330111333010333301133301101
11033333330111111113333011110133333333301133013333333330111113333011111333333301111133011133330000003333013333010033333333301000
10033333300111100003330111000033333333011133013333333301111133330100111333333011111133011133300000003333333330000033333333010000
20033330000011000000330000000003333300111003000333330001000033330000000333300011111003000003300000000333333300000003333330000000
00000000000000000000000000000000000000000030000000000000000003000000000000000000000030000000000000000000000000000000000000000000
00000000000000000000000000000000000000000000000000000000000000000000000000000000000000000000000000000000000000000000000000000000
33303000333030303330330000003000000000000000000000000330033303000300000003000000000000000000003330330033303300333033303330000333
30303000303030303000303000033000000000000000000000000303030303000300000033000000000000000000003000303030003030030003003000000303
33303000333003003300330000003000000000000000000000000330033303000300000003000000000000000000003000330033003030030003003330000333
30003000303003003000303000003000000000000000000000000303030303000300000003000000000000000000003000303030003030030003000030000003
30003330303003003330303000033300000000000000000000000330030303330333000033300000000000000000003330303033303300333003003330000333

0x000ba8ae
00000000000000000000000000000000000000000000000000000000000000000000000000000000000000000000000000000000000000000000000000000000
00000000033300000000000033000000000003300000000000003000000000000033000000000333000000000000000330000000333000000000003330000000
10000003333330000000000333000000003333330000000000033300000000033333300000033333300000000000003330000003330000000000033333000000
00001033300333000000133333001000333333333000000000333000001013333333330010333003330010000000333330100033300000330000003333300000
01000033000333010000333333000033333300333000000000333001000333333003330000330003330000010003333330000333000003330000000033300000
10101330100333001013333330101333330013330010101003330010103333300033300013301013330010101033333300103330100013330013301033331010
01010330010333010133303330111033000103330101010103330111110330010133300103300103330101010333033301013301010033300103300003330101
10103300103333011033013330111100111013330010101133301111111001111133301033001033330010101330133300113300101033301033301013330011
01011011113330111100113330111111111133301111011133301111111111111333010100110133301101011001133301113330110333010133300103330111
10111111133301111111133330111111111133301111111333011111111111111333011111111333011111111111333301111333313330111033301013330111
10111111133301111111133330111111111133330111111333011111111111111333301111111333011111111111333301111133333330111333011113330111
10111111333011111111133301111111113333330111113330111333111111133333301111113330111111111111333011111113333301111333011113330111
11111111333011111111133301111111333333301111113330113333311113333333011111113330111111111111333011111111133331111333011113330111
11111113330111111111133301111113333333011111113330133333311133333330111111133301111111111111333011111111333333111333011113330111
11101113330111111111133301111113300333011111133301333333311133003330111111133301111111111111333011111111333333311333011113330111
11011133301111111111333301111111013333011111133301333033311110133330111111333011111111111113333011111113330133331333011113330111
11111133301113111111333301111111113333011111133303330133311111133330111111333011131111111113333011111133301113331333011113330111
11111333011133311111333011111111133330111111133301301133311111333301111113330111333111111113330111111133301113330333011113330111
11111333011333311111333011111111133330111111133301111133311111333301111113330113333111111113330100000333011113330333011113330111
11113330133333011111333011111111133330111111133301111333011111333301111133301333330111111113330000000333011133300333011113330111
10113330333330111111333011111111333301111111133301111333011113333011111133303333301111111113330000003330111133300333011133330111
11133333333001111113333011111111333301111133133330113330111113333011111333333330011133111133330000003330111333010333301133301101
11033333330111111113333011110111333301111133013333333330111113333011111333333301111133011133330000003333013333010033333333301000
10033333300111100003330111000003333011111133013333333301111133330100111333333011111133011133300000003333333330000033333333010000
10033330000011000000330000000003333001111003000333330001000033330000000333300011111003000003300000000333333300000003333330000000
01000000000000000000000000000000300000000030000000000000000003000000000000000000000030000000000000000000000000000000000000000000
00000000000000000000000000000000000000000000000000000000000000000000000000000000000000000000000000000000000000000000000000000000
33303000333030303330330000003000000000000000000000000330033303000300000003000000000000000000003330330033303300333033303330000333
30303000303030303000303000033000000000000000000000000303030303000300000033000000000000000000003000303030003030030003003000000303
33303000333003003300330000003000000000000000000000000330033303000300000003000000000000000000003000330033003030030003003330000333
30003000303003003000303000003000000000000000000000000303030303000300000003000000000000000000003000303030003030030003000030000003
30003330303003003330303000033300000000000000000000000330030303330333000033300000000000000000003330303033303300333003003330000333

0x000ba94a
00000000000000000000000000000000000000000000000000000000000000000000000000000000000000000000000000000000000000000000000000000000
10000000033300000000000033000000033300000000000000000330000000000033000000000333000000000000000330000000333000000000003330000000
00000003333330000000000333000000333000000000000000003330000000033333300000033333300000000000003330000003330000000000033333000000
00001033300333000000133333001003330000033000000000333330001013333333330010333003330010000000333330100033300000330000003333300000
00000133000333010000333333000033300101333000000003333330000333333003330000330003330000010003333330000333000003330000000033300000
00001330100333001013333330101333001010333010101033333300103333300033300013301013330010101033333300103330100013330013301033331010
00010330010333010133303330111330110103330101010333033301110330010133300103300103330101010333033301013301010033300103300003330101
00103300103333011033013330111330111013330010101330133301111001111133301033001033330010101330133300113300101033301033301013330011
00011011113330111100113330111333011133301111011001133301111111111333010100110133301101011001133301113330110333010133300103330111
00111111133301111111133330111133331333011111111111333301111111111333011111111333011111111111333301111333313330111033301013330111
00110111133301111111133330111113333333011111111111333301111111111333301111111333011111111111333301111133333330111333011113330111
00111011333011111111133301111111333330111111111111333011111111133333301111113330111111111111333011111113333301111333011113330111
00111111333011111111133301111111113333111111111111333011111113333333011111113330111111111111333011111111133331111333011113330111
00111113330111111111133301111111133333311111111111333011111133333330111111133301111111111111333011111111333333111333011113330111
00111113330111111111133301111111133333331111111111333011111133003330111111133301111111111111333011111111333333311333011113330111
00010133301111111111333301111111333013333111111113333011111110133330111111333011111111111113333011111113330133331333011113330111
00011133301113111111333301111113330111333111111113333011111111133330111111333011131111111113333011111133301113331333011113330111
00011333011133311111333011111113330111333111111113330111111111333301111113330111333111111113330111111133301113330333011113330111
00011333011333311111333011111133301111333111111113330111111111333301111113330113333111111113330100000333011113330333011113330111
00013330133333011111333011111133301113330111111113330111111111333301111133301333330111111113330000000333011133300333011113330111
00113330333330111111333011111333011113330111111113330111111113333011111133303333301111111113330000003330111133300333011133330111
00133333333001111113333011111333011133301133111133330111111113333011111333333330011133111133330000003330111333010333301133301101
01033333330111111113333011110333301333301133011133330111111113333011111333333301111133011133330000003333013333010033333333301000
00033333300111100003330111000333333333011133011133300011111133330100111333333011111133011133300000003333333330000033333333010000
00133330000011000000330000000033333330111003000103300001000033330000000333300011111003000003300000000333333300000003333330000000
00000000000000000000000000000000000000000030000000000000000003000000000000000000000030000000000000000000000000000000000000000000
00000000000000000000000000000000000000000000000000000000000000000000000000000000000000000000000000000000000000000000000000000000
33303000333030303330330000003000000000000000000000000330033303000300000003000000000000000000003330330033303300333033303330000333
30303000303030303000303000033000000000000000000000000303030303000300000033000000000000000000003000303030003030030003003000000303
33303000333003003300330000003000000000000000000000000330033303000300000003000000000000000000003000330033003030030003003330000333
30003000303003003000303000003000000000000000000000000303030303000300000003000000000000000000003000303030003030030003000030000003
30003330303003003330303000033300000000000000000000000330030303330333000033300000000000000000003330303033303300333003003330000333

0x000ba9f6
00000000000000000000000000000000000000000000000000000000000000000000000000000000000000000000000000000000000000000000000000000000
00000000133300000000000033000000033300000000000000003000000000000033000000000333000000000000000330000000333000000000003330000000
00000003333330000000000333000000333000000000000000033300000000033333300000033333300000000000003330000003330000000000033333000000
00000033300333000000133333001003330000033000000000333000001013333333330010333003330010000000333330100033300000330000003333300000
00000033000333010000333333000033300101333000000000333001000333333003330000330003330000010003333330000333000003330000000033300000
00000330100333001013333330101333001010333010101003330010103333300033300013301013330010101033333300103330100013330013301033331010
00000330000333010133303330111330110103330101010103330111110330010133300103300103330101010333033301013301010033300103300003330101
00003300103333011033013330111330111013330010101133301111111001111133301033001033330010101330133300113300101033301033301013330011
00000011113330111100113330111333011133301111011133301111111111111333010100110133301101011001133301113330110333010133300103330111
00000111133301111111133330111133331333011111111333011111111111111333011111111333011111111111333301111333313330111033301013330111
00000101133301111111133330111113333333011111111333011111111111111333301111111333011111111111333301111133333330111333011113330111
00000111333011111111133301111111333330111111113330111333111111133333301111113330111111111111333011111113333301111333011113330111
00000111333011111111133301111111113333111111113330113333311113333333011111113330111111111111333011111111133331111333011113330111
00000113330111111111133301111111133333311111113330133333311133333330111111133301111111111111333011111111333333111333011113330111
00000113330111111111133301111111133333331111133301333333311133003330111111133301111111111111333011111111333333311333011113330111
10000133301111111111333301111111333013333111133301333033311110133330111111333011111111111113333011111113330133331333011113330111
00000033301113111111333301111113330111333111133303330133311111133330111111333011131111111113333011111133301113331333011113330111
00000333011133311111333011111113330111333111133301301133311111333301111113330111333111111113330111111133301113330333011113330111
10000333011333311111333011111133301111333111133301111133311111333301111113330113333111111113330100000333011113330333011113330111
10003330133333011111333011111133301113330111133301111333011111333301111133301333330111111113330000000333011133300333011113330111
10003330333330111111333011111333011113330111133301111333011113333011111133303333301111111113330000003330111133300333011133330111
10033333333001111113333011111333011133301133133330113330111113333011111333333330011133111133330000003330111333010333301133301101
10033333330111111113333011110333301333301133013333333330111113333011111333333301111133011133330000003333013333010033333333301000
00033333300111100003330111000333333333011133013333333301111133330100111333333011111133011133300000003333333330000033333333010000
00033330000011000000330000000033333330111003000333330001000033330000000333300011111003000003300000000333333300000003333330000000
00000000010000000000000000000000000000000030000000000000000003000000000000000000000030000000000000000000000000000000000000000000
00000000000000000000000000000000000000000000000000000000000000000000000000000000000000000000000000000000000000000000000000000000
33303000333030303330330000003000000000000000000000000330033303000300000003000000000000000000003330330033303300333033303330000333
30303000303030303000303000033000000000000000000000000303030303000300000033000000000000000000003000303030003030030003003000000303
33303000333003003300330000003000000000000000000000000330033303000300000003000000000000000000003000330033003030030003003330000333
30003000303003003000303000003000000000000000000000000303030303000300000003000000000000000000003000303030003030030003000030000003
30003330303003003330303000033300000000000000000000000330030303330333000033300000000000000000003330303033303300333003003330000333

0x000baaa2
00000000000000000000000000000000000000000000000000000000000000000000000000000000000000000000000000000000000000000000000000000000
00000000033300000000003330000000333333000000000000000330000000003330000000333333000000000030000000000000000300000000003330000000
00000003333330000000333333000033333333300000000000333333000000333333000033333333300000000330000000000000033330000000033333000000
00000033300333000003330033301333300033301000000033333333301013330033300333300033300010000333000010100003333300000000003333300000
10000033000333010003300033300033000133300000003333330033300003300033300033000033300000010333000000000033333000300000000033300000
10000330001333001033001033301010101333001010133333001333001033001033300010101333001010101333001010100333300013330013301033331010
00000330011333010133010133301111113330010101003300010333011133010133300101003330010101013330010101010333010033330103300003330101
10003300003333011330111333301111133300101010100011111333011330111333301010133300101010103330103010113330101333301033301013330011
00000000013330111101111333011111333033331111011111113330111101111333010101333033331101013330113311113301113333300133300103330111
10000000033301111111113330111113333333333111111111113330111111113330111113333333333111113330113301113301133333301033301013330111
11000000033301111111113330111133333333333111111111113333011111113330111133333333333111113330113301113301333033011333011113330111
11010000333011111111133301111333330000333111111111333333011111133301111333330000333111113330113301113333330333011333011113330111
11000000333011111111133301111330001111333111111133333330111111133301111330001111333111113330133301111333301333011333011113330111
11100003330111111111333011111001111113333111111333333301111111333011111001111113333111133301133333311033011333011333011113330111
11100003330111111111333011111111111133330111111330033301111111333011111111111133330111133303333333011100111330111333011113330111
11100033301111111113330111111111111333330111111101333301111113330111111111111333330111133333333300111111113330111333011113330111
11100033300113111113330111311111113333301111111111333301111113330111311111113333301111133333333011111111113330111333011113330111
11110333011133311133301113331111113333011111111113333011111133301113331111113333011111113330033011111111113330110333011113330111
00110333011333311133301133331111133330111111111113333011111133301133331111133330111111110001133000000111113301110333011113330111
11113330133333011333013333301111333301111111111113333011111333013333301111333301111111111111333000000011133301110333011113330111
11113330333330111333033333011113333011111111111133330111111333033333011113333011111111111111333000000001133301110333011133330111
11133333333001113333333300111113330111111133111133330111113333333300111113330111111133111111330000000000133301110333301133301101
11033333330111113333333011110133330111111133011133330111113333333011111133330111111133011111330000000000333011110033333333301000
10033333301111003333330111000333301111111133011333300011113333330100111333300111111133011110330000000000333001000033333333010000
10033330000011003333000000000333010001111003000333300001003333000000000333000011111003000000330000000000033000000003333330000000
00000000000010000000000000000000000000000030000030000000000000000000000000000000000030000000000000000000000000000000000000000000
00000000000000000000000000000000000000000000000000000000000000000000000000000000000000000000000000000000000000000000000000000000
33303000333030303330330000003000000000000000000000000330033303000300000003000000000000000000003330330033303300333033303330000333
30303000303030303000303000033000000000000000000000000303030303000300000033000000000000000000003000303030003030030003003000000303
33303000333003003300330000003000000000000000000000000330033303000300000003000000000000000000003000330033003030030003003330000333
30003000303003003000303000003000000000000000000000000303030303000300000003000000000000000000003000303030003030030003000030000003
30003330303003003330303000033300000000000000000000000330030303330333000033300000000000000000003330303033303300333003003330000333

0x000bab3e
00000000000000000000000000000000000000000000000000000000000000000000000000000000000000000000000000000000000000000000000000000000
00100000033300000000003330000000300000000000000000033300000000003330000000333333000000000030000000000000000300000000003330000000
00000003333330100000333333000003300000000000000003333330000000333333000033333333300000000330000000000000033330000000033333000000
00011033300333000003330033301003330000001000000033300333001013330033300333300033300010000333000010100003333300000000003333300000
01011033000333010003300033300003330101000000000033000333000003300033300033000033300000010333000000000033333000300000000033300000
10111330000333001033001033301013330010101010101330001333001033001033300010101333001010101333001010100333300013330013301033331010
01011330000333010133010133301133300101010101010330010333011133010133300101003330010101013330010101010333010033330103300003330101
10113300003333011330111333301133301030101010103301113333011330111333301010133300101010103330103010113330101333301033301013330011
01011000003330111101111333011133301133111111011011113330111101111333010101333033331101013330113311113301113333300133300103330111
10111000033301111111113330111133301133011111111111133301111111113330111113333333333111113330113301113301133333301033301013330111
11111000033301111111113330111133301133011111111111133301111111113330111133333333333111113330113301113301333033011333011113330111
11111000333011111111133301111133301133011111111111333011111111133301111333330000333111113330113301113333330333011333011113330111
11111000333011111111133301111133301333011111111111333011111111133301111330001111333111113330133301111333301333011333011113330111
11111003330011111111333011111333011333333111111113330111111111333011111001111113333111133301133333311033011333011333011113330111
11111103330111111111333011111333033333330111111113330111111111333011111111111133330111133303333333011100111330111333011113330111
11101133300111111113330111111333333333001111111133301111111113330111111111111333330111133333333300111111113330111333011113330111
11110133300113111113330111311333333330111111111133301113111113330111311111113333301111133333333011111111113330111333011113330111
11111333000133311133301113331133300330111111111333011133311133301113331111113333011111113330033011111111113330110333011113330111
01111333000333311133301133331100011330111111111333011333311133301133331111133330111111110001133000000111113301110333011113330111
01103330033333011333013333301111113330111111113330133333011333013333301111333301111111111111333000000011133301110333011113330111
11113330333330100333033333011111113330111111113330333330111333033333011113333011111111111111333000000001133301110333011133330111
11133333333001113333333300111111113301111133133333333001113333333300111113330111111133111111330000000000133301110333301133301101
11033333330110113333333011110111113301111133033333330111113333333011111133330111111133011111330000000000333011110033333333301000
10033333300111103333330111000001113301111133033333300011113333330100111333300111111133011110330000000000333001000033333333010000
10133330000011003333000000000000013301111003033330000001003333000000000333000011111003000000330000000000033000000003333330000000
00000000000000000000000000000000000000000030000000000000000000000000000000000000000030000000000000000000000000000000000000000000
00000000000000000000000000000000000000000000000000000000000000000000000000000000000000000000000000000000000000000000000000000000
33303000333030303330330000003000000000000000000000000330033303000300000003000000000000000000003330330033303300333033303330000333
30303000303030303000303000033000000000000000000000000303030303000300000033000000000000000000003000303030003030030003003000000303
33303000333003003300330000003000000000000000000000000330033303000300000003000000000000000000003000330033003030030003003330000333
30003000303003003000303000003000000000000000000000000303030303000300000003000000000000000000003000303030003030030003000030000003
30003330303003003330303000033300000000000000000000000330030303330333000033300000000000000000003330303033303300333003003330000333

0x000babea
00000000000000000000000000000000000000000000000000000000000000000000000000000000000000000000000000000000000000000000000000000000
00000000033300000100003330000000300000000000000000000330000000003330000000333333000000000030000000000000000300000000003330000000
00000103333330000100333333000003300000000000000000333333000000333333000033333333300000000330000000000000033330000000033333000000
00001033300333000013330033301003330000001000000033333333301013330033300333300033300010000333000010100003333300000000003333300000
01000033000333000003300033300003330101000000003333330033300003300033300033000033300000010333000000000033333000300000000033300000
10101330000333000133001033301013330010101010133333001333001033001033300010101333001010101333001010100333300013330013301033331010
01010330000333000133010133301133300101010101003300010333011133010133300101003330010101013330010101010333010033330103300003330101
10103300003333000330111333301133301030101010100011111333011330111333301010133300101010103330103010113330101333301033301013330011
01011011003330000101111333011133301133111111011111113330111101111333010101333033331101013330113311113301113333300133300103330111
10111111033300001111113330111133301133011111111111113330111111113330111113333333333111113330113301113301133333301033301013330111
11111111033300001111113330111133301133011111111111113333011111113330111133333333333111113330113301113301333033011333011113330111
11110111333000001111133301111133301133011111111111333333011111133301111333330000333111113330113301113333330333011333011113330111
11111111333000001111133301111133301333011111111133333330111111133301111330001111333111113330133301111333301333011333011113330111
11111113330000001111333011111333011333333111111333333301111111333011111001111113333111133301133333311033011333011333011113330111
11111113330000011111333011111333033333330111111330033301111111333011111111111133330111133303333333011100111330111333011113330111
11111133300000011113330111111333333333001111111101333301111113330111111111111333330111133333333300111111113330111333011113330111
11111133300003011103330111311333333330111111111111333301111113330111311111113333301111133333333011111111113330111333011113330111
11111333000133311133301113331133300330111111111113333011111133301113331111113333011111113330033011111111113330110333011113330111
11111333000333311133301133331100011330111111111113333011111133301133331111133330111111110001133000000111113301110333011113330111
11113330133333011333013333301111113330111111111113333011111333013333301111333301111111111111333000000011133301110333011113330111
11113330333330101333033333011111113330111111111133330111111333033333011113333011111111111111333000000001133301110333011133330111
11033333333001113333333300111111113301111133111133330111113333333300111113330111111133111111330000000000133301110333301133301101
11033333330001113333333011110111113301111133011133330111113333333011111133330111111133011111330000000000333011110033333333301000
10033333300011103333330111000001113301111133011333300011113333330100111333300111111133011110330000000000333001000033333333010000
10033330000010003333000000000000013301111003000333300001003333000000000333000011111003000000330000000000033000000003333330000000
00000000000000000000000000000000000000000030000030000000000000000000000000000000000030000000000000000000000000000000000000000000
00000000000000000000000000000000000000000000000000000000000000000000000000000000000000000000000000000000000000000000000000000000
33303000333030303330330000003000000000000000000000000330033303000300000003000000000000000000003330330033303300333033303330000333
30303000303030303000303000033000000000000000000000000303030303000300000033000000000000000000003000303030003030030003003000000303
33303000333003003300330000003000000000000000000000000330033303000300000003000000000000000000003000330033003030030003003330000333
30003000303003003000303000003000000000000000000000000303030303000300000003000000000000000000003000303030003030030003000030000003
30003330303003003330303000033300000000000000000000000330030303330333000033300000000000000000003330303033303300333003003330000333

0x001207d8
00000000000000000000000000000000000000000000000000000000000000000000000000000000000000000000000000000000000000000000000000000000
00000000000000003300000000333000000000000000000033330000000333000000000333300000000000000000033300000000033000000330000000000000
00000000000000003300000000330000000000330000003333330000000330000000033333300000033000000000333330000000033000003333000000000000
00001010001010333300101013301003000003301000333333000000003300103003333330001010330000000003330333100003333000000333300000000000
01000000000003333300000033000033000103300000333300000101033000033003333000000000330100000003301033000033333000000033300000000000
10101010100013333010101333101033101033001010330000001010333010133013300010101013301100000003011033100033330010030013301010101010
01010101010133033001010330111133110133010101330101010111330111133103300101000103300100000033010133010330330000033103300000010101
10101010101030133010111330111330111033001013330111111111330111330133301010101013301000000033101333111300330010333013301010101011
01011111111101133011111333011330111330111113301133311111333011330133010333110133011100000000111330111011330101330103300101010111
10111111111111333011111133303301111330111113303333331111133303301133033333311133011100000000113301111113330111330013301010111111
11111111111111333011111113333301111330111113333333331111113333301133333333311133011110000000113301111113330113330113301111111111
11111111111111330111111111333011113301111113333300331111111333011133333003311330111110100001133301111113301113301113301111111111
11111111111111330111111111133311113301133113330011331111111133311133300113311330113310000001133011111113301113301113301111111111
11111111111111330111111111133331113301333313001113331111111133331130011133311330133331000001333011111113301113301113301111111111
11111111111111330111111111333333133303333310111113331111111333333101111133313330333331000001330111111113301113301113301111111111
11111111111111330111111113330333133013303311111133301111113330333111111333013301330331000003330111111113301113301113301111111111
11111111111111330111111113301133133033013311111333301111113301133111113333013303301331000003330111111113301113301003301111111111
11111111111113330111111133301133133010113311111333011111133301133111113330113301011331100003301133111133301113300003301111111111
11111111111113330111111133011133133011113311113330111111133011133111133301113301101331100033300333000133301113300003301111111111
11111111111113330111111333011333133011133311113330111111333011333111133301113301113331100033013333000033301113300003301111111111
11111111111113301111111330111333133011133311133301111111330111333111333011113301113331100033033330000033011113300003301111111111
11111111111113301111331330111330133301133011133011111331330111330111330111113330113301330333333300000033011113330033301111111101
11011110111133301110330333013330113330333011333011111330333013330113330110011333033301330333333000000333011111333333011111111000
10000100010133300000330333333301113333330113330111100330333333301133301000000333333011330333330000000333000001333333011111110000
10000000000013300000030033333000010333301003300110000030033333000033000000000033330000030333000000000033000000033330011110000000
00000000000000000000300000000000000000000000000000000300000000000000000000010000000000300000000100000000000000000000000000000000
00000000000000000000000000000000000000000000000000000000000000000000000000000000000000000000000000000000000000000000000000000000
33303000333030303330330000003000000000000000000000000330033303000300000003000000000000000033303300333033003330333033300000300030
30303000303030303000303000033000000000000000000000000303030303000300000033000000000000000030003030300030300300030030000003300330
33303000333003003300330000003000000000000000000000000330033303000300000003000000000000000030003300330030300300030033300000300030
30003000303003003000303000003000000000000000000000000303030303000300000003000000000000000030003030300030300300030000300000300030
30003330303003003330303000033300000000000000000000000330030303330333000033300000000000000033303030333033003330030033300003330333

0x00120893
00000000000000000000000000000000000000000000000000000000000000000000000000000000000000000000000000000000000000000000000000000000
00000000000000003300000000333000000000000000000033330000000333000000000333300000100000000000033300000000033000000330000000000000
00000000000000003300000000330000000000330000003333330000000330000000033333300000033000000000333330000000033000003333000000000000
00001010001010333300101013301003000003301000333333000000003300103003333330001010330000000003330333100003333000000333300000000000
01000000000003333300000033000033000103300000333300000101033000033003333000000000330000000003300033000033333000000033300000000000
10101010100013333010101333101033101033001010330000001010333010133013300010101013301000000003001033100033330010030013301010101010
01010101010133033001010330111133110133010101330101010111330111133103300101000103301000000033010133010330330000033103300000010101
10101010101030133010111330111330111033001013330111111111330111330133301010101013301010000033101333111300330010333013301010101011
01011111111101133011111333011330111330111113301133311111333011330133010333110133011000000000111330111011330101330103300101010111
10111111111111333011111133303301111330111113303333331111133303301133033333311133011000000011113301111113330111330013301010111111
11111111111111333011111113333301111330111113333333331111113333301133333333311133011000000011113301111113330113330113301111111111
11111111111111330111111111333011113301111113333300331111111333011133333003311330111000000011133301111113301113301113301111111111
11111111111111330111111111133311113301133113330011331111111133311133300113311330113300000011133011111113301113301113301111111111
11111111111111330111111111133331113301333313001113331111111133331130011133311330133330000011333011111113301113301113301111111111
11111111111111330111111111333333133303333310111113331111111333333101111133313330333330000111330111111113301113301113301111111111
11111111111111330111111113330333133013303311111133301111113330333111111333013301330330000113330111111113301113301113301111111111
11111111111111330111111113301133133033013311111333301111113301133111113333013303300330000113330111111113301113301003301111111111
11111111111113330111111133301133133010113311111333011111133301133111113330113301011330000113301133111133301113300003301111111111
11111111111113330111111133011133133011113311113330111111133011133111133301113301111330000133300333000133301113300003301111111111
11111111111113330111111333011333133011133311113330111111333011333111133301113301103330001133013333000033301113300003301111111111
11111111111113301111111330111333133011133311133301111111330111333111333011113301113330001033033330000033011113300003301111111111
11111111111113301111331330111330133301133011133011111331330111330111330111113330113300331333333300000033011113330033301111111101
11011110111133301110330333013330113330333011333011111330333013330113330110011333033300330333333000000333011111333333011111111000
10000100010133300000330333333301113333330113330111100330333333301133301000000333333010330333330000000333000001333333011111110000
10000000000013300000030033333000010333301003300110000030033333000033000000000033330000030333000000000033000000033330011110000000
00000000000000000000300000000000000000000000000000000300000000000000000000000000000000300000000000000000000000000000000000000000
00000000000000000000000000000000000000000000000000000000000000000000000000000000000000000000000000000000000000000000000000000000
33303000333030303330330000003000000000000000000000000330033303000300000003000000000000000033303300333033003330333033300000300030
30303000303030303000303000033000000000000000000000000303030303000300000033000000000000000030003030300030300300030030000003300330
33303000333003003300330000003000000000000000000000000330033303000300000003000000000000000030003300330030300300030033300000300030
30003000303003003000303000003000000000000000000000000303030303000300000003000000000000000030003030300030300300030000300000300030
30003330303003003330303000033300000000000000000000000330030303330333000033300000000000000033303030333033003330030033300003330333

0x0012094f
00000000000000000000000000000000000000000000000000000000000000000000000000000000000000000000000000000000000000000000000000000000
00000000000000003300000000333000000000000000000033330000000333000000000333300000000000000010033300000000033000000330000000000000
00000000000000003300000000330000000000330000003333330000000330000000033333300010033000000010333330000000033000003333000000000000
00001010001010333300101013301003000003301000333333000000003300103003333330001010330000000003330333100003333000000333300000000000
01000000000003333300000033000033000103300000333300000101033000033003333000000001330000000003300033000033333000000033300000000000
10101010100013333010101333101033101033001010330000001010333010133013300010101013300000000013001033100033330010030013301010101010
01010101010133033001010330111133110133010101330101010111330111133103300101000103300000000033010133010330330000033103300000010101
10101010101030133010111330111330111033001013330111111111330111330133301010101013300000000033101333111300330010333013301010101011
01011111111101133011111333011330111330111113301133311111333011330133010333110133000000000010111330111011330101330103300101010111
10111111111111333011111133303301111330111113303333331111133303301133033333311133000000000111113301111113330111330013301010111111
11111111111111333011111113333301111330111113333333331111113333301133333333311133000000000111113301111113330113330113301111111111
11111111111111330111111111333011113301111113333300331111111333011133333003311330110000000111133301111113301113301113301111111111
11111111111111330111111111133311113301133113330011331111111133311133300113311330113300000111133011111113301113301113301111111111
11111111111111330111111111133331113301333313001113331111111133331130011133311330133330000111333011111113301113301113301111111111
11111111111111330111111111333333133303333310111113331111111333333101111133313330333330001111330111111113301113301113301111111111
11111111111111330111111113330333133013303311111133301111113330333111111333013301330330001113330111111113301113301113301111111111
11111111111111330111111113301133133033013311111333301111113301133111113333013303300330001113330111111113301113301003301111111111
11111111111113330111111133301133133010113311111333011111133301133111113330113301010330011113301133111133301113300003301111111111
11111111111113330111111133011133133011113311113330111111133011133111133301113301110330011133300333000133301113300003301111111111
11111111111113330111111333011333133011133311113330111111333011333111133301113301113330011133013333000033301113300003301111111111
11111111111113301111111330111333133011133311133301111111330111333111333011113301113330110133033330000033011113300003301111111111
11111111111113301111331330111330133301133011133011111331330111330111330111103330113300331333333300000033011113330033301111111101
11011110111133301110330333013330113330333011333011111330333013330113330100011333033300330333333000000333011111333333011111111000
10000100010133300000330333333301113333330113330111100330333333301133301001000333333001330333330000000333000001333333011111110000
10000000000013300000030033333000010333301003300110000030033333000033000000000033330000030333000000000033000000033330011110000000
00000000000000000000300000000000000000000000000000000300000000000000000000000000000000300000000000000000000000000000000000000000
00000000000000000000000000000000000000000000000000000000000000000000000000000000000000000000000000000000000000000000000000000000
33303000333030303330330000003000000000000000000000000330033303000300000003000000000000000033303300333033003330333033300000300030
30303000303030303000303000033000000000000000000000000303030303000300000033000000000000000030003030300030300300030030000003300330
33303000333003003300330000003000000000000000000000000330033303000300000003000000000000000030003300330030300300030033300000300030
30003000303003003000303000003000000000000000000000000303030303000300000003000000000000000030003030300030300300030000300000300030
30003330303003003330303000033300000000000000000000000330030303330333000033300000000000000033303030333033003330030033300003330333

0x001209fb
00000000000000000000000000000000000000000000000000000000000000000000000000000000000000000000000000000000000000000000000000000000
00000000000000003300000000333000000000000000000033330000000333000000000333300000000000001000033300000000033000000330000000000000
00000000000000003300000000330000000000330000003333330000000330000000033333300000033000000000333330000000033000003333000000000000
00001010001010333300101013301003000003301000333333000000003300103003333330011000330000000003330333100003333000000333300000000000
01000000000003333300000033000033000103300000333300000101033000033003333000000000330000010003300033000033333000000033300000000000
10101010100013333010101333101033101033001010330000001010333010133013300010101003300000011013001033100033330010030013301010101010
01010101010133033001010330111133110133010101330101010111330111133103300101000103300000000133010133010330330000033103300000010101
10101010101030133010111330111330111033001013330111111111330111330133301010101013300000001033101333111300330010333013301010101011
01011111111101133011111333011330111330111113301133311111333011330133010333110133000000001110111330111011330101330103300101010111
10111111111111333011111133303301111330111113303333331111133303301133033333311133000000001111113301111113330111330013301010111111
11111111111111333011111113333301111330111113333333331111113333301133333333311133000000001111113301111113330113330113301111111111
11111111111111330111111111333011113301111113333300331111111333011133333003311330100000001111133301111113301113301113301111111111
11111111111111330111111111133311113301133113330011331111111133311133300113311330103310011111133011111113301113301113301111111111
11111111111111330111111111133331113301333313001113331111111133331130011133311330133330011111333011111113301113301113301111111111
11111111111111330111111111333333133303333310111113331111111333333101111133313330333330011111330111111113301113301113301111111111
11111111111111330111111113330333133013303311111133301111113330333111111333013301330330011113330111111113301113301113301111111111
11111111111111330111111113301133133033013311111333301111113301133111113333013303300330111113330111111113301113301003301111111111
11111111111113330111111133301133133010113311111333011111133301133111113330113301000330111113301133111133301113300003301111111111
11111111111113330111111133011133133011113311113330111111133011133111133301103301100330111133300333000133301113300003301111111111
11111111111113330111111333011333133011133311113330111111333011333111133301113301103330111133013333000033301113300003301111111111
11111111111113301111111330111333133011133311133301111111330111333111333011113301003331111133033330000033011113300003301111111111
11111111111113301111331330111330133301133011133011111331330111330111330111013330003301331333333300000033011113330033301111111101
11011110111133301110330333013330113330333011333011111330333013330113330110012333033301330333333000000333011111333333011111111000
10000100010133300000330333333301113333330113330111100330333333301133301000000333333011330333330000000333000001333333011111110000
10000000000013300000030033333000010333301003300110000030033333000033002000002033330000030333000000000033000000033330011110000000
00000000000000000000300000000000000000000000000000000300000000000000000000200200000000300000000000000000000000000000000000000000
00000000000000000000000000000000000000000000000000000000000000000000000000000000000000000000000000000000000000000000000000000000
33303000333030303330330000003000000000000000000000000330033303000300000003000000000000000033303300333033003330333033300000300030
30303000303030303000303000033000000000000000000000000303030303000300000033000000000000000030003030300030300300030030000003300330
33303000333003003300330000003000000000000000000000000330033303000300000003000000000000000030003300330030300300030033300000300030
30003000303003003000303000003000000000000000000000000303030303000300000003000000000000000030003030300030300300030000300000300030
30003330303003003330303000033300000000000000000000000330030303330333000033300000000000000033303030333033003330030033300003330333

0x00120ab6
00000000000000000000000000000000000000000000000000000000000000000000000000000000000000000000000000000000000000000000000000000000
00000000000000003300000000333000000000000000000033330000000333000000000333300000000000000000033300000000033000000330000000000000
00000000000000003300000000330000000000330000003333330000000330000000033333300000033000100000333330000000033000003333000000000000
00001010001010333300101013301003000003301000333333000000003300103003333330010000330000010003330333100003333000000333300000000000
01000000000003333300000033000033000103300000333300000101033000033003333000010000330000010003300033000033333000000033300000000000
10101010100013333010101333101033101033001010330000001010333010133013300010111003300000101013001033100033330010030013301010101010
01010101010133033001010330111133110133010101330101010111330111133103300101001103300000110133010133010330330000033103300000010101
10101010101030133010111330111330111033001013330111111111330111330133301010100003301000101033101333111300330010333013301010101011
01011111111101133011111333011330111330111113301133311111333011330133010333111133000000011110111330111011330101330103300101010111
10111111111111333011111133303301111330111113303333331111133303301133033333311133000000011111113301111113330111330013301010111111
11111111111111333011111113333301111330111113333333331111113333301133333333311133000000011111113301111113330113330113301111111111
11111111111111330111111111333011113301111113333300331111111333011133333003311330000000011111133301111113301113301113301111111111
11111111111111330111111111133311113301133113330011331111111133311133300113311330003300011111133011111113301113301113301111111111
11111111111111330111111111133331113301333313001113331111111133331130011133311330033330011111333011111113301113301113301111111111
11111111111111330111111111333333133303333310111113331111111333333101111133313330333330011111330111111113301113301113301111111111
11111111111111330111111113330333133013303311111133301111113330333111111333013301330330111113330111111113301113301113301111111111
11111111111111330111111113301133133033013311111333301111113301133111113333013303300330111113330111111113301113301003301111111111
11111111111113330111111133301133133010113311111333011111133301133111103330113300000331111113301133111133301113300003301111111111
11111111111113330111111133011133133011113311113330111111133011133111133301113300000331111133300333000133301113300003301111111111
11111111111113330111111333011333133011133311113330111111333011333111133301013300003331111133013333000033301113300003301111111111
11111111111113301111111330111333133011133311133301111111330111333111333011113300003331111133033330000033011113300003301111111111
11111111111113301111331330111330133301133011133011111331330111330111330111113330003301331333333300000033011113330033301111111101
11011110111133301110330333013330113330333011333011111330333013330113330110001333033301330333333000000333011111333333011111111000
10000100010133300000330333333301113333330113330111100330333333301133301000200333333011330333330000000333000001333333011111110000
10000000000013300000030033333000010333301003300110000030033333000033000000000033330200230333000000000033000000033330011110000000
00000000000000000000300000000000000000000000000000000300000000000000000200202000000000300000000000000000000000000000000000000000
00000000000000000000000000000000000000000000000000000000000000000000000000000000000000000000000000000000000000000000000000000000
33303000333030303330330000003000000000000000000000000330033303000300000003000000000000000033303300333033003330333033300000300030
30303000303030303000303000033000000000000000000000000303030303000300000033000000000000000030003030300030300300030030000003300330
33303000333003003300330000003000000000000000000000000330033303000300000003000000000000000030003300330030300300030033300000300030
30003000303003003000303000003000000000000000000000000303030303000300000003000000000000000030003030300030300300030000300000300030
30003330303003003330303000033300000000000000000000000330030303330333000033300000000000000033303030333033003330030033300003330333

0x00120b72
00000000000000000000000000000000000000000000000000000000000000000000000000000000000000000000000000000000000000000000000000000000
00000000000000003300000000333000000000000000000033330000000333000000000333300000000000000000033300000000033000000330000000000000
00000000000000003300000000330000000000330000003333330000000330000000033333300010033100000000333330000000033000003333000000000000
00001010001010333300101013301003000003301000333333000000003300103003333330000000330010000003330333100003333000000333300000000000
01000000000003333300000033000033000103300000333300000101033000033003333001000000330010010003300033000033333000000033300000000000
10101010100013333010101333101033101033001010330000001010333010133013300010100003300010101013001033100033330010030013301010101010
01010101010133033001010330111133110133010101330101010111330111133103300101100003300101010133010133010330330000033103300000010101
10101010101030133010111330111330111033001013330111111111330111330133301010101003300010101033101333111300330010333013301010101011
01011111111101133011111333011330111330111113301133311111333011330133010333111033000001011110111330111011330101330103300101010111
10111111111111333011111133303301111330111113303333331111133303301133033333311033000011111111113301111113330111330013301010111111
11111111111111333011111113333301111330111113333333331111113333301133333333311133000011111111113301111113330113330113301111111111
11111111111111330111111111333011113301111113333300331111111333011133333003311330000011111111133301111113301113301113301111111111
11111111111111330111111111133311113301133113330011331111111133311133300113311330003311111111133011111113301113301113301111111111
11111111111111330111111111133331113301333313001113331111111133331130011133311330033331111111333011111113301113301113301111111111
11111111111111330111111111333333133303333310111113331111111333333101111133313330333331111111330111111113301113301113301111111111
11111111111111330111111113330333133013303311111133301111113330333111111333013300330331111113330111111113301113301113301111111111
11111111111111330111111113301133133033013311111333301111113301133111113333003303301331111113330111111113301113301003301111111111
11111111111113330111111133301133133010113311111333011111133301133111113330103300001331111113301133111133301113300003301111111111
11111111111113330111111133011133133011113311113330111111133011133111133301113300011331111133300333000133301113300003301111111111
11111111111113330111111333011333133011133311113330111111333011333111133301113300013331111133013333000033301113300003301111111111
11111111111113301111111330111333133011133311133301111111330111333111333011113300113331111133033330000033011113300003301111111111
11111111111113301111331330111330133301133011133011111331330111330111330111113330113301331333333300000033011113330033301111111101
11011110111133301110330333013330113330333011333011111330333013330113330110010333033301330333333000000333011111333333011111111000
10000100010133300000330333333301113333330113330111100330333333301133301200000333333011330333330000000333000001333333011111110000
10000000000013300000030033333000010333301003300110000030033333000033000000000033330200030333000000000033000000033330011110000000
00000000000000000000300000000000000000000000000000000300000000000000200020000000002000300000000000000000000000000000000000000000
00000000000000000000000000000000000000000000000000000000000000000000000000000000000000000000000000000000000000000000000000000000
33303000333030303330330000003000000000000000000000000330033303000300000003000000000000000033303300333033003330333033300000300030
30303000303030303000303000033000000000000000000000000303030303000300000033000000000000000030003030300030300300030030000003300330
33303000333003003300330000003000000000000000000000000330033303000300000003000000000000000030003300330030300300030033300000300030
30003000303003003000303000003000000000000000000000000303030303000300000003000000000000000030003030300030300300030000300000300030
30003330303003003330303000033300000000000000000000000330030303330333000033300000000000000033303030333033003330030033300003330333

0x00120c1e
00000000000000000000000000000000000000000000000000000000000000000000000000000000000000000000000000000000000000000000000000000000
00000000000000003300000000333000000000000000000033330000000333000000000333300000010000000000033300000000033000000330000000000000
00000000000000003300000000330000000000330000003333330000000330000000133333300000033000000000333330000000033000003333000000000000
00001010001010333300101013301003000003301000333333000000003300103003333330000000330010000003330333100003333000000333300000000000
01000000000003333300000033000033000103300000333300000101033000033003333000000000330000010003300033000033333000000033300000000000
10101010100013333010101333101033101033001010330000001010333010133013300010000003301010101013001033100033330010030013301010101010
01010101010133033001010330111133110133010101330101010111330111133103300100000003301101010133010133010330330000033103300000010101
10101010101030133010111330111330111033001013330111111111330111330133301011000003301010101033101333111300330010333013301010101011
01011111111101133011111333011330111330111113301133311111333011330133011333000033011101011110111330111011330101330103300101010111
10111111111111333011111133303301111330111113303333331111133303301133033333300033011111111111113301111113330111330013301010111111
11111111111111333011111113333301111330111113333333331111113333301133333333300033011111111111113301111113330113330113301111111111
11111111111111330111111111333011113301111113333300331111111333011133333003300330011111111111133301111113301113301113301111111111
11111111111111330111111111133311113301133113330011331111111133311133300113300330013311111111133011111113301113301113301111111111
11111111111111330111111111133331113301333313001113331111111133331130011133300330033331111111333011111113301113301113301111111111
11111111111111330111111111333333133303333310111113331111111333333101111133303330333331111111330111111113301113301113301111111111
11111111111111330111111113330333133013303311111133301111113330333111111333003300330331111113330111111113301113301113301111111111
11111111111111330111111113301133133033013311111333301111113301133111113333003303301331111113330111111113301113301003301111111111
11111111111113330111111133301133133010113311111333011111133301133111113330103301011331111113301133111133301113300003301111111111
11111111111113330111111133011133133011113311113330111111133011133111133301003301111331111133300333000133301113300003301111111111
11111111111113330111111333011333133011133311113330111111333011333111133301003301103331111133013333000033301113300003301111111111
11111111111113301111111330111333133011133311133301111111330111333111333011003301113331111133033330000033011113300003301111111111
11111111111113301111331330111330133301133011133011111331330111330111330111003330113301331333333300000033011113330033301111111101
11011110111133301110330333013330113330333011333011111330333013330113330110000333033301330333333000000333011111333333011111111000
10000100010133300000330333333301113333330113330111100330333333301133301200000333333011330333330000000333000001333333011111110000
10000000000013300000030033333000010333301003300110000030033333000033000000000033330000030333000000000033000000033330011110000000
00000000000000000000300000000000000000000000000000000300000000000000002000000000002000300000000000000000000000000000000000000000
00000000000000000000000000000000000000000000000000000000000000000000000000000000000000000000000000000000000000000000000000000000
33303000333030303330330000003000000000000000000000000330033303000300000003000000000000000033303300333033003330333033300000300030
30303000303030303000303000033000000000000000000000000303030303000300000033000000000000000030003030300030300300030030000003300330
33303000333003003300330000003000000000000000000000000330033303000300000003000000000000000030003300330030300300030033300000300030
30003000303003003000303000003000000000000000000000000303030303000300000003000000000000000030003030300030300300030000300000300030
30003330303003003330303000033300000000000000000000000330030303330333000033300000000000000033303030333033003330030033300003330333

0x00120cd9
00000000000000000000000000000000000000000000000000000000000000000000000000000000000000000000000000000000000000000000000000000000
00000000000000003300000000333000000000000000000000000000000000330000003300000110003300000000003333000003330000000330000000000000
00000000000000003300000000330000000000330000000033000000000000330000033330000000333330000000333333000033333000003333000000000000
00001010001010333300101013301003000003301000000330000000001033330100003333000013333330000033333300100333033300000333300000000000
01000000000003333300000033000033000103300000000330000101000333330111000333000333333330010033330000000330003300000033300000000000
10101010100013333010101333101033101033001010103300001010101333301010300033003333003300101033001010100300103310030013301010101010
01010101010133033001010330111133110133010101013301010111113303300100330033003330013301010133010101013301013300033103300000010101
10101010101030133010111330111330111033001010103301111111113013301113330033000000103300101333001010113310133310333013301010101011
01011111111101133011111333011330111330111111033011111111110113301113300033000011033001011330113331111011133001330103300101010111
10111111111111333011111133303301111330111111133011111111111133301113301033000011133011111330333333111111330111330013301010111111
11111111111111333011111113333301111330111111133011111111111133301133301033000011133331111333333333111111330113330113301111111111
11111111111111330111111111333011113301111111330111111111111133011133011133000011333331111333330033111113330113301113301111111111
11111111111111330111111111133311113301133111330113311111111133011133011133000013333301111333001133111113301113301113301111111111
11111111111111330111111111133331113301333311330133331111111133011133011133000033333011111300111333111133301113301113301111111111
11111111111111330111111111333333133303333313330333331111111133011133011133001010033011111011111333111133011113301113301111111111
11111111111111330111111113330333133013303313301330331111111133011133011133001010333011111111113330111333011113301113301111111111
11111111111111330111111113301133133033013313303301331111111133011133011133000010330111111111133330111333011113301003301111111111
11111111111113330111111133301133133010113313301011331111111333011133011133000111330111111111133301111330113313300003301111111111
11111111111113330111111133011133133011113313301111331111111333011133011133000113330111111111333000003330133313300003301111111111
11111111111113330111111333011333133011133313301113331111111333011133011133001113330111111111333000003301333313300003301111111111
11111111111113301111111330111333133011133313301113331111111330111133001133001113301111111113330000003303333013300003301111111111
11111111111113301111331330111330133301133013330113301331111330111133301333001113301111331113300000033333330113330033301111111101
11011110111133301110330333013330113330333011333033301330113330111113333330011133301111330133300000033333301111333333011111111000
10000100010133300000330333333301113333330111333333000330113330110103333330000133300111330333000000033333000001333333011111110000
10000000000013300000030033333000010333301000033330000030000330100000333300000013301000030330000000033300000000033330011110000000
00000000000000000000300000000000000000000000000000000300000000000000000000000000000000300000000000000000000000000000000000000000
00000000000000000000000000000000000000000000000000000000000000000000000000000000000000000000000000000000000000000000000000000000
33303000333030303330330000003000000000000000000000000330033303000300000003000000000000000033303300333033003330333033300000300030
30303000303030303000303000033000000000000000000000000303030303000300000033000000000000000030003030300030300300030030000003300330
33303000333003003300330000003000000000000000000000000330033303000300000003000000000000000030003300330030300300030033300000300030
30003000303003003000303000003000000000000000000000000303030303000300000003000000000000000030003030300030300300030000300000300030
30003330303003003330303000033300000000000000000000000330030303330333000033300000000000000033303030333033003330030033300003330333

0x00120d85
00000000000000000000000000000000000000000000000000000000000000000000000000000000000000000000000000000000000000000000000000000000
00000000000000003300000000333000000000000000000000000000000000330000003300010000003300000000003333000003330000000330000000000000
00000000000000003300000000330000000000330000000033000000000000330000033330001000333330000000333333000033333000003333000000000000
00001010001010333300101013301003000003301000000330000000001033330000003333001013333330000033333300100333033300000333300000000000
01000000000003333300000033000033000103300000000330000101000333330000000333001333333330010033330000000330003300000033300000000000
10101010100013333010101333101033101033001010103300001010101333301000300033003333003300101033001010100300103310030013301010101010
01010101010133033001010330111133110133010101013301010111113303300100330033013330013301010133010101013301013300033103300000010101
10101010101030133010111330111330111033001010103301111111113013301103330033001000103300101333001010113310133310333013301010101011
01011111111101133011111333011330111330111111033011111111110113301113300033001101033001011330113331111011133001330103300101010111
10111111111111333011111133303301111330111111133011111111111133301113300033001111133011111330333333111111330111330013301010111111
11111111111111333011111113333301111330111111133011111111111133301133300033001111133331111333333333111111330113330113301111111111
11111111111111330111111111333011113301111111330111111111111133011133000033001101333331111333330033111113330113301113301111111111
11111111111111330111111111133311113301133111330113311111111133011133000033001013333301111333001133111113301113301113301111111111
11111111111111330111111111133331113301333311330133331111111133011133000033001133333011111300111333111133301113301113301111111111
11111111111111330111111111333333133303333313330333331111111133011133010033001110033011111011111333111133011113301113301111111111
11111111111111330111111113330333133013303313301330331111111133011133010033001111333011111111113330111333011113301113301111111111
11111111111111330111111113301133133033013313303301331111111133011133010033001101330111111111133330111333011113301003301111111111
11111111111113330111111133301133133010113313301011331111111333011133010033001101330111111111133301111330113313300003301111111111
11111111111113330111111133011133133011113313301111331111111333011133011033011113330111111111333000003330133313300003301111111111
11111111111113330111111333011333133011133313301113331111111333011133011033011113330111111111333000003301333313300003301111111111
11111111111113301111111330111333133011133313301113331111111330101133001033011113301111111113330000003303333013300003301111111111
11111111111113301111331330111330133301133013330113301331111330111133301333011103301111331113300000033333330113330033301111111101
11011110111133301110330333013330113330333011333033301330113330111113333330010133301111330133300000033333301111333333011111111000
10000100010133300000330333333301113333330111333333000330113330101103333330000133301111330333000000033333000001333333011111110000
10000000000013300000030033333000010333301000033330000030000330100000333300000013301000030330000000033300000000033330011110000000
00000000000000000000300000000000000000000000000000000300000000200200100000000000000000300000000000000000000000000000000000000000
00000000000000000000000000000000000000000000000000000000000000000000000000000000000000000000000000000000000000000000000000000000
33303000333030303330330000003000000000000000000000000330033303000300000003000000000000000033303300333033003330333033300000300030
30303000303030303000303000033000000000000000000000000303030303000300000033000000000000000030003030300030300300030030000003300330
33303000333003003300330000003000000000000000000000000330033303000300000003000000000000000030003300330030300300030033300000300030
30003000303003003000303000003000000000000000000000000303030303000300000003000000000000000030003030300030300300030000300000300030
30003330303003003330303000033300000000000000000000000330030303330333000033300000000000000033303030333033003330030033300003330333

0x00120e40
00000000000000000000000000000000000000000000000000000000000000000000000000000000000000000000000000000000000000000000000000000000
00000000000000003300000000333000000000000000000000000000000010330000003300000000003300000000003333000003330000000330000000000000
00000000000000003300000000330000000000330000000033000000000000330000033330100000333330000000333333000033333000003333000000000000
00001010001010333300101013301003000003301000000330000000001033330000003333101013333330000033333300100333033300000333300000000000
01000000000003333300000033000033000103300000000330000101000333330000110333000333333330010033330000000330003300000033300000000000
10101010100013333010101333101033101033001010103300001010101333300000300033003333003300101033001010100300103310030013301010101010
01010101010133033001010330111133110133010101013301010111113303300000330033003330013301010133010101013301013300033103300000010101
10101010101030133010111330111330111033001010103301111111113013300003330033001000103300101333001010113310133310333013301010101011
01011111111101133011111333011330111330111111033011111111110113300003300033010101033001011330113331111011133001330103300101010111
10111111111111333011111133303301111330111111133011111111111133300003300033011111133011111330333333111111330111330013301010111111
11111111111111333011111113333301111330111111133011111111111133301033300033001111133331111333333333111111330113330113301111111111
11111111111111330111111111333011113301111111330111111111111133011033000033001111333331111333330033111113330113301113301111111111
11111111111111330111111111133311113301133111330113311111111133011133000033011113333301111333001133111113301113301113301111111111
11111111111111330111111111133331113301333311330133331111111133011133000033011133333011111300111333111133301113301113301111111111
11111111111111330111111111333333133303333313330333331111111133011133000033011010033011111011111333111133011113301113301111111111
11111111111111330111111113330333133013303313301330331111111133011133000033010111333011111111113330111333011113301113301111111111
11111111111111330111111113301133133033013313303301331111111133011133000033011111330111111111133330111333011113301003301111111111
11111111111113330111111133301133133010113313301011331111111333011133000033011111330111111111133301111330113313300003301111111111
11111111111113330111111133011133133011113313301111331111111333011133000033011113330111111111333000003330133313300003301111111111
11111111111113330111111333011333133011133313301113331111111333011133000033011113330111111111333000003301333313300003301111111111
11111111111113301111111330111333133011133313301113331111111330111133000033001113301111111113330000003303333013300003301111111111
11111111111113301111331330111330133301133013330113301331111330110133300333011113301111331113300000033333330113330033301111111101
11011110111133301110330333013330113330333011333033301330113330111013333330011133301111330133300000033333301111333333011111111000
10000100010133300000330333333301113333330111333333000330113330111103333330000133301111330333000000033333000001333333011111110000
10000000000013300000030033333000010333301000033330000030000330001000333300000013301000030330000000033300000000033330011110000000
00000000000000000000300000000000000000000000000000000300000000000000000010010010000000300000000000000000000000000000000000000000
00000000000000000000000000000000000000000000000000000000000000000000000000000000000000000000000000000000000000000000000000000000
33303000333030303330330000003000000000000000000000000330033303000300000003000000000000000033303300333033003330333033300000300030
30303000303030303000303000033000000000000000000000000303030303000300000033000000000000000030003030300030300300030030000003300330
33303000333003003300330000003000000000000000000000000330033303000300000003000000000000000030003300330030300300030033300000300030
30003000303003003000303000003000000000000000000000000303030303000300000003000000000000000030003030300030300300030000300000300030
30003330303003003330303000033300000000000000000000000330030303330333000033300000000000000033303030333033003330030033300003330333

0x00120eec
00000000000000000000000000000000000000000000000000000000000000000000000000000000000000000000000000000000000000000000000000000000
00000000000000003300000000333000000000000000000000000000000000330000013300000000003300000000003333000003330000000330000000000000
00000000000000003300000000330000000000330000000033000000000000330000133330000000333330000000333333000033333000003333000000000000
00001010001010333300101013301003000003301000000330000000001033330000003333111013333330000033333300100333033300000333300000000000
01000000000003333300000033000033000103300000000330000101000333330000000333100333333330010033330000000330003300000033300000000000
10101010100013333010101333101033101033001010103300001010101333300000300033003333003300101033001010100300103310030013301010101010
01010101010133033001010330111133110133010101013301010111113303300000330133003330013301010133010101013301013300033103300000010101
10101010101030133010111330111330111033001010103301111111113013300003330033001000103300101333001010113310133310333013301010101011
01011111111101133011111333011330111330111111033011111111110113300003300033010101033001011330113331111011133001330103300101010111
10111111111111333011111133303301111330111111133011111111111133300003300133011111133011111330333333111111330111330013301010111111
11111111111111333011111113333301111330111111133011111111111133300033300133011111133331111333333333111111330113330113301111111111
11111111111111330111111111333011113301111111330111111111111133010033000133011111333331111333330033111113330113301113301111111111
11111111111111330111111111133311113301133111330113311111111133010033000133011113333301111333001133111113301113301113301111111111
11111111111111330111111111133331113301333311330133331111111133010033000133011133333011111300111333111133301113301113301111111111
11111111111111330111111111333333133303333313330333331111111133011033000133011110033011111011111333111133011113301113301111111111
11111111111111330111111113330333133013303313301330331111111133011033000033011111333011111111113330111333011113301113301111111111
11111111111111330111111113301133133033013313303301331111111133011133000033011111330111111111133330111333011113301003301111111111
11111111111113330111111133301133133010113313301011331111111333011133000033011111330111111111133301111330113313300003301111111111
11111111111113330111111133011133133011113313301111331111111333011133000033011113330111111111333000003330133313300003301111111111
11111111111113330111111333011333133011133313301113331111110333011133000033011113330111111111333000003301333313300003301111111111
11111111111113301111111330111333133011133313301113331111111330111133000133011113301111111113330000003303333013300003301111111111
11111111111113301111331330111330133301133013330113301331111330110133300333011113301111331113300000033333330113330033301111111101
11011110111133301110330333013330113330333011333033301330113330100013333330011133301111330133300000033333301111333333011111111000
10000100010133300000330333333301113333330111333333000330113330111103333330001133301111330333000000033333000001333333011111110000
10000000000013300000030033333000010333301000033330000030000330100000333301000013301000030330000000033300000000033330011110000000
00000000000000000000300000000000000000000000000000000300000000000000000000010000000000300000000000000000000000000000000000000000
00000000000000000000000000000000000000000000000000000000000000000000000000000000000000000000000000000000000000000000000000000000
33303000333030303330330000003000000000000000000000000330033303000300000003000000000000000033303300333033003330333033300000300030
30303000303030303000303000033000000000000000000000000303030303000300000033000000000000000030003030300030300300030030000003300330
33303000333003003300330000003000000000000000000000000330033303000300000003000000000000000030003300330030300300030033300000300030
30003000303003003000303000003000000000000000000000000303030303000300000003000000000000000030003030300030300300030000300000300030
30003330303003003330303000033300000000000000000000000330030303330333000033300000000000000033303030333033003330030033300003330333

0x00120fa8
00000000000000000000000000000000000000000000000000000000000000000000000000000000000000000000000000000000000000000000000000000000
00000000000000003300000000333000000000000000000000000000000000330000003310100000003300000000003333000003330000000330000000000000
00000000000000003300000000330000000000330000000033000000000000330000033330000000333330000000333333000033333000003333000000000000
00001010001010333300101013301003000003301000000330000000001033330000003333101013333330000033333300100333033300000333300000000000
01000000000003333300000033000033000103300000000330000101000333330000000333000333333330010033330000000330003300000033300000000000
10101010100013333010101333101033101033001010103300001010101333300000301033003333003300101033001010100300103310030013301010101010
01010101010133033001010330111133110133010101013301010111113303300000331133003330013301010133010101013301013300033103300000010101
10101010101030133010111330111330111033001010103301111111113013300003331033001000103300101333001010113310133310333013301010101011
01011111111101133011111333011330111330111111033011111111110113300003300133010101033001011330113331111011133001330103300101010111
10111111111111333011111133303301111330111111133011111111111133300003301133011111133011111330333333111111330111330013301010111111
11111111111111333011111113333301111330111111133011111111111133300033300133011111133331111333333333111111330113330113301111111111
11111111111111330111111111333011113301111111330111111111111133000033011133011111333331111333330033111113330113301113301111111111
11111111111111330111111111133311113301133111330113311111111133000033011133011113333301111333001133111113301113301113301111111111
11111111111111330111111111133331113301333311330133331111111133000033011133011133333011111300111333111133301113301113301111111111
11111111111111330111111111333333133303333313330333331111111133000033011133011110033011111011111333111133011113301113301111111111
11111111111111330111111113330333133013303313301330331111111133011033011133011111333011111111113330111333011113301113301111111111
11111111111111330111111113301133133033013313303301331111111133010033001133011111330111111111133330111333011113301003301111111111
11111111111113330111111133301133133010113313301011331111111333010033001133011111330111111111133301111330113313300003301111111111
11111111111113330111111133011133133011113313301111331111111333011033001133011113330111111111333000003330133313300003301111111111
11111111111113330111111333011333133011133313301113331110110333011033001133011113330111111111333000003301333313300003301111111111
11111111111113301111111330111333133011133313301113331111111330101033011133011113301111111113330000003303333013300003301111111111
11111111111113301111331330111330133301133013330113301331111330111033301333011113301111331113300000033333330113330033301111111101
11011110111133301110330333013330113330333011333033301330113330111003333330011133301111330133300000033333301111333333011111111000
10000100010133300000330333333301113333330111333333000330113330110003333330000133301111330333000000033333000001333333011111110000
10000000000013300000030033333000010333301000033330000030000330100000333300000013301000030330000000033300000000033330011110000000
00000000000000000000300000000000000000000000000000000300000000100000100001000000000000300000000000000000000000000000000000000000
00000000000000000000000000000000000000000000000000000000000000000000000000000000000000000000000000000000000000000000000000000000
33303000333030303330330000003000000000000000000000000330033303000300000003000000000000000033303300333033003330333033300000300030
30303000303030303000303000033000000000000000000000000303030303000300000033000000000000000030003030300030300300030030000003300330
33303000333003003300330000003000000000000000000000000330033303000300000003000000000000000030003300330030300300030033300000300030
30003000303003003000303000003000000000000000000000000303030303000300000003000000000000000030003030300030300300030000300000300030
30003330303003003330303000033300000000000000000000000330030303330333000033300000000000000033303030333033003330030033300003330333

0x00121063
00000000000000000000000000000000000000000000000000000000000000000000000000000000000000000000000000000000000000000000000000000000
00000000000000003300000000333000000000000000000000000000000000330000003300000000003300000000003333000003330000000330000000000000
00000000000000003300000000330000000000330000000033000000000000330000033330000000333330000000333333000033333000003333000000000000
00001010001010333300101013301003000003301000000330000000011033330000003333101013333330000033333300100333033300000333300000000000
01000000000003333300000033000033000103300000000330000101000333330000001333000333333330010033330000000330003300000033300000000000
10101010100013333010101333101033101033001010103300001010111333300000310033003333003300101033001010100300103310030013301010101010
01010101010133033001010330111133110133010101013301010111113303300000330133003330013301010133010101013301013300033103300000010101
10101010101030133010111330111330111033001010103301111111113003300003331033001000103300101333001010113310133310333013301010101011
01011111111101133011111333011330111330111111033011111111110103300003300133010101033001011330113331111011133001330103300101010111
10111111111111333011111133303301111330111111133011111111111133300003301133011111133011111330333333111111330111330013301010111111
11111111111111333011111113333301111330111111133011111111111133300033301133011111133331111333333333111111330113330113301111111111
11111111111111330111111111333011113301111111330111111111111133000033011133011111333331111333330033111113330113301113301111111111
11111111111111330111111111133311113301133111330113311111111133000033011133011113333301111333001133111113301113301113301111111111
11111111111111330111111111133331113301333311330133331111111133000033011133011133333011111300111333111133301113301113301111111111
11111111111111330111111111333333133303333313330333331111111133000033011133011110033011111011111333111133011113301113301111111111
11111111111111330111111113330333133013303313301330331111111133000033011133011111333011111111113330111333011113301113301111111111
11111111111111330111111113301133133033013313303301331111111133000033001133011111330111111111133330111333011113301003301111111111
11111111111113330111111133301133133010113313301011331111111333000033011133011111330111111111133301111330113313300003301111111111
11111111111113330111111133011133133011113313301111331111101333000033011133011113330111111111333000003330133313300003301111111111
11111111111113330111111333011333133011133313301113331011111333000033010133011113330111111111333000003301333313300003301111111111
11111111111113301111111330111333133011133313301113331001111330100033000133011113301111111113330000003303333013300003301111111111
11111111111113301111331330111330133301133013330113301331110330000033300333011113301111331113300000033333330113330033301111111101
11011110111133301110330333013330113330333011333033301330113330000013333330011133301111330133300000033333301111333333011111111000
10000100010133300000330333333301113333330111333333000330113330000003333330000133301111330333000000033333000001333333011111110000
10000000000013300000030033333000010333301000033330000030000330000000333300000013301000030330000000033300000000033330011110000000
00000000000000000000300000000000000000000000000000010300000000000000000000000000000000300000000000000000000000000000000000000000
00000000000000000000000000000000000000000000000000000000000000000000000000000000000000000000000000000000000000000000000000000000
33303000333030303330330000003000000000000000000000000330033303000300000003000000000000000033303300333033003330333033300000300030
30303000303030303000303000033000000000000000000000000303030303000300000033000000000000000030003030300030300300030030000003300330
33303000333003003300330000003000000000000000000000000330033303000300000003000000000000000030003300330030300300030033300000300030
30003000303003003000303000003000000000000000000000000303030303000300000003000000000000000030003030300030300300030000300000300030
30003330303003003330303000033300000000000000000000000330030303330333000033300000000000000033303030333033003330030033300003330333

0x0012110f
00000000000000000000000000000000000000000000000000000000000000000000000000000000000000000000000000000000000000000000000000000000
00000000000000003300000000333000000000000000000000000000100000330000003300000000003300000000003333000003330000000330000000000000
00000000000000003300000000330000000000330000000033000000000000330000133330000000333330000000333333000033333000003333000000000000
00001010001010333300101013301003000003301000000330000000011033330000003333101013333330000033333300100333033300000333300000000000
01000000000003333300000033000033000103300000000330000101011333330001100333000333333330010033330000000330003300000033300000000000
10101010100013333010101333101033101033001010103300001010111333300001300033003333003300101033001010100300103310030013301010101010
01010101010133033001010330111133110133010101013301010111113303300001330133003330013301010133010101013301013300033103300000010101
10101010101030133010111330111330111033001010103301111111113013300003331033001000103300101333001010113310133310333013301010101011
01011111111101133011111333011330111330111111033011111111110003300003300133010101033001011330113331111011133001330103300101010111
10111111111111333011111133303301111330111111133011111111111033300013301133011111133011111330333333111111330111330013301010111111
11111111111111333011111113333301111330111111133011111111111033300033301133011111133331111333333333111111330113330113301111111111
11111111111111330111111111333011113301111111330111111111111033000033011133011111333331111333330033111113330113301113301111111111
11111111111111330111111111133311113301133111330113311111111033000033011133011113333301111333001133111113301113301113301111111111
11111111111111330111111111133331113301333311330133331111111033000033011133011133333011111300111333111133301113301113301111111111
11111111111111330111111111333333133303333313330333331111111133000133011133011110033011111011111333111133011113301113301111111111
11111111111111330111111113330333133013303313301330331111101133000133011133011111333011111111113330111333011113301113301111111111
11111111111111330111111113301133133033013313303301331111110133000133011133011111330111111111133330111333011113301003301111111111
11111111111113330111111133301133133010113313301011331111111333000133011133011111330111111111133301111330113313300003301111111111
11111111111113330111111133011133133011113313301111331101111333000133011133011113330111111111333000003330133313300003301111111111
11111111111113330111111333011333133011133313301113331101101333001133011133011113330111111111333000003301333313300003301111111111
11111111111113301111111330111333133011133313301113331111111330001033000133011113301111111113330000003303333013300003301111111111
11111111111113301111331330111330133301133013330113300331111330101133300333011113301111331113300000033333330113330033301111111101
11011110111133301110330333013330113330333011333033301330013330001113333330011133301111330133300000033333301111333333011111111000
10000100010133300000330333333301113333330111333333000330113330001103333330000133301111330333000000033333000001333333011111110000
10000000000013300000030033333000010333301000033330000030100330000000333300000013301000030330000000033300000000033330011110000000
00000000000000000000300000000000000000000000000000000300000000000000000000000000000000300000000000000000000000000000000000000000
00000000000000000000000000000000000000000000000000000000000000000000000000000000000000000000000000000000000000000000000000000000
33303000333030303330330000003000000000000000000000000330033303000300000003000000000000000033303300333033003330333033300000300030
30303000303030303000303000033000000000000000000000000303030303000300000033000000000000000030003030300030300300030030000003300330
33303000333003003300330000003000000000000000000000000330033303000300000003000000000000000030003300330030300300030033300000300030
30003000303003003000303000003000000000000000000000000303030303000300000003000000000000000030003030300030300300030000300000300030
30003330303003003330303000033300000000000000000000000330030303330333000033300000000000000033303030333033003330030033300003330333

0x001211cb
00000000000000000000000000000000000000000000000000000000000000000000000000000000000000000000000000000000000000000000000000000000
00000000000000003300000000333000000000000000000000000000000000330010003300000000003300000000003333000003330000000330000000000000
00000000000000003300000000330000000000330000000033000010000000330010033330000000333330000000333333000033333000003333000000000000
00001010001010333300101013301003000003301000000330000000001033330001003333101013333330000033333300100333033300000333300000000000
01000000000003333300000033000033000103300000000330000101000333330001000333000333333330010033330000000330003300000033300000000000
10101010100013333010101333101033101033001010103300001010100333300010300033003333003300101033001010100300103310030013301010101010
01010101010133033001010330111133110133010101013301010111103303300011330133003330013301010133010101013301013300033103300000010101
10101010101030133010111330111330111033001010103301111111103003300013331033001000103300101333001010113310133310333013301010101011
01011111111101133011111333011330111330111111033011111111100003300013300133010101033001011330113331111011133001330103300101010111
10111111111111333011111133303301111330111111133011111111100033300113301133011111133011111330333333111111330111330013301010111111
11111111111111333011111113333301111330111111133011111111100033300133301133011111133331111333333333111111330113330113301111111111
11111111111111330111111111333011113301111111330111111011110033000133011133011111333331111333330033111113330113301113301111111111
11111111111111330111111111133311113301133111330113311111110033000133011133011113333301111333001133111113301113301113301111111111
11111111111111330111111111133331113301333311330133331111110033000133011133011133333011111300111333111133301113301113301111111111
11111111111111330111111111333333133303333313330333331111110033001133011133011110033011111011111333111133011113301113301111111111
11111111111111330111111113330333133013303313301330331111110033001133011133011111333011111111113330111333011113301113301111111111
11111111111111330111111113301133133033013313303301331110110033001133011133011111330111111111133330111333011113301003301111111111
11111111111113330111111133301133133010113313301011331111110333011133011133011111330111111111133301111330113313300003301111111111
11111111111113330111111133011133133011113313301111331111110333011133011133011113330111111111333000003330133313300003301111111111
11111111111113330111111333011333133011133313301113331111110333011133011133011113330111111111333000003301333313300003301111111111
11111111111113301111111330111333133011133313301113331111110330110133011133011113301111111113330000003303333013300003301111111111
11111111111113301111331330111330133301133013330113301330110330111133301333011113301111331113300000033333330113330033301111111101
11011110111133301110330333013330113330333011333033301330113330111113333330011133301111330133300000033333301111333333011111111000
10000100010133300000330333333301113333330111333333000330113330111103333330000133301111330333000000033333000001333333011111110000
10000000000013300000030033333000010333301000033330000030100330000000333300000013301000030330000000033300000000033330011110000000
00000000000000000000300000000000000000000000000000000300000000000000000000000000000000300000000000000000000000000000000000000000
00000000000000000000000000000000000000000000000000000000000000000000000000000000000000000000000000000000000000000000000000000000
33303000333030303330330000003000000000000000000000000330033303000300000003000000000000000033303300333033003330333033300000300030
30303000303030303000303000033000000000000000000000000303030303000300000033000000000000000030003030300030300300030030000003300330
33303000333003003300330000003000000000000000000000000330033303000300000003000000000000000030003300330030300300030033300000300030
30003000303003003000303000003000000000000000000000000303030303000300000003000000000000000030003030300030300300030000300000300030
30003330303003003330303000033300000000000000000000000330030303330333000033300000000000000033303030333033003330030033300003330333

0x00121286
00000000000000000000000000000000000000000000000000000000000000000000000000000000000000000000000000000000000000000000000000000000
00000000000000003300000000333000000000000000000000000000000000330000003300000000003300000000003333000003330000000330000000000000
00000000000000003300000000330000000000330000000033100000000000330000033330000000333330000000333333000033333000003333000000000000
00001010001010333300101013301003000003301000000330010000000033330000003333101013333330000033333300100333033300000333300000000000
01000000000003333300000033000033000103300000000330000100000333330001000333000333333330010033330000000330003300000033300000000000
10101010100013333010101333101033101033001010103300001000000333301010300033003333003300101033001010100300103310030013301010101010
01010101010133033001010330111133110133010101013301010110003303300101330133003330013301010133010101013301013300033103300000010101
10101010101030133010111330111330111033001010103301101110003003301113331033001000103300101333001010113310133310333013301010101011
01011111111101133011111333011330111330111111033011111111000003301113300133010101033001011330113331111011133001330103300101010111
10111111111111333011111133303301111330111111133011111111000033301113301133011111133011111330333333111111330111330013301010111111
11111111111111333011111113333301111330111111133011111111000033301133301133011111133331111333333333111111330113330113301111111111
11111111111111330111111111333011113301111111330111111111100033001133011133011111333331111333330033111113330113301113301111111111
11111111111111330111111111133311113301133111330113311101100033011133011133011113333301111333001133111113301113301113301111111111
11111111111111330111111111133331113301333311330133331111100033011133011133011133333011111300111333111133301113301113301111111111
11111111111111330111111111333333133303333313330333331111100033011133011133011110033011111011111333111133011113301113301111111111
11111111111111330111111113330333133013303313301330331111100033011133011133011111333011111111113330111333011113301113301111111111
11111111111111330111111113301133133033013313303301331111100033011133011133011111330111111111133330111333011113301003301111111111
11111111111113330111111133301133133010113313301001331111100333011133011133011111330111111111133301111330113313300003301111111111
11111111111113330111111133011133133011113313301111331111100333011133011133011113330111111111333000003330133313300003301111111111
11111111111113330111111333011333133011133313301123331111100333011133011133011113330111111111333000003301333313300003301111111111
11111111111113301111111330111333133011133313301113331121000330111133011133011113301111111113330000003303333013300003301111111111
11111111111113301111331330111330133301133013330113301331000330101133301333011113301111331113300000033333330113330033301111111101
11011110111133301110330333013330113330333011333033302330003330211113333330011133301111330133300000033333301111333333011111111000
10000100010133300000330333333301113333330111333333000330003330110103333330000133301111330333000000033333000001333333011111110000
10000000000013300000030033333000010333301000033330002030000330002000333300000013301000030330000000033300000000033330011110000000
00000000000000000000300000000000000000000000000000200300000000000000000000000000000000300000000000000000000000000000000000000000
00000000000000000000000000000000000000000000000000000000000000000000000000000000000000000000000000000000000000000000000000000000
33303000333030303330330000003000000000000000000000000330033303000300000003000000000000000033303300333033003330333033300000300030
30303000303030303000303000033000000000000000000000000303030303000300000033000000000000000030003030300030300300030030000003300330
33303000333003003300330000003000000000000000000000000330033303000300000003000000000000000030003300330030300300030033300000300030
30003000303003003000303000003000000000000000000000000303030303000300000003000000000000000030003030300030300300030000300000300030
30003330303003003330303000033300000000000000000000000330030303330333000033300000000000000033303030333033003330030033300003330333

0x00121342
00000000000000000000000000000000000000000000000000000000000000000000000000000000000000000000000000000000000000000000000000000000
00000000000000003300000000333000000000000000000000000000000000330000003300000000003300000000003333000003330000000330000000000000
00000000000000003300000000330000000000330000000033000000000000330000033330000000333330000000333333000033333000003333000000000000
00001010001010333300101013301003000003301000000330010000000033330000003333101013333330000033333300100333033300000333300000000000
01000000000003333300000033000033000103300000000330010000000333330001000333000333333330010033330000000330003300000033300000000000
10101010100013333010101333101033101033001010103300011000000333301010300033003333003300101033001010100300103310030013301010101010
01010101010133033001010330111133110133010101013301011100003303300101330133003330013301010133010101013301013300033103300000010101
10101010101030133010111330111330111033001010103301110100003003301113331033001000103300101333001010113310133310333013301010101011
01011111111101133011111333011330111330111111033011111110000003301113300133010101033001011330113331111011133001330103300101010111
10111111111111333011111133303301111330111111133011111110000033301113301133011111133011111330333333111111330111330013301010111111
11111111111111333011111113333301111330111111133011111110000033301133301133011111133331111333333333111111330113330113301111111111
11111111111111330111111111333011113301111111330111111111000033011133011133011111333331111333330033111113330113301113301111111111
11111111111111330111111111133311113301133111330113311111000033011133011133011113333301111333001133111113301113301113301111111111
11111111111111330111111111133331113301333311330133331111000033011133011133011133333011111300111333111133301113301113301111111111
11111111111111330111111111333333133303333313330333331111000033011133011133011110033011111011111333111133011113301113301111111111
11111111111111330111111113330333133013303313301330331111000033011133011133011111333011111111113330111333011113301113301111111111
11111111111111330111111113301133133033013313303301331111000033011133011133011111330111111111133330111333011113301003301111111111
11111111111113330111111133301133133010113313301011331110000333011133011133011111330111111111133301111330113313300003301111111111
11111111111113330111111133011133133011113313301111331110000333011133011133011113330111111111333000003330133313300003301111111111
11111111111113330111111333011333133011133313301113331110000333011133011133011113330111111111333000003301333313300003301111111111
11111111111113301111111330111333133011133313301113331110000330111133011133011113301111111113330000003303333013300003301111111111
11111111111113301111331330111330133301133013330113301330000330101133301333011113301111331113300000033333330113330033301111111101
11011110111133301110330333013330113330333011333033301330003330111113333330011133301111330133300000033333301111333333011111111000
10000100010133300000330333333301113333330101333333000330013330111103333330000133301111330333000000033333000001333333011111110000
10000000000013300000030033333000010333301000033330000030000330200000333300000013301000030330000000033300000000033330011110000000
00000000000000000000300000000000000000000000000000202300020000000000000000000000000000300000000000000000000000000000000000000000
00000000000000000000000000000000000000000000000000000000000000000000000000000000000000000000000000000000000000000000000000000000
33303000333030303330330000003000000000000000000000000330033303000300000003000000000000000033303300333033003330333033300000300030
30303000303030303000303000033000000000000000000000000303030303000300000033000000000000000030003030300030300300030030000003300330
33303000333003003300330000003000000000000000000000000330033303000300000003000000000000000030003300330030300300030033300000300030
30003000303003003000303000003000000000000000000000000303030303000300000003000000000000000030003030300030300300030000300000300030
30003330303003003330303000033300000000000000000000000330030303330333000033300000000000000033303030333033003330030033300003330333

0x001213ee
00000000000000000000000000000000000000000000000000000000000000000000000000000000000000000000000000000000000000000000000000000000
00000000000000003300000000333000000000000000000000000000000000330000003300000000003300000000003333000003330000000330000000000000
00000000000000003300000000330000000000330000001033000010000100330000033330000000333330000000333333000033333000003333000000000000
00001010001010333300101013301003000003301000000330000000000033330000003333101013333330000033333300100333033300000333300000000000
01000000000003333300000033000033000103300000000330000000000333330001000333000333333330010033330000000330003300000033300000000000
10101010100013333010101333101033101033001010103300100000000333301010300033003333003300101033001010100300103310030013301010101010
01010101010133033001010330111133110133010101013301110000003303300101330133003330013301010133010101013301013300033103300000010101
10101010101030133010111330111330111033001010103301111000003013301113331033001000103300101333001010113310133310333013301010101011
01011111111101133011111333011330111330111111033011111000000013301113300133010101033001011330113331111011133001330103300101010111
10111111111111333011111133303301111330111111133011111000000033301113301133011111133011111330333333111111330111330013301010111111
11111111111111333011111113333301111330111111133011111100000033301133301133011111133331111333333333111111330113330113301111111111
11111111111111330111111111333011113301111111330111111100000033011133011133011111333331111333330033111113330113301113301111111111
11111111111111330111111111133311113301133111330113311100000033011133011133011113333301111333001133111113301113301113301111111111
11111111111111330111111111133331113301333311330133331100000033011133011133011133333011111300111333111133301113301113301111111111
11111111111111330111111111333333133303333313330333331100000133011133011133011110033011111011111333111133011113301113301111111111
11111111111111330111111113330333133013303313301330331100000133011133011133011111333011111111113330111333011113301113301111111111
11111111111111330111111113301133133033013313303301331100001133011133011133011111330111111111133330111333011113301003301111111111
11111111111113330111111133301133133010113313301011331100001333011133011133011111330111111111133301111330113313300003301111111111
11111111111113330111111133011133133011113313301111331000011333011133011133011113330111111111333000003330133313300003301111111111
11111111111113330111111333011333133011133313301113331000011333011133011133011113330111111111333000003301333313300003301111111111
11111111111113301111111330111333133011133313301113330000111330111133011133011113301111111113330000003303333013300003301111111111
11111111111113301111331330111330133301133013330113300330111330111133301333011113301111331113300000033333330113330033301111111101
11011110111133301110330333013330113330333011333033300330113330111113333330011133301111330133300000033333301111333333011111111000
10000100010133300000330333333301113333330111333333000330113330111103333330000133301111330333000000033333000001333333011111110000
10000000000013300000030033333000010333301000033330000030200330100000333300000013301000030330000000033300000000033330011110000000
00000000000000000000300000000000000000000000200000000300002000000000000000000000000000300000000000000000000000000000000000000000
00000000000000000000000000000000000000000000000000000000000000000000000000000000000000000000000000000000000000000000000000000000
33303000333030303330330000003000000000000000000000000330033303000300000003000000000000000033303300333033003330333033300000300030
30303000303030303000303000033000000000000000000000000303030303000300000033000000000000000030003030300030300300030030000003300330
33303000333003003300330000003000000000000000000000000330033303000300000003000000000000000030003300330030300300030033300000300030
30003000303003003000303000003000000000000000000000000303030303000300000003000000000000000030003030300030300300030000300000300030
30003330303003003330303000033300000000000000000000000330030303330333000033300000000000000033303030333033003330030033300003330333

0x00121499
00000000000000000000000000000000000000000000000000000000000000000000000000000000000000000000000000000000000000000000000000000000
00000000000000003300000000333000000000000000000000000000010000330000003300000000003300000000003333000003330000000330000000000000
00000000000000003300000000330000000000330000100033000000010000330000033330000000333330000000333333000033333000003333000000000000
00001010001010333300101013301003000003301000011330000000001033330000003333101013333330000033333300100333033300000333300000000000
01000000000003333300000033000033000103300000000330000000000333330001000333000333333330010033330000000330003300000033300000000000
10101010100013333010101333101033101033001010103300000000001333301010300033003333003300101033001010100300103310030013301010101010
01010101010133033001010330111133110133010101013300000000013303300101330133003330013301010133010101013301013300033103300000010101
10101010101030133010111330111330111033001010113301000000013013301113331033001000103300101333001010113310133310333013301010101011
01011111111101133011111333011330111330111111033011000000010113301113300133010101033001011330113331111011133001330103300101010111
10111111111111333011111133303301111330111111133011100000011133301113301133011111133011111330333333111111330111330013301010111111
11111111111111333011111113333301111330111111133001100000011133301133301133011111133331111333333333111111330113330113301111111111
11111111111111330111111111333011113301111111330111100000011133011133011133011111333331111333330033111113330113301113301111111111
11111111111111330111111111133311113301133111330113300000011133011133011133011113333301111333001133111113301113301113301111111111
11111111111111330111111111133331113301333311330133330000011133011133011133011133333011111300111333111133301113301113301111111111
11111111111111330111111111333333133303333313330333330000111133011133011133011110033011111011111333111133011113301113301111111111
11111111111111330111111113330333133013303313301330330000111133011133011133011111333011111111113330111333011113301113301111111111
11111111111111330111111113301133133033013313303301330000111133011133011133011111330111111111133330111333011113301003301111111111
11111111111113330111111133301133133010113313301011330001111333011133011133011111330111111111133301111330113313300003301111111111
11111111111113330111111133011133133011113313301111330001111333011133011133011113330111111111333000003330133313300003301111111111
11111111111113330111111333011333133011133313301113330111101333011133011133011113330111111111333000003301333313300003301111111111
11111111111113301111111330111333133011133313301113330011111330111133011133011113301111111113330000003303333013300003301111111111
11111111111113301111331330111330133301133013330113300331111330111133301333011113301111331113300000033333330113330033301111111101
11011110111133301110330333013330113330333011333033300330113330111113333330011133301111330133300000033333301111333333011111111000
10000100010133300000330333333301113333330111333333000330013330111103333330000133301111330333000000033333000001333333011111110000
10000000000013300000030033333000010333301000033330000030000330100000333300000013301000030330000000033300000000033330011110000000
00000000000000000000300000000000000000000000000000000300002000000000000000000000000000300000000000000000000000000000000000000000
00000000000000000000000000000000000000000000000000000000000000000000000000000000000000000000000000000000000000000000000000000000
33303000333030303330330000003000000000000000000000000330033303000300000003000000000000000033303300333033003330333033300000300030
30303000303030303000303000033000000000000000000000000303030303000300000033000000000000000030003030300030300300030030000003300330
33303000333003003300330000003000000000000000000000000330033303000300000003000000000000000030003300330030300300030033300000300030
30003000303003003000303000003000000000000000000000000303030303000300000003000000000000000030003030300030300300030000300000300030
30003330303003003330303000033300000000000000000000000330030303330333000033300000000000000033303030333033003330030033300003330333

0x0019ac15
00000000000000000000000000000000000000000000000000000000000000000000000000000000000000000000000000000000000000000000000000000000
00000000000000033330000000000330000033330000000000000100000333000000000000000003330000000000033300000000033000000330000000000000
00000000000003333330000000000330003333333000030000000100000330000000000330000003300000000000333330000003333300003333000000000000
00001010001333333000101010133330033300033000033000000010003300103000003300101033000030000003330333100033333300000333300000000000
01000000000333300000000000333330003001033010033000000101033000033001003300000330010330010003300033003333333300000033300000000000
10101010100330001010101010333300100010330011033000000110333010133010133010103330101330101013001033133330033010030013301010101010
01010101010330010101010113303301110103300101330000000111330111133101033001003301010331010133010133033301033000033103300000010101
10101010103330111010111113013301111033301010330000000111330111330110133010103300103300101033101333110010133010333013301010101011
01011111113301133311111110113301111333033111330003000111333011330111330101113330013301011110111330111111330101330103300101010111
10111111113303333331111111133301111333333311330003001111133303301111330111111333033011111111113301111111330111330013301010111111
11111111113333333331111111133301113333333311330003001111113333301111330111111133333011111111113301111111333313330113301111111111
11111111113333300331111111133011133330003311330003001111111333011113301111111113330111111111133301111113333313301113301111111111
11111111113330011331111111133011133001113313300033001111111133311113301133111111333111111111133011111133333013301113301111111111
11111111113001113331111111133011100111133313300033331111111133331113301333311111333311111111333011111333330113301113301111111111
11111111110111113331111111133011111111133313303333331111111333333133303333311113333331111111330111111100330113301113301111111111
11111111111111133301111111133011111111333013333333001111113330333133013303311133303331111113330111111113330113301113301111111111
11111111111111333301111111133011111111330103333330011101113301133133033013311133011331111113330111111113301113301003301111111111
11111111111111333011111111333011111113330111330330111111133301133133010113311333011331111113301133111113301113300003301111111111
11111111111113330111111111333011111133301111000330111111133011133133011113311330111331111133300333000133301113300003301111111111
11111111111113330111111111333011111133311111100330111111333011333133011133313330113331111133013333000033301113300003301111111111
11111111111133301111111111330111111333011111100330101101330111333133011133313301113331111133033330000033011113300003301111111111
11111111111133011111331111330111111330011101103301111331330111330133301133013301113301331333333300000033011113330033301111111101
11011110111333011110330113330111113330111111103301111330333013330113330333013330133301330333333000000333011111333333011111111000
10000100013330100000330113330001133301112111103301100330333333301103333330003333333011330333330000000333000001333333011111110000
10000000003301000000030000330000033301101001003300000030033333000000333300000333330000030333000000000033000000033330011110000000
00000000000000000000300000000000000000000000000000000300000000000000000000000000000000300000000000000000000000000000000000000000
00000000000000000000000000000000000000000000000000000000000000000000000000000000000000000000000000000000000000000000000000000000
33303000333030303330330000003000000000000000000000000330033303000300000033300000000000000033303300333033003330333033300000300030
30303000303030303000303000033000000000000000000000000303030303000300000000300000000000000030003030300030300300030030000003300330
33303000333003003300330000003000000000000000000000000330033303000300000033300000000000000030003300330030300300030033300000300030
30003000303003003000303000003000000000000000000000000303030303000300000030000000000000000030003030300030300300030000300000300030
30003330303003003330303000033300000000000000000000000330030303330333000033300000000000000033303030333033003330030033300003330333

0x0019ace0
00000000000000000000000000000000000000000000000000000000000000000000000000000000000000000000000000000000000000000000000000000000
00000000000000033330000000000330000033330000000000000000100333000000000000000003330000000000033300000000033000000330000000000000
00000000000003333330000000000330003333333010030000000000000330000000000330000003300000000000333330000003333300003333000000000000
00001010001333333000101010133330033300033001033000000000003300103000003300101033000030000003330333100033333300000333300000000000
01000000000333300000000000333330003001033000033000000001033000033001003300000330010330010003300033003333333300000033300000000000
10101010100330001010101010333300100010330010133000000001333010133010133010103330101330101013001033133330033010030013301010101010
01010101010330010101010113303301110103300101330000000000330111133101033001003301010331010133010133033301033000033103300000010101
10101010103330111010111113013301111033301010330000000000330111330110133010103300103300101033101333110010133010333013301010101011
01011111113301133311111110113301111333033111330103000000333011330111330101113330013301011110111330111111330101330103300101010111
10111111113303333331111111133301111333333311330103000000133303301111330111111333033011111111113301111111330111330013301010111111
11111111113333333331111111133301113333333311330103000000113333301111330111111133333011111111113301111111333313330113301111111111
11111111113333300331111111133011133330003311330113000000111333011113301111111113330111111111133301111113333313301113301111111111
11111111113330011331111111133011133001113313300133001001111133311113301133111111333111111111133011111133333013301113301111111111
11111111113001113331111111133011100111133313301133330001111133331113301333311111333311111111333011111333330113301113301111111111
11111111110111113331111111133011111111133313303333330001111333333133303333311113333331111111330111111100330113301113301111111111
11111111111111133301111111133011111111333013333333000001113330333133013303311133303331111113330111111113330113301113301111111111
11111111111111333301111111133011111111330113333330000011113301133133033013311133011331111113330111111113301113301003301111111111
11111111111111333011111111333011111113330111330330000011133301133133010113311333011331111113301133111113301113300003301111111111
11111111111113330111111111333011111133301110001330000011133011133133011113311330111331111133300333000133301113300003301111111111
11111111111113330111111111333011111133312111111330000011333011333133011133313330113331111133013333000033301113300003301111111111
11111111111133301111111111330111111333011111112330000111330111333133011133313301113331111133033330000033011113300003301111111111
11111111111133011111331111330111111330111101113300000330330111330133301133013301113301331333333300000033011113330033301111111101
11011110111333011110330113330111113330111111213300001330333013330113330333013330133301330333333000000333011111333333011111111000
10000100013330100000330113330001133301110111113300000330333333301103333330003333333011330333330000000333000001333333011111110000
10000000003301000000030000330000033301211000203300000030233333000000333300000333330000030333000000000033000000033330011110000000
00000000000000000000300000000000000000000020020000000300000000000000000000000000000000300000000000000000000000000000000000000000
00000000000000000000000000000000000000000000000000000000000000000000000000000000000000000000000000000000000000000000000000000000
33303000333030303330330000003000000000000000000000000330033303000300000033300000000000000033303300333033003330333033300000300030
30303000303030303000303000033000000000000000000000000303030303000300000000300000000000000030003030300030300300030030000003300330
33303000333003003300330000003000000000000000000000000330033303000300000033300000000000000030003300330030300300030033300000300030
30003000303003003000303000003000000000000000000000000303030303000300000030000000000000000030003030300030300300030000300000300030
30003330303003003330303000033300000000000000000000000330030303330333000033300000000000000033303030333033003330030033300003330333

0x0019ad9b
00000000000000000000000000000000000000000000000000000000000000000000000000000000000000000000000000000000000000000000000000000000
00000000000000033330000000000330000033330000000000000000000333000000000000000003330000000000033300000000033000000330000000000000
00000000000003333330000000000330003333333000030000000000000330000000000330000003300000000000333330000003333300003333000000000000
00001010001333333000101010133330033300033000033010000000003300103000003300101033000030000003330333100033333300000333300000000000
01000000000333300000000000333330003001033000033010000000033000033001003300000330010330010003300033003333333300000033300000000000
10101010100330001010101010333300100010330010133010000000333110133010133010103330101330101013001033133330033010030013301010101010
01010101010330010101010113303301110103300101330101000000330111133101033001003301010331010133010133033301033000033103300000010101
10101010103330111010111113013301111033301010330110100001330111330110133010103300103300101033101333110010133010333013301010101011
01011111113301133311111110113301111333033111330113110000333011330111330101113330013301011110111330111111330101330103300101010111
10111111113303333331111111133301111333333311330113010000033303301111330111111333033011111111113301111111330111330013301010111111
11111111113333333331111111133301113333333311330113010000003333301111330111111133333011111111113301111111333313330113301111111111
11111111113333300331111111133011133330003311330113011000000333011113301111111113330111111111133301111113333313301113301111111111
11111111113330011331111111133011133001113313301133011000000033311113301133111111333111111111133011111133333013301113301111111111
11111111113001113331111111133011100111133313301133331000000033331113301333311111333311111111333011111333330113301113301111111111
11111111110111113331111111133011111111133313303333331000000333333133303333311113333331111111330111111100330113301113301111111111
11111111111111133301111111133011111111333013333333001000003330333133013303311133303331111113330111111113330113301113301111111111
11111111111111333301111111133011111111330113333330111000003301133133033013311133011331111113330111111113301113301003301111111111
11111111111111333011111111333011111113330101330330110000033301133133010113311333011331111113301133111113301113300003301111111111
11111111111113330111111111333011111133301111001330110000033011133133011113311330111331111133300333000133301113300003301111111111
11111111111113330111111111333011111133311111111330110000333011333133011133313330113331111133013333000033301113300003301111111111
11111111111133301111111111330111111333011101111330110000330111333133011133313301113331111133033330000033011113300003301111111111
11111111111133011111331111330111111330111111113301100330330101330133301133013301113301331333333300000033011113330033301111111101
11011110111333011110330113330111113330111110113301100330333013330113330333013330133301330333333000000333011111333333011111111000
10000100013330100000330113330001133301101111113301000330333333301103333330003333333011330333330000000333000001333333011111110000
10000000003301000000030000330000033301111000003300000030233333000000333300000333330000030333000000000033000000033330011110000000
00000000000000000000300000000000000000000000200002000300000000000000000000000000000000300000000000000000000000000000000000000000
00000000000000000000000000000000000000000000000000000000000000000000000000000000000000000000000000000000000000000000000000000000
33303000333030303330330000003000000000000000000000000330033303000300000033300000000000000033303300333033003330333033300000300030
30303000303030303000303000033000000000000000000000000303030303000300000000300000000000000030003030300030300300030030000003300330
33303000333003003300330000003000000000000000000000000330033303000300000033300000000000000030003300330030300300030033300000300030
30003000303003003000303000003000000000000000000000000303030303000300000030000000000000000030003030300030300300030000300000300030
30003330303003003330303000033300000000000000000000000330030303330333000033300000000000000033303030333033003330030033300003330333

0x0019ae47
00000000000000000000000000000000000000000000000000000000000000000000000000000000000000000000000000000000000000000000000000000000
00000000000000033330000000000330000033330000000000000000000333000000000000000003330000000000033300000000033000000330000000000000
00000000000003333330000000000330003333333000030010000000100330000000000330000003300000000000333330000003333300003333000000000000
00001010001333333000101010133330033300033000033000000000003300103000003300101033000030000003330333100033333300000333300000000000
01000000000333300000000000333330003001033000033001010000033000133001003300000330010330010003300033003333333300000033300000000000
10101010100330001010101010333300100010330010133000001000333000133010133010103330101330101013001033133330033010030013301010101010
01010101010330010101010113303301110103300101330101011100330001133101033001003301010331010133010133033301033000033103300000010101
10101010103330111010111113013301111033301010330111111110330000330110133010103300103300101033101333110010133010333013301010101011
01011111113301133311111110113301111333033111330113111110333000330111330101113330013301011110111330111111330101330103300101010111
10111111113303333331111111133301111333333311330113011110033303301111330111111333033011111111113301111111330111330013301010111111
11111111113333333331111111133301113333333311330113011111003333301111330111111133333011111111113301111111333313330113301111111111
11111111113333300331111111133011133330003311330113011111000333011113301111111113330111111111133301111113333313301113301111111111
11111111113330011331111111133011133001113313301133011111000033311113301133111111333111111111133011111133333013301113301111111111
11111111113001113331111111133011100111133313301133331111000033331113301333311111333311111111333011111333330113301113301111111111
11111111110111113331111111133011111111133313303333331111000333333133303333311113333331111111330111111100330113301113301111111111
11111111111111133301111111133011111111333013333333001111003330333133013303311133303331111113330111111113330113301113301111111111
11111111111111333301111111133011111111330113333330111011003301133133033013311133011331111113330111111113301113301003301111111111
11111111111111333011111111333011111113330111330330111011033301133133010113311333011331111113301133111113301113300003301111111111
11111111111113330111111111333011111133301111001330111110033011133133011113311330111331111133300333000133301113300003301111111111
11111111111113330111111111333011111133311111111330111110333011333133011133313330113331111133013333000033301113300003301111111111
11111111111133301111111111330111111333011111111330111100330111333133011133313301113331111133033330000033011113300003301111111111
11111111111133011111331111330111111330111111113301111331330111330133301133013301113301331333333300000033011113330033301111111101
11011110111333011110330113330111113330111111113301111330333013330113330333013330133301330333333000000333011111333333011111111000
10000100013330100000330113330001133301111111113302100330333333301103333330003333333011330333330000000333000001333333011111110000
10000000003301000000030000330000033301111000003300000030033333000000333300000333330000030333000000000033000000033330011110000000
00000000000000000000300000000000000000000000002000200300000000000000000000000000000000300000000000000000000000000000000000000000
00000000000000000000000000000000000000000000000000000000000000000000000000000000000000000000000000000000000000000000000000000000
33303000333030303330330000003000000000000000000000000330033303000300000033300000000000000033303300333033003330333033300000300030
30303000303030303000303000033000000000000000000000000303030303000300000000300000000000000030003030300030300300030030000003300330
33303000333003003300330000003000000000000000000000000330033303000300000033300000000000000030003300330030300300030033300000300030
30003000303003003000303000003000000000000000000000000303030303000300000030000000000000000030003030300030300300030000300000300030
30003330303003003330303000033300000000000000000000000330030303330333000033300000000000000033303030333033003330030033300003330333

0x0019aef3
00000000000000000000000000000000000000000000000000000000000000000000000000000000000000000000000000000000000000000000000000000000
00000000000000033330000000000330000033330000000000000000000333001000000000000003330000000000033300000000033000000330000000000000
00000000000003333330000000000330003333333000030000010000000330001000000330000003300000000000333330000003333300003333000000000000
00001010001333333000101010133330033300033000033000001100003300003000003300101033000030000003330333100033333300000333300000000000
01000000000333300000000000333330003001033000033000000100033000033001003300000330010330010003300033003333333300000033300000000000
10101010100330001010101010333300100010330010133000001010333000033010133010103330101330101013001033133330033010030013301010101010
01010101010330010101010113303301110103300101330101011111330000033101033001003301010331010133010133033301033000033103300000010101
10101010103330111010111113013301111033301010330111111111330000330110133010103300103300101033101333110010133010333013301010101011
01011111113301133311111110113301111333033111330113111111333000330111330101113330013301011110111330111111330101330103300101010111
10111111113303333331111111133301111333333311330113011111133303301111330111111333033011111111113301111111330111330013301010111111
11111111113333333331111111133301113333333311330113011110113333301111330111111133333011111111113301111111333313330113301111111111
11111111113333300331111111133011133330003311330113011111110333001113301111111113330111111111133301111113333313301113301111111111
11111111113330011331111111133011133001113313301133011111010033301113301133111111333111111111133011111133333013301113301111111111
11111111113001113331111111133011100111133313301133331111110033331113301333311111333311111111333011111333330113301113301111111111
11111111110111113331111111133011111111133313303333331111110333333133303333311113333331111111330111111100330113301113301111111111
11111111111111133301111111133011111111333013333333001111113330333133013303311133303331111113330111111113330113301113301111111111
11111111111111333301111111133011111111330113333330111111113300033133033013311133011331111113330111111113301113301003301111111111
11111111111111333011111111333011111113330111330330111111133300133133010113311333011331111113301133111113301113300003301111111111
11111111111113330111111111333011111133301111001330111111133000133133011113311330111331111133300333000133301113300003301111111111
11111111111113330111111111333011111133311111111330111111333011333133011133313330113331111133013333000033301113300003301111111111
11111111111133301111111111330111111333011111111330111111330001333133011133313301113331111133033330000033011113300003301111111111
11111111111133011111331111330111111330111111113301111331330011330133301133013301113301331333333300000033011113330033301111111101
11011110111333011110330113330111113330111111113301111330333013330113330333013330133301330333333000000333011111333333011111111000
10000100013330100000330113330001133301111111113301100330333333301103333330003333333011330333330000000333000001333333011111110000
10000000003301000000030000330000033301111000003300000030033333000000333300000333330000030333000000000033000000033330011110000000
00000000000000000000300000000000000000000000000000000300000000000200000000000000000000300000000000000000000000000000000000000000
00000000000000000000000000000000000000000000000000000000000000000000000000000000000000000000000000000000000000000000000000000000
33303000333030303330330000003000000000000000000000000330033303000300000033300000000000000033303300333033003330333033300000300030
30303000303030303000303000033000000000000000000000000303030303000300000000300000000000000030003030300030300300030030000003300330
33303000333003003300330000003000000000000000000000000330033303000300000033300000000000000030003300330030300300030033300000300030
30003000303003003000303000003000000000000000000000000303030303000300000030000000000000000030003030300030300300030000300000300030
30003330303003003330303000033300000000000000000000000330030303330333000033300000000000000033303030333033003330030033300003330333

0x0019afaf
00000000000000000000000000000000000000000000000000000000000000000000000000000000000000000000000000000000000000000000000000000000
00000000000000033330000000000330000033330000000000000000000333000110000000000003330000000000033300000000033000000330000000000000
00000000000003333330000000000330003333333000030000001000000330000000000330000003300000000000333330000003333300003333000000000000
00001010001333333000101010133330033300033000033000000100003300003010003300101033000030000003330333100033333300000333300000000000
01000000000333300000000000333330003001033000033000000111033000033011003300000330010330010003300033003333333300000033300000000000
10101010100330001010101010333300100010330010133000001010333000033011133010103330101330101013001033133330033010030013301010101010
01010101010330010101010113303301110103300101330101010110330000033001033001003301010331010133010133033301033000033103300000010101
10101010103330111010111113013301111033301010330111111111330000330010133010103300103300101033101333110010133010333013301010101011
01011111113301133311111110113301111333033111330113111111333000330011330101113330013301011110111330111111330101330103300101010111
10111111113303333331111111133301111333333311330113011111133303300011330111111333033011111111113301111111330111330013301010111111
11111111113333333331111111133301113333333311330113011111113333300011330111111133333011111111113301111111333313330113301111111111
11111111113333300331111111133011133330003311330113011111111333000013301111111113330111111111133301111113333313301113301111111111
11111111113330011331111111133011133001113313301133011111111133300013301133111111333111111111133011111133333013301113301111111111
11111111113001113331111111133011100111133313301133331111111133330013301333311111333311111111333011111333330113301113301111111111
11111111110111113331111111133011111111133313303333331111111333333033303333311113333331111111330111111100330113301113301111111111
11111111111111133301111111133011111111333013333333001111113330333033013303311133303331111113330111111113330113301113301111111111
11111111111111333301111111133011111111330113333330111111113300033033033013311133011331111113330111111113301113301003301111111111
11111111111111333011111111333011111113330111330330111111133300033133010113311333011331111113301133111113301113300003301111111111
11111111111113330111111111333011111133301111001330111111133000033133011113311330111331111133300333000133301113300003301111111111
11111111111113330111111111333011111133311111111330111111333000333133011133313330113331111133013333000033301113300003301111111111
11111111111133301111111111330111111333011111111330111111330100333133011133313301113331111133033330000033011113300003301111111111
11111111111133011111331111330111111330111111113301111331330100330133301133013301113301331333333300000033011113330033301111111101
11011110111333011110330113330111113330111111113301111330333003330113330333013330133301330333333000000333011111333333011111111000
10000100013330100000330113330001133301111111113301100330333333301103333330003333333011330333330000000333000001333333011111110000
10000000003301000000030000330000033301111000003300000030033333000000333300000333330000030333000000000033000000033330011110000000
00000000000000000000300000000000000000000000000000000300000000000000000000000000000000300000000000000000000000000000000000000000
00000000000000000000000000000000000000000000000000000000000000000000000000000000000000000000000000000000000000000000000000000000
33303000333030303330330000003000000000000000000000000330033303000300000033300000000000000033303300333033003330333033300000300030
30303000303030303000303000033000000000000000000000000303030303000300000000300000000000000030003030300030300300030030000003300330
33303000333003003300330000003000000000000000000000000330033303000300000033300000000000000030003300330030300300030033300000300030
30003000303003003000303000003000000000000000000000000303030303000300000030000000000000000030003030300030300300030000300000300030
30003330303003003330303000033300000000000000000000000330030303330333000033300000000000000033303030333033003330030033300003330333

0x0019b06a
00000000000000000000000000000000000000000000000000000000000000000000000000000000000000000000000000000000000000000000000000000000
00000000000000033330000000000330000033330000000000000000000333000000100000000003330000000000033300000000033000000330000000000000
00000000000003333330000000000330003333333000030000000001000330000000010330000003300000000000333330000003333300003333000000000000
00001010001333333000101010133330033300033000033000000000003300003000013300101033000030000003330333100033333300000333300000000000
01000000000333300000000000333330003001033000033000000101033000033000013300000330010330010003300033003333333300000033300000000000
10101010100330001010101010333300100010330010133000001010333000033000133010103330101330101013001033133330033010030013301010101010
01010101010330010101010113303301110103300101330101010111330000033000133001003301010331010133010133033301033000033103300000010101
10101010103330111010111113013301111033301010330111111111330000330000133010103300103300101033101333110010133010333013301010101011
01011111113301133311111110113301111333033111330113111111333000330100330101113330013301011110111330111111330101330103300101010111
10111111113303333331111111133301111333333311330113011111133303300010330111111333033011111111113301111111330111330013301010111111
11111111113333333331111111133301113333333311330113011111113333300000330111111133333011111111113301111111333313330113301111111111
11111111113333300331111111133011133330003311330113011111111333000003301011111113330111111111133301111113333313301113301111111111
11111111113330011331111111133011133001113313301133011111111133300003300133111111333111111111133011111133333013301113301111111111
11111111113001113331111111133011100111133313301133331111111133330003301333311111333311111111333011111333330113301113301111111111
11111111110111113331111111133011111111133313303333331111111333333033303333311113333331111111330111111100330113301113301111111111
11111111111111133301111111133011111111333013333333001111113330333033013303311133303331111113330111111113330113301113301111111111
11111111111111333301111111133011111111330113333330111111113301133033033013311133011331111113330111111113301113301003301111111111
11111111111111333011111111333011111113330111330330111111133301133033010013311333011331111113301133111113301113300003301111111111
11111111111113330111111111333011111133301111001330111111133011133033011113311330111331111133300333000133301113300003301111111111
11111111111113330111111111333011111133311111111330111111333011333033011133313330113331111133013333000033301113300003301111111111
11111111111133301111111111330111111333011111111330111111330111333033011133313301113331111133033330000033011113300003301111111111
11111111111133011111331111330111111330111111113301111331330111330033301033013301113301331333333300000033011113330033301111111101
11011110111333011110330113330111113330111111113301111330333023330003330333013330133301330333333000000333011111333333011111111000
10000100013330100000330113330001133301111111113301100330333333300003333330003333333011330333330000000333000001333333011111110000
10000000003301000000030000330000033301111000003300000030033333000000333300000333330000030333000000000033000000033330011110000000
00000000000000000000300000000000000000000000000000000302000000000000000000000000000000300000000000000000000000000000000000000000
00000000000000000000000000000000000000000000000000000000000000000000000000000000000000000000000000000000000000000000000000000000
33303000333030303330330000003000000000000000000000000330033303000300000033300000000000000033303300333033003330333033300000300030
30303000303030303000303000033000000000000000000000000303030303000300000000300000000000000030003030300030300300030030000003300330
33303000333003003300330000003000000000000000000000000330033303000300000033300000000000000030003300330030300300030033300000300030
30003000303003003000303000003000000000000000000000000303030303000300000030000000000000000030003030300030300300030000300000300030
30003330303003003330303000033300000000000000000000000330030303330333000033300000000000000033303030333033003330030033300003330333

0x0019b126
00000000000000000000000000000000000000000000000000000000000000000000000000000000000000000000000000000000000000000000000000000000
00000000000000033330000000000330000033330000000000000000001333000000000000000003330000000000033300000000033000000330000000000000
00000000000003333330000000000330003333333000030000000000000330000000000330000003300000000000333330000003333300003333000000000000
00001010001333333000101010133330033300033000033000000000003300003000003300101033000030000003330333100033333300000333300000000000
01000000000333300000000000333330003001033000033000000101033000033011003300000330010330010003300033003333333300000033300000000000
10101010100330001010101010333300100010330010133000001010333010033000033010103330101330101013001033133330033010030013301010101010
01010101010330010101010113303301110103300101330101010111330111033000033001003301010331010133010133033301033000033103300000010101
10101010103330111010111113013301111033301010330111111111330111330000033010103300103300101033101333110010133010333013301010101011
01011111113301133311111110113301111333033111330113111111333011330000330101113330013301011110111330111111330101330103300101010111
10111111113303333331111111133301111333333311330113011111133303300000330111111333033011111111113301111111330111330013301010111111
11111111113333333331111111133301113333333311330113011111113333300000330110111133333011111111113301111111333313330113301111111111
11111111113333300331111111133011133330003311330113011111111333000003300110111113330111111111133301111113333313301113301111111111
11111111113330011331111111133011133001113313301133011111111133310003300033111111333111111111133011111133333013301113301111111111
11111111113001113331111111133011100111133313301133331111111133330003300333311111333311111111333011111333330113301113301111111111
11111111110111113331111111133011111111133313303333331111111333333033303333301113333331111111330111111100330113301113301111111111
11111111111111133301111111133011111111333013333333001111113330333033003303311133303331111113330111111113330113301113301111111111
11111111111111333301111111133011111111330113333330111111113301133133033013311133011331111113330111111113301113301003301111111111
11111111111111333011111111333011111113330111330330111111133301133133000013311333011331111113301133111113301113300003301111111111
11111111111113330111111111333011111133301111001330111111133011133133000013311330111331111133300333000133301113300003301111111111
11111111111113330111111111333011111133311111111330111111333011333133000133313330113331111133013333000033301113300003301111111111
11111111111133301111111111330111111333011111111330111111330111333133000133313301113331111133033330000033011113300003301111111111
11111111111133011111331111330111111330111111113301111331330011330133301133013301113301331333333300000033011113330033301111111101
11011110111333011110330113330111113330111111113301111330333013330113330333013330133301330333333000000333011111333333011111111000
10000100013330100000330113330001133301111111113301100330333333301103333330003333333011330333330000000333000001333333011111110000
10000000003301000000030000330000033301111000003300000030033333000000333300000333330000030333000000000033000000033330011110000000
00000000000000000000300000000000000000000000000000000300000000000000000001001000000000300000000000000000000000000000000000000000
00000000000000000000000000000000000000000000000000000000000000000000000000000000000000000000000000000000000000000000000000000000
33303000333030303330330000003000000000000000000000000330033303000300000033300000000000000033303300333033003330333033300000300030
30303000303030303000303000033000000000000000000000000303030303000300000000300000000000000030003030300030300300030030000003300330
33303000333003003300330000003000000000000000000000000330033303000300000033300000000000000030003300330030300300030033300000300030
30003000303003003000303000003000000000000000000000000303030303000300000030000000000000000030003030300030300300030000300000300030
30003330303003003330303000033300000000000000000000000330030303330333000033300000000000000033303030333033003330030033300003330333

0x0019b1d1
00000000000000000000000000000000000000000000000000000000000000000000000000000000000000000000000000000000000000000000000000000000
00000000000000033330000000000330000033330000000000000000000333000000000010000003330000000000033300000000033000000330000000000000
00000000000003333330000000000330003333333000030000000000000330000000000330000003300000000000333330000003333300003333000000000000
00001010001333333000101010133330033300033000033000000000003300113000003300001033000030000003330333100033333300000333300000000000
01000000000333300000000000333330003001033000033000000101033000033000003300000330010330010003300033003333333300000033300000000000
10101010100330001010101010333300100010330010133000001010333010133000033000003330101330101013001033133330033010030013301010101010
01010101010330010101010113303301110103300101330101010111330111133000033000003301010331010133010133033301033000033103300000010101
10101010103330111010111113013301111033301010330111111111330111330000033000103300103300101033101333110010133010333013301010101011
01011111113301133311111110113301111333033111330113111111333011330100330000013330013301011110111330111111330101330103300101010111
10111111113303333331111111133301111333333311330113011111133303301100330000111333033011111111113301111111330111330013301010111111
11111111113333333331111111133301113333333311330113011111113333301100330000110133333011111111113301111111333313330113301111111111
11111111113333300331111111133011133330003311330113011111111333011113300000111013330111111111133301111113333313301113301111111111
11111111113330011331111111133011133001113313301133011111111133311113300033111111333111111111133011111133333013301113301111111111
11111111113001113331111111133011100111133313301133331111111133331113300333311111333311111111333011111333330113301113301111111111
11111111110111113331111111133011111111133313303333331111111333333133303333311113333331111111330111111100330113301113301111111111
11111111111111133301111111133011111111333013333333001111113330333133003303310133303331111113330111111113330113301113301111111111
11111111111111333301111111133011111111330113333330111111113301133133033003311133011331111113330111111113301113301003301111111111
11111111111111333011111111333011111113330111330330111111133301133133000003311333011331111113301133111113301113300003301111111111
11111111111113330111111111333011111133301111001330111111133011133133000003311330111331111133300333000133301113300003301111111111
11111111111113330111111111333011111133311111111330111111333010333133011033313330113331111133013333000033301113300003301111111111
11111111111133301111111111330111111333011111111330111111330111333133010033313301113331111133033330000033011113300003301111111111
11111111111133011111331111330111111330111111113301111331330111330133300033013301113301331333333300000033011113330033301111111101
11011110111333011110330113330111113330111111113301111330333013330103330333013330133301330333333000000333011111333333011111111000
10000100013330100000330113330001133301111111113301100330333333301103333330003333333011330333330000000333000001333333011111110000
10000000003301000000030000330000033301111000003300000030033333010000333300101333330000030333000000000033000000033330011110000000
00000000000000000000300000000000000000000000000000000300000000000000000000000000000000300000000000000000000000000000000000000000
00000000000000000000000000000000000000000000000000000000000000000000000000000000000000000000000000000000000000000000000000000000
33303000333030303330330000003000000000000000000000000330033303000300000033300000000000000033303300333033003330333033300000300030
30303000303030303000303000033000000000000000000000000303030303000300000000300000000000000030003030300030300300030030000003300330
33303000333003003300330000003000000000000000000000000330033303000300000033300000000000000030003300330030300300030033300000300030
30003000303003003000303000003000000000000000000000000303030303000300000030000000000000000030003030300030300300030000300000300030
30003330303003003330303000033300000000000000000000000330030303330333000033300000000000000033303030333033003330030033300003330333

0x0019b28d
00000000000000000000000000000000000000000000000000000000000000000000000000000000000000000000000000000000000000000000000000000000
00000000000000033330000000000330000033330000000000000000000333000000000000000003331000000000033300000000033000000330000000000000
00000000000003333330000000000330003333333000030000000000000330000000000330000003300000000000333330000003333300003333000000000000
00001010001333333000101010133330033300033000033000000000003300103000003300000033010030000003330333100033333300000333300000000000
01000000000333300000000000333330003001033000033000000101033000033001003300000330010330010003300033003333333300000033300000000000
10101010100330001010101010333300100010330010133000001010333010133010133000003330101330101013001033133330033010030013301010101010
01010101010330010101010113303301110103300101330101010111330111133101133000003301000331010133010133033301033000033103300000010101
10101010103330111010111113013301111033301010330111111111330111330110133000003300103300101033101333110010133010333013301010101011
01011111113301133311111110113301111333033111330113111111333011330111330000003330013301011110111330111111330101330103300101010111
10111111113303333331111111133301111333333311330113011111133303301111330000000333033011111111113301111111330111330013301010111111
11111111113333333331111111133301113333333311330113011111113333301111330000000133333011111111113301111111333313330113301111111111
11111111113333300331111111133011133330003311330113011111111333011113300000000113330111111111133301111113333313301113301111111111
11111111113330011331111111133011133001113313301133011111111133311113300033000111333111111111133011111133333013301113301111111111
11111111113001113331111111133011100111133313301133331111111133331113301333300111333311111111333011111333330113301113301111111111
11111111110111113331111111133011111111133313303333331111111333333133303333300113333331111111330111111100330113301113301111111111
11111111111111133301111111133011111111333013333333001111113330333133013303300133303331111113330111111113330113301113301111111111
11111111111111333301111111133011111111330113333330111111113301133133033003300033011331111113330111111113301113301003301111111111
11111111111111333011111111333011111113330111330330111111133301133133010103300333011331111113301133111113301113300003301111111111
11111111111113330111111111333011111133301111001330111111133011133133011113300330111331111133300333000133301113300003301111111111
11111111111113330111111111333011111133311111111330111111333011333133011133303330113331111133013333000033301113300003301111111111
11111111111133301111111111330111111333011111111330111111330111333133011033303301113331111133033330000033011113300003301111111111
11111111111133011111331111330111111330111111113301111331330111330133301133003301103301331333333300000033011113330033301111111101
11011110111333011110330113330111113330111111113301111330333013330113330333003330133301330333333000000333011111333333011111111000
10000100013330100000330113330001133301111111113301100330333333301103333330003333333011330333330000000333000001333333011111110000
10000000003301000000030000330000033301111000003300000030033333000000333300000333330000030333000000000033000000033330011110000000
00000000000000000000300000000000000000000000000000000300000000000001000000001000000000300000000000000000000000000000000000000000
00000000000000000000000000000000000000000000000000000000000000000000000000000000000000000000000000000000000000000000000000000000
33303000333030303330330000003000000000000000000000000330033303000300000033300000000000000033303300333033003330333033300000300030
30303000303030303000303000033000000000000000000000000303030303000300000000300000000000000030003030300030300300030030000003300330
33303000333003003300330000003000000000000000000000000330033303000300000033300000000000000030003300330030300300030033300000300030
30003000303003003000303000003000000000000000000000000303030303000300000030000000000000000030003030300030300300030000300000300030
30003330303003003330303000033300000000000000000000000330030303330333000033300000000000000033303030333033003330030033300003330333

0x0019b348
00000000000000000000000000000000000000000000000000000000000000000000000000000000000000000000000000000000000000000000000000000000
00000000000000033330000000000330000033330000000000000000000333000000000000000003330100000000033300000000033000000330000000000000
00000000000003333330000000000330003333333000030000000000000330000000000330000003300100000000333330000003333300003333000000000000
00001010001333333000101010133330033300033000033000000000003300103000003300000033000030000003330333100033333300000333300000000000
01000000000333300000000000333330003001033000033000000101033000033001003300000330000330010003300033003333333300000033300000000000
10101010100330001010101010333300100010330010133000001010333010133010133010003330001330101013001033133330033010030013301010101010
01010101010330010101010113303301110103300101330101010111330111133101033000003300011331010133010133033301033000033103300000010101
10101010103330111010111113013301111033301010330111111111330111330110133010003300003300101033101333110010133010333013301010101011
01011111113301133311111110113301111333033111330113111111333011330111330100003330013301011110111330111111330101330103300101010111
10111111113303333331111111133301111333333311330113011111133303301111330110000333033011111111113301111111330111330013301010111111
11111111113333333331111111133301113333333311330113011111113333301111330111000033333011111111113301111111333313330113301111111111
11111111113333300331111111133011133330003311330113011111111333011113301111010003330111111111133301111113333313301113301111111111
11111111113330011331111111133011133001113313301133011111111133311113301133000000333111111111133011111133333013301113301111111111
11111111113001113331111111133011100111133313301133331111111133331113301333300000333311111111333011111333330113301113301111111111
11111111110111113331111111133011111111133313303333331111111333333133303333300003333331111111330111111100330113301113301111111111
11111111111111133301111111133011111111333013333333001111113330333133013303300033303331111113330111111113330113301113301111111111
11111111111111333301111111133011111111330113333330111111113301133133033013300033010331111113330111111113301113301003301111111111
11111111111111333011111111333011111113330111330330111111133301133133010113310333011331111113301133111113301113300003301111111111
11111111111113330111111111333011111133301111001330111111133011133133010103310330111331111133300333000133301113300003301111111111
11111111111113330111111111333011111133311111111330111111333011333133011133313330113331111133013333000033301113300003301111111111
11111111111133301111111111330111111333011111111330111111330111333133011133313301113330111133033330000033011113300003301111111111
11111111111133011111331111330111111330111111113301111331330111330133301033003301113301331333333300000033011113330033301111111101
11011110111333011110330113330111113330111111113301111330333013330113330333003330133301330333333000000333011111333333011111111000
10000100013330100000330113330001133301111111113301100330333333301103333330003333333011330333330000000333000001333333011111110000
10000000003301000000030000330000033301111000003300000030033333000000333300000333330000030333000000000033000000033330011110000000
00000000000000000000300000000000000000000000000000000300000000001000000000000000000010300000000000000000000000000000000000000000
00000000000000000000000000000000000000000000000000000000000000000000000000000000000000000000000000000000000000000000000000000000
33303000333030303330330000003000000000000000000000000330033303000300000033300000000000000033303300333033003330333033300000300030
30303000303030303000303000033000000000000000000000000303030303000300000000300000000000000030003030300030300300030030000003300330
33303000333003003300330000003000000000000000000000000330033303000300000033300000000000000030003300330030300300030033300000300030
30003000303003003000303000003000000000000000000000000303030303000300000030000000000000000030003030300030300300030000300000300030
30003330303003003330303000033300000000000000000000000330030303330333000033300000000000000033303030333033003330030033300003330333

0x0019b404
00000000000000000000000000000000000000000000000000000000000000000000000000000000000000000000000000000000000000000000000000000000
00000000000000033330000000000330000033330000000000000000000333000000000000100003330000000000033300000000033000000330000000000000
00000000000003333330000000000330003333333000030000000000000330000000000330000003300000100000333330000003333300003333000000000000
00001010001333333000101010133330033300033000033000000000003300103000003300111033000030000003330333100033333300000333300000000000
01000000000333300000000000333330003001033000033000000101033000033001003300011330000330110003300033003333333300000033300000000000
10101010100330001010101010333300100010330010133000001010333010133010133010113330000331101013001033133330033010030013301010101010
01010101010330010101010113303301110103300101330101010111330111133101033001003300000331010133010133033301033000033103300000010101
10101010103330111010111113013301111033301010330111111111330111330110133010113300003300101033101333110010133010333013301010101011
01011111113301133311111110113301111333033111330113111111333011330111330101113330003301111110111330111111330101330103300101010111
10111111113303333331111111133301111333333311330113011111133303301111330111111333033011111111113301111111330111330013301010111111
11111111113333333331111111133301113333333311330113011111113333301111330111111033333011111111113301111111333313330113301111111111
11111111113333300331111111133011133330003311330113011111111333011113301111111003330011111111133301111113333313301113301111111111
11111111113330011331111111133011133001113313301133011111111133311113301133111000333011111111133011111133333013301113301111111111
11111111113001113331111111133011100111133313301133331111111133331113301333311000333311111111333011111333330113301113301111111111
11111111110111113331111111133011111111133313303333331111111333333133303333311103333331111111330111111100330113301113301111111111
11111111111111133301111111133011111111333013333333001111113330333133013303301133303331111113330111111113330113301113301111111111
11111111111111333301111111133011111111330113333330111111113301133133033013310133000330111113330111111113301113301003301111111111
11111111111111333011111111333011111113330111330330111111133301133133010113311333000331111113301133111113301113300003301111111111
11111111111113330111111111333011111133301111001330111111133011133133011103311330000331111133300333000133301113300003301111111111
11111111111113330111111111333011111133311111111330111111333011333133011133303330003331111133013333000033301113300003301111111111
11111111111133301111111111330111111333011111111330111111330111333133011133313300003331100133033330000033011113300003301111111111
11111111111133011111331111330111111330111111113301111331330111330133300133013300103301330333333300000033011113330033301111111101
11011110111333011110330113330111113330111111113301111330333013330113330333013330033300330333333000000333011111333333011111111000
10000100013330100000330113330001133301111111113301100330333333301103333330003333333011330333330000000333000001333333011111110000
10000000003301000000030000330000033301111000003300000030033333000000333300100333330000030333000000000033000000033330011110000000
00000000000000000000300000000000000000000000000000000300000000000000000000000000000000300000000000000000000000000000000000000000
00000000000000000000000000000000000000000000000000000000000000000000000000000000000000000000000000000000000000000000000000000000
33303000333030303330330000003000000000000000000000000330033303000300000033300000000000000033303300333033003330333033300000300030
30303000303030303000303000033000000000000000000000000303030303000300000000300000000000000030003030300030300300030030000003300330
33303000333003003300330000003000000000000000000000000330033303000300000033300000000000000030003300330030300300030033300000300030
30003000303003003000303000003000000000000000000000000303030303000300000030000000000000000030003030300030300300030000300000300030
30003330303003003330303000033300000000000000000000000330030303330333000033300000000000000033303030333033003330030033300003330333

0x0019b4bf
00000000000000000000000000000000000000000000000000000000000000000000000000000000000000000000000000000000000000000000000000000000
00000000000000033330000000000330000033330000000033330000000000330000000033000000000000000100003333000033300000000330000000000000
00000000000003333330000000000330003333333000003333330000000000330000000033000100333000000100333333000033000000003333000000000000
00001010001333333000101010133330033300033000333333000000001033330000003333001013330000000033333300100330000300000333300000000000
01000000000333300000000000333330003001033000333300000101000333330001033333000033300030000033330000003300003300000033300000000000
10101010100330001010101010333300100010330010330000001010101333301010133330101333000330000133001010133300103310030013301010101010
01010101010330010101010113303301110103300101330101010111113303300101330330003330003330000133010101033001013300033103300000010101
10101010103330111010111113013301111033301013330111111111113013301110301330103300003330000333001010133010133010333013301010101011
01011111113301133311111110113301111333033113301133311111110113301111010330113301033330000330113331133301133001330103300101010111
10111111113303333331111111133301111333333313303333331111111133301111113330113301333330001330333333113330330111330013301010111111
11111111113333333331111111133301113333333313333333331111111133301111113330113303333300001333333333111333330113330113301111111111
11111111113333300331111111133011133330003313333300331111111133011111113301113333303300001333330033111133301113301113301111111111
11111111113330011331111111133011133001113313330011331111111133011111113301111333003300001333001133111113331113301113301111111111
11111111113001113331111111133011100111133313001113331111111133011111113301111000103300001300111333111113333113301113301111111111
11111111110111113331111111133011111111133310111113331111111133011111113301111111133000011011111333111133333313301113301111111111
11111111111111133301111111133011111111333011111133301111111133011111113301111111133000011111113330111333033313301113301111111111
11111111111111333301111111133011111111330111111333301111111133011111113301111101133000011101133330111330113313301003301111111111
11111111111111333011111111333011111113330111111333011111111333011111133301111111133000111111133301113330113313300003301111111111
11111111111113330111111111333011111133301111113330111111111333011111133301111111330000111111333000003301113313300003301111111111
11111111111113330111111111333011111133311111113330111111111333011111133301111111330000111111333000033301133313300003301111111111
11111111111133301111111111330111111333011111133301111111111330111111133011111111330001101103330000033001133313300003301111111111
11111111111133011111331111330111111330111111133011111331111330111111133011011101330001331113300000033000133013330033301111111101
11011110111333011110330113330111113330111111333011111330113330111111333010011113300001330133300000033300333011333333011111111000
10000100013330100000330113330001133301111113330111100330113330111100333010002113300011330333000000033333330001333333011111110000
10000000003301000000030000330000033301111003300110000030000330100000033000000011300000030330000000003333300000033330011110000000
00000000000000000000300000000000000000000000000000000300000000000000000000000000000000300000000000000000000000000000000000000000
00000000000000000000000000000000000000000000000000000000000000000000000000000000000000000000000000000000000000000000000000000000
33303000333030303330330000003000000000000000000000000330033303000300000033300000000000000033303300333033003330333033300000300030
30303000303030303000303000033000000000000000000000000303030303000300000000300000000000000030003030300030300300030030000003300330
33303000333003003300330000003000000000000000000000000330033303000300000033300000000000000030003300330030300300030033300000300030
30003000303003003000303000003000000000000000000000000303030303000300000030000000000000000030003030300030300300030000300000300030
30003330303003003330303000033300000000000000000000000330030303330333000033300000000000000033303030333033003330030033300003330333

0x0019b57b
00000000000000000000000000000000000000000000000000000000000000000000000000000000000000000000000000000000000000000000000000000000
00000000000000033330000000000330000033330000000033330000000000330000000033000000000000000000103333000033300000000330000000000000
00000000000003333330000000000330003333333000003333330000000000330000000033000010333000000000333333000033000000003333000000000000
00001010001333333000101010133330033300033000333333000000001033330000003333001013330000000033333300100330000300000333300000000000
01000000000333300000000000333330003001033000333300000101000333330001033333000033300030000033330000003300003300000033300000000000
10101010100330001010101010333300100010330010330000001010101333301010133330101333000330000033001010133300103310030013301010101010
01010101010330010101010113303301110103300101330101010111113303300101330330003330013330000033010101033001013300033103300000010101
10101010103330111010111113013301111033301013330111111111113013301110301330103300103330000333001010133010133010333013301010101011
01011111113301133311111110113301111333033113301133311111110113301111010330113301033330000330113331133301133001330103300101010111
10111111113303333331111111133301111333333313303333331111111133301111113330113301333330000330333333113330330111330013301010111111
11111111113333333331111111133301113333333313333333331111111133301111113330113303333300000333333333111333330113330113301111111111
11111111113333300331111111133011133330003313333300331111111133011111113301113333303300000333330033111133301113301113301111111111
11111111113330011331111111133011133001113313330011331111111133011111113301111333013300001333001133111113331113301113301111111111
11111111113001113331111111133011100111133313001113331111111133011111113301111000113300000300111333111113333113301113301111111111
11111111110111113331111111133011111111133310111113331111111133011111113301111111133010000001111333111133333313301113301111111111
11111111111111133301111111133011111111333011111133301111111133011111113301111111133010000001113330111333033313301113301111111111
11111111111111333301111111133011111111330111111333301111111133011111113301111111133010000011133330111330113313301003301111111111
11111111111111333011111111333011111113330111111333011111111333011111133301110111133010000011133301113330113313300003301111111111
11111111111113330111111111333011111133301111113330111111111333011111133301111110330110000011333000003301113313300003301111111111
11111111111113330111111111333011111133311111113330111111111333011111133300112111330110000011333000033301133313300003301111111111
11111111111133301111111111330111111333011111133301111111111330111111133011111111330100000113330000033001133313300003301111111111
11111111111133011111331111330111111330111111133011111331111330111111133011111101330100330113300000033000133013330033301111111101
11011110111333011110330113330111113330111111333011111330113330111111333010011113301100330133300000033300333011333333011111111000
10000100013330100000330113330001133301111113330111100330113330111100333000000113300100330333000000033333330001333333011111110000
10000000003301000000030000330000033301111003300110000030000330100000033000200011301000030330200000003333300000033330011110000000
00000000000000000000300000000000000000000000000000000300000000000000000000000020000000300000000000000000000000000000000000000000
00000000000000000000000000000000000000000000000000000000000000000000000000000000000000000000000000000000000000000000000000000000
33303000333030303330330000003000000000000000000000000330033303000300000033300000000000000033303300333033003330333033300000300030
30303000303030303000303000033000000000000000000000000303030303000300000000300000000000000030003030300030300300030030000003300330
33303000333003003300330000003000000000000000000000000330033303000300000033300000000000000030003300330030300300030033300000300030
30003000303003003000303000003000000000000000000000000303030303000300000030000000000000000030003030300030300300030000300000300030
30003330303003003330303000033300000000000000000000000330030303330333000033300000000000000033303030333033003330030033300003330333

0x0019b627
00000000000000000000000000000000000000000000000000000000000000000000000000000000000000000000000000000000000000000000000000000000
00000000000000033330000000000330000033330000000033330000000033300000000033000000000000000000003333000000000000000330000000000000
00000000000003333330000000000330003333333000003333330000000333330000000033000000333000000000333333000003330000003333000000000000
00001010001333333000101010133330033300033000333333000000003330333000003333001013330010000033333300100033300000000333300000000000
01000000000333300000000000333330003001033000333300000101003300033001033333000033300030000033330000000333000300000033300000000000
10101010100330001010101010333300100010330010330000001010103010133010133330101333001330000033000110103330103310030013301010101010
01010101010330010101010113303301110103300101330101010111133011133101330330003330013331000033000101033301033300033103300000010101
10101010103330111010111113013301111033301013330111111111133111333110301330103300103330100333000010133010133310333013301010101011
01011111113301133311111110113301111333033113301133311111110111330111010330113301033331010330003331133011333301330103300101010111
10111111113303333331111111133301111333333313303333331111111113301111113330113301333331110330333333133013333311330013301010111111
11111111113333333331111111133301113333333313333333331111111113301111113330113303333301110333333333133033333013330113301111111111
11111111113333300331111111133011133330003313333300331111111133301111113301113333303301111333330033133333033013301113301111111111
11111111113330011331111111133011133001113313330011331111111133011111113301111333013301111333000033113330133013301113301111111111
11111111113001113331111111133011100111133313001113331111111333011111113301111000113301111300000333110001133013301113301111111111
11111111110111113331111111133011111111133310111113331111111330111111113301111111133011111000000333111111330113301113301111111111
11111111111111133301111111133011111111333011111133301111113330111111113301111111133011111000003330111111330113301113301111111111
11111111111111333301111111133011111111330111111333301111113330111111113301111111133011111000033330111111330113301003301111111111
11111111111111333011111111333011111113330111111333011111113301133111133301111101133011110000033301111111330113300003301111111111
11111111111113330111111111333011111133301111113330111111133301333111133301111111330111110000333000000113301113300003301111111111
11111111111113330111111111333011111133311111113330111111133013333111133301111111330011110000333000000013301113300003301111111111
11111111111133301111111111330111111333011111133301111111133033330111133011111101330111110003330000000003301113300003301111111111
11111111111133011111331111330111111330111111133011111331333333301111133011111111330111330003300000000003301113330033301111111101
11011110111333011110330113330111113330111111333011111330333333011111333010011113301101330033300000000033011111333333011111111000
10000100013330100000330113330001133301111113330111100330333330111100333000000113301211330333000000000033000001333333011111110000
10000000003301000000030000330000033301111003300110000030333000100000033000000011300000030330200200000003000000033330011110000000
00000000000000000000300000000000000000000000000000000300000000000000000000000000000202300000000000000000000000000000000000000000
00000000000000000000000000000000000000000000000000000000000000000000000000000000000000000000000000000000000000000000000000000000
33303000333030303330330000003000000000000000000000000330033303000300000033300000000000000033303300333033003330333033300000300030
30303000303030303000303000033000000000000000000000000303030303000300000000300000000000000030003030300030300300030030000003300330
33303000333003003300330000003000000000000000000000000330033303000300000033300000000000000030003300330030300300030033300000300030
30003000303003003000303000003000000000000000000000000303030303000300000030000000000000000030003030300030300300030000300000300030
30003330303003003330303000033300000000000000000000000330030303330333000033300000000000000033303030333033003330030033300003330333

0x0019b6e2
00000000000000000000000000000000000000000000000000000000000000000000000000000000000000000000000000000000000000000000000000000000
00000000000000033330000000000330000033330000000033330000000000000000000000000000000000000000003333000000000000000330000000000000
00000000000003333330000000000330003333333000003333330000003000000000000330000000333010000000333333000003330000003333000000000000
00001010001333333000101010133330033300033000333333000000003300101000003300101013330010000033333300100033300000000333300000000000
01000000000333300000000000333330003001033000333300000101003300000001003300000033300031010033330000100333000300000033300000000000
10101010100330001010101010333300100010330010330000001010103300101010133010101333001330101033000000103330103310030013301010101010
01010101010330010101010113303301110103300101330101010111133011110101033001003330013331011133000001033301033300033103300000010101
10101010103330111010111113013301111033301013330111111111133011111110133010103300103330101333000000133010133310333013301010101011
01011111113301133311111110113301111333033113301133311111133011311111330101113301033331011330003330133011333301330103300101010111
10111111113303333331111111133301111333333313303333331111133011301111330111113301333331111330333333133013333311330013301010111111
11111111113333333331111111133301113333333313333333331111133011301111330111113303333301111333333333133033333013330113301111111111
11111111113333300331111111133011133330003313333300331111133011301113301111113333303301111333330033133333033013301113301111111111
11111111113330011331111111133011133001113313330011331111330113301113301133111333013301111333000033113330133013301113301111111111
11111111113001113331111111133011100111133313001113331111330113333113301333311000113301111300000333110001133013301113301111111111
11111111110111113331111111133011111111133310111113331111330333333133303333311111133011111011000333111111330113301113301111111111
11111111111111133301111111133011111111333011111133301111333333300133013303311111133011111111003330111111330113301113301111111111
11111111111111333301111111133011111111330111111333301111333333011133033013311111133011111011033330111111330113301003301111111111
11111111111111333011111111333011111113330111111333011111133033011133010113311111133011111011033301111111330113300003301111111111
11111111111113330111111111333011111133301111113330111111100133011133011113311111330111111110333000000113301113300003301111111111
11111111111113330111111111333011111133311111113330111111111133011133011133311111330111111110333000000013301113300003301111111111
11111111111133301111111111330111111333011111133301111111111133011133011133311111330111111103330000000003301113300003301111111111
11111111111133011111331111330111111330111111133011111331111330111133301133011111330111331103300000000003301113330033301111111101
11011110111333011110330113330111113330111111333011111330111330111113330333011113301111330133300000000033011111333333011111111000
10000100013330100000330113330001133301111113330111100330111330111103333330000113301112330333000000000033000001333333011111110000
10000000003301000000030000330000033301111003300110000030000330100000333300000011301000030330002002000003000000033330011110000000
00000000000000000000300000000000000000000000000000000300000000000000000000000000002000300000000020000000000000000000000000000000
00000000000000000000000000000000000000000000000000000000000000000000000000000000000000000000000000000000000000000000000000000000
33303000333030303330330000003000000000000000000000000330033303000300000033300000000000000033303300333033003330333033300000300030
30303000303030303000303000033000000000000000000000000303030303000300000000300000000000000030003030300030300300030030000003300330
33303000333003003300330000003000000000000000000000000330033303000300000033300000000000000030003300330030300300030033300000300030
30003000303003003000303000003000000000000000000000000303030303000300000030000000000000000030003030300030300300030000300000300030
30003330303003003330303000033300000000000000000000000330030303330333000033300000000000000033303030333033003330030033300003330333

